# Blender v2.62 (sub 0) OBJ File: ''
# www.blender.org
mtllib raptor.mtl
o Mesh_(null)
v 0.249218 0.064360 -1.119220
v 0.191910 0.080390 -1.169675
v 0.240941 0.064360 -1.174838
v -0.234076 0.074155 -1.229631
v -0.278634 0.035089 -1.213073
v -0.235864 0.101325 -1.214301
v -0.182172 0.137949 -1.214803
v -0.182172 0.122548 -1.232650
v -0.178862 0.094817 -1.237853
v -0.184410 0.068771 -1.232650
v -0.237353 0.045275 -1.214301
v -0.184410 0.053660 -1.214803
v -0.121994 0.044865 -1.215353
v -0.121994 0.058627 -1.239787
v -0.113571 0.098172 -1.246908
v -0.118929 0.143073 -1.239787
v -0.118929 0.160246 -1.215353
v -0.234076 0.074155 -1.196988
v -0.182172 0.122548 -1.193969
v -0.118929 0.143073 -1.186831
v -0.178862 0.094817 -1.188766
v -0.113571 0.098172 -1.179711
v -0.184410 0.068771 -1.193969
v -0.121994 0.058627 -1.186831
v -0.053585 0.096462 -1.354452
v 0.016840 0.163575 -1.339435
v -0.057507 0.161816 -1.366495
v 0.039241 0.097785 -1.320666
v 0.119960 0.208081 -1.301900
v 0.169020 0.131137 -1.268990
v -0.073980 0.098172 -1.376212
v -0.076801 0.143073 -1.384665
v -0.079707 0.058627 -1.385638
v -0.061540 0.039695 -1.367960
v 0.099800 0.043988 -1.309239
v 0.241117 0.064360 -1.257804
v -0.070657 0.044865 -1.412685
v 0.410343 0.408259 -1.148671
v 0.299646 0.264007 -1.097399
v 0.319875 0.251756 -1.135433
v 0.331950 0.204814 -1.097269
v 0.352377 0.232068 -1.174838
v 0.428448 0.391992 -1.202513
v 0.357540 0.216078 -1.214777
v 0.371195 0.215430 -1.258941
v 0.324526 0.173891 -1.214777
v 0.290001 0.114980 -1.282515
v 0.278427 0.114980 -1.214777
v 0.262554 0.049734 -1.292506
v 0.113459 0.027183 -1.346771
v -0.047882 0.022890 -1.405492
v -0.062905 0.058627 -1.435855
v 0.273261 0.130974 -1.174838
v 0.407643 0.403663 -1.272117
v -0.036178 0.039695 -1.437647
v 0.125162 0.043988 -1.378925
v 0.266479 0.064360 -1.327487
v 0.296851 0.130974 -1.316435
v 0.294760 0.130974 -1.110083
v 0.249215 0.049734 -1.214777
v 0.090552 0.027183 -1.214777
v 0.090552 0.043988 -1.248996
v -0.081140 0.022890 -1.214777
v -0.081140 0.039695 -1.248996
v -0.081140 0.039695 -1.174838
v -0.069045 0.096462 -1.159727
v 0.029736 0.097785 -1.159727
v 0.002270 0.163575 -1.174838
v 0.112009 0.208081 -1.174838
v 0.090552 0.043988 -1.174838
v 0.166760 0.131232 -1.164863
v 0.131768 0.197432 -1.130765
v 0.174356 0.223199 -1.139319
v 0.166760 0.131232 -1.258970
v 0.029736 0.097785 -1.265316
v 0.112009 0.208081 -1.248996
v 0.002270 0.163575 -1.248996
v 0.002270 0.186230 -1.214777
v -0.076850 0.184471 -1.214777
v -0.076850 0.161816 -1.174838
v -0.069045 0.096462 -1.265316
v -0.076850 0.161816 -1.248996
v 0.093692 0.221394 -1.214777
v 0.175304 0.287200 -1.248996
v 0.179438 0.287197 -1.280254
v 0.116410 0.221394 -1.345696
v 0.175887 0.300510 -1.324047
v 0.204803 0.287200 -1.349937
v 0.249550 0.364561 -1.333943
v 0.311575 0.248825 -1.321689
v 0.205624 0.377871 -1.313226
v 0.265508 0.453319 -1.297313
v 0.274443 0.190686 -1.335204
v 0.145326 0.208081 -1.371586
v 0.030498 0.186230 -1.376964
v 0.200184 0.131232 -1.362234
v 0.071425 0.097785 -1.409098
v -0.021402 0.096462 -1.442884
v -0.032145 0.161816 -1.436177
v -0.056377 0.120932 -1.437376
v -0.059999 0.143073 -1.434884
v -0.067752 0.160246 -1.411711
v -0.043846 0.184471 -1.404023
v 0.042202 0.163575 -1.409118
v -0.052657 0.098172 -1.439936
v 0.188633 0.377871 -1.214777
v 0.209178 0.364561 -1.260599
v 0.156987 0.300510 -1.214777
v 0.206950 0.364561 -1.174838
v 0.175304 0.287200 -1.174838
v 0.210634 0.266444 -1.130771
v 0.240645 0.366261 -1.131491
v 0.267942 0.457045 -1.132152
v 0.219504 0.458746 -1.214777
v 0.224605 0.280409 -1.097399
v 0.343094 0.431299 -1.140869
v -0.922932 1.635023 -1.209112
v -0.925819 1.784689 -1.166739
v -0.975937 1.737929 -1.174714
v -0.983142 1.635023 -1.182424
v -0.885860 1.472644 -1.216194
v -0.930477 1.472644 -1.191095
v -0.924418 1.436725 -1.190398
v -0.945288 1.395795 -1.190434
v -1.009335 1.265840 -1.220070
v -0.900687 1.371680 -1.215835
v -0.881345 1.422740 -1.215780
v -0.868449 1.472644 -1.253156
v -0.909818 1.659956 -1.250279
v -0.928014 1.661532 -1.289020
v -0.967549 1.782275 -1.247869
v -0.974247 1.657786 -1.305336
v -1.014485 1.764591 -1.275388
v -1.030180 1.643213 -1.305336
v -0.961380 1.472644 -1.300831
v -0.996400 1.472644 -1.285844
v -1.042985 1.311330 -1.187092
v -1.222921 1.127335 -1.226367
v -1.213947 1.118009 -1.250830
v -1.245915 1.151228 -1.209757
v -0.913984 1.433337 -1.302177
v -0.919649 1.472644 -1.301460
v -0.879488 1.422138 -1.288424
v -0.976181 1.412499 -1.301483
v -0.934464 1.389942 -1.302121
v -1.063718 1.307672 -1.302353
v -0.898769 1.370641 -1.288342
v -1.008032 1.264489 -1.282489
v -0.883280 1.362267 -1.253237
v -0.997524 1.253570 -1.252270
v -0.864484 1.417265 -1.253253
v -0.883941 1.472644 -1.287847
v -1.103729 1.366006 -1.280717
v -1.011192 1.431428 -1.286316
v -0.984957 1.472644 -1.202418
v -0.999749 1.425242 -1.201894
v -1.013160 1.472644 -1.244048
v -1.027945 1.440487 -1.244022
v -1.115078 1.377801 -1.244364
v -1.288526 1.195509 -1.244800
v -1.279887 1.186532 -1.272462
v -1.249427 1.158948 -1.282381
v -1.221931 1.126305 -1.273788
v -1.079940 1.349732 -1.208070
v -1.273991 1.180405 -1.217249
v -0.909818 1.659956 -0.599241
v -0.868449 1.472644 -0.596365
v -0.922932 1.635023 -0.640409
v -0.925822 1.784689 -0.682781
v -1.061353 1.973391 -0.648259
v -1.048314 1.921090 -0.612440
v -1.009244 1.965423 -0.648259
v -1.015785 1.913210 -0.612440
v -0.967715 1.916478 -0.648259
v -1.002136 1.876786 -0.612440
v -0.941096 1.858010 -0.648259
v -0.967549 1.782275 -0.601652
v -0.928014 1.661529 -0.560501
v -0.883941 1.472644 -0.561674
v -0.864484 1.417265 -0.596267
v -0.881345 1.422740 -0.633741
v -0.885860 1.472644 -0.633327
v -0.983142 1.635023 -0.667097
v -0.975937 1.737929 -0.674807
v -0.930477 1.472644 -0.658426
v -0.924418 1.436725 -0.659123
v -0.945288 1.395795 -0.659087
v -0.900687 1.371680 -0.633685
v -0.883280 1.362266 -0.596284
v -0.879488 1.422138 -0.561097
v -0.919649 1.472644 -0.548061
v -1.009335 1.265840 -0.629451
v -1.042985 1.311330 -0.662429
v -0.997524 1.253570 -0.597251
v -1.008032 1.264488 -0.567032
v -0.898769 1.370641 -0.561178
v -0.913984 1.433337 -0.547344
v -0.961380 1.472644 -0.548689
v -1.222918 1.127335 -0.623154
v -1.245912 1.151228 -0.639764
v -1.213947 1.118009 -0.598691
v -1.221931 1.126305 -0.575733
v -1.249427 1.158948 -0.567140
v -1.063715 1.307672 -0.547168
v -0.934464 1.389942 -0.547400
v -0.976181 1.412499 -0.548038
v -1.011192 1.431428 -0.563205
v -0.996400 1.472644 -0.563677
v -1.027945 1.440487 -0.605499
v -1.013160 1.472644 -0.605473
v -0.999749 1.425242 -0.647627
v -1.079940 1.349732 -0.641451
v -1.103729 1.366006 -0.568804
v -1.115078 1.377801 -0.605157
v -0.984957 1.472644 -0.647103
v -1.279887 1.186532 -0.577058
v -1.288526 1.195509 -0.604717
v -1.273988 1.180405 -0.632272
v -1.110205 1.607283 -0.607017
v -1.135219 1.718860 -0.653582
v -1.055372 1.616756 -0.668061
v -1.177790 1.777480 -0.732287
v -1.226889 1.883330 -0.724890
v -1.127779 1.722449 -0.701378
v -1.055372 1.719661 -0.681465
v -0.974247 1.657786 -0.544184
v -1.030180 1.643213 -0.544184
v -1.090722 1.618117 -0.562253
v -1.115436 1.729860 -0.601652
v -1.139352 1.803588 -0.648259
v -1.170223 1.864255 -0.648259
v -1.193204 1.950602 -0.694974
v -1.149493 1.929250 -0.648259
v -1.145574 2.001060 -0.694974
v -1.117120 1.963544 -0.648259
v -1.063526 2.015545 -0.681661
v -1.014485 1.764591 -0.574133
v -1.046770 1.873098 -0.597104
v -1.082158 1.904142 -0.612440
v -1.090120 1.879183 -0.612440
v -1.091295 1.855886 -0.603991
v -1.071275 1.749795 -0.574133
v -1.494088 2.126744 -0.924759
v -1.445113 2.043084 -0.924759
v -1.485968 2.128191 -0.884950
v -1.485968 2.128187 -0.964571
v -1.417223 2.044530 -0.989650
v -1.368850 2.044530 -1.046586
v -1.428595 2.128187 -1.021504
v -1.375411 2.141634 -1.070577
v -1.343071 1.963655 -1.046586
v -1.315992 2.058162 -1.113080
v -1.309243 2.162599 -1.082652
v -1.270411 2.098984 -1.118875
v -1.195966 2.129067 -1.117520
v -1.231211 2.179185 -1.082652
v -1.085598 2.105802 -1.056398
v -1.155118 2.181870 -1.056398
v -1.100605 2.178765 -1.010217
v -0.866204 2.105802 -1.066857
v -1.082416 2.079870 -1.151749
v -1.029463 2.136191 -1.010217
v -1.078735 2.183515 -0.924759
v -1.375411 2.141634 -0.778943
v -1.368850 2.044530 -0.802931
v -1.315992 2.058162 -0.736441
v -1.428595 2.128190 -0.828016
v -1.417223 2.044530 -0.859871
v -1.420695 1.962209 -0.924759
v -1.384743 1.963655 -0.989650
v -1.316693 1.871773 -1.046586
v -1.278040 1.969098 -1.119797
v -1.232176 2.036344 -1.154547
v -1.161369 2.079870 -1.151749
v -1.346081 1.871773 -0.989650
v -1.363401 1.870326 -0.924759
v -1.384743 1.963655 -0.859871
v -1.343071 1.963655 -0.802931
v -1.145571 2.001060 -1.154547
v -1.193204 1.950602 -1.154547
v -1.226889 1.883330 -1.124631
v -1.264548 1.776086 -1.046586
v -1.301907 1.776086 -0.989650
v -1.311002 1.774640 -0.924759
v -1.346081 1.871773 -0.859871
v -1.316693 1.871773 -0.802931
v -1.278043 1.969098 -0.729724
v -1.232176 2.036344 -0.694974
v -1.270411 2.098984 -0.730642
v -1.161369 2.079870 -0.697772
v -1.177790 1.777477 -1.117233
v -0.866204 1.513469 -0.708847
v -1.035900 1.563057 -0.740206
v -1.043262 1.525867 -0.832769
v -1.160721 1.637525 -0.802934
v -1.198080 1.637525 -0.859871
v -1.301907 1.776086 -0.859871
v -1.264548 1.776086 -0.802931
v -1.082416 2.079870 -0.697772
v -0.986863 2.003822 -0.700612
v -0.955194 2.056354 -0.717075
v -1.160483 1.696093 -0.744874
v -1.054477 1.655561 -0.705482
v -0.929151 1.669024 -0.665888
v -0.844764 1.732332 -0.669774
v -0.656371 1.657659 -0.638907
v -0.812874 1.846440 -0.680703
v -0.656371 1.847821 -0.664712
v -0.471340 1.625202 -0.619030
v -0.400341 1.815364 -0.644839
v -0.656371 1.995919 -0.684439
v -0.866204 1.993887 -0.707961
v -0.866204 2.105802 -0.782663
v -0.925763 1.931813 -0.695225
v -0.886599 1.845788 -0.688237
v -0.656371 1.500417 -0.685325
v -0.419700 1.467960 -0.665448
v -0.363024 1.617713 -0.622998
v -0.292442 1.778268 -0.648803
v -0.309430 1.963463 -0.672657
v -0.656371 2.107835 -0.782663
v -0.840497 2.136190 -0.839303
v -0.646293 2.138223 -0.839303
v -0.818626 2.156344 -0.924759
v -0.637719 2.158374 -0.924759
v -0.646293 2.138223 -1.010217
v -0.390266 2.105766 -1.010217
v -0.400341 2.075378 -1.066857
v -0.163233 2.038282 -1.066857
v -0.163233 1.926364 -0.670380
v -1.195966 2.129066 -0.732001
v -1.085598 2.105802 -0.793123
v -1.029463 2.136190 -0.839303
v -1.007593 2.147357 -0.924759
v -0.840497 2.136191 -1.010217
v -0.656371 2.107835 -1.066857
v -0.309430 1.963463 -1.176863
v -0.163233 1.926364 -1.179140
v 0.065017 2.050384 -1.045146
v 0.078956 2.008731 -1.129145
v 0.395958 2.010698 -1.045146
v -0.292442 1.778268 -1.200718
v -0.400341 1.815364 -1.204682
v -0.656371 1.995919 -1.165081
v -1.100605 2.178765 -0.839303
v -1.155118 2.181869 -0.793123
v -1.231211 2.179185 -0.766868
v -1.309243 2.162598 -0.766868
v -0.656371 1.372534 -0.805596
v -0.855781 1.438005 -0.805596
v -0.656371 1.326259 -0.924759
v -0.400341 1.303545 -0.924759
v -0.656371 1.372534 -1.043925
v -0.400341 1.349820 -1.063798
v -0.656371 1.500417 -1.164196
v -0.419700 1.467960 -1.184072
v -0.656371 1.657659 -1.210614
v -0.471340 1.625202 -1.230490
v -0.656371 1.847821 -1.184808
v -0.866204 1.993887 -1.141560
v -0.955194 2.056355 -1.132445
v -0.855588 1.395961 -0.924759
v -0.855781 1.438005 -1.043925
v -0.866204 1.513469 -1.140674
v -0.844764 1.732332 -1.179743
v -0.812874 1.846440 -1.168818
v -0.929151 1.669024 -1.183632
v -1.127779 1.722449 -1.148143
v -1.160483 1.696093 -1.104646
v -1.054477 1.655561 -1.144038
v -1.055372 1.719661 -1.168055
v -0.886599 1.845791 -1.161283
v -0.925763 1.931814 -1.154293
v -0.986863 2.003822 -1.148908
v -1.063526 2.015545 -1.167860
v -1.043262 1.525867 -0.924759
v -1.043262 1.525867 -1.016748
v -1.035900 1.563057 -1.109314
v -1.160721 1.637525 -1.046586
v -1.198080 1.637525 -0.989650
v -1.207175 1.636079 -0.924759
v -0.150617 1.390007 -0.755220
v -0.292442 1.321428 -0.789687
v 0.106093 1.344223 -0.856672
v -0.400341 1.349820 -0.785722
v -0.150617 1.428744 -0.711183
v 0.106093 1.383713 -0.787260
v -0.292442 1.460468 -0.669416
v -0.400341 2.075378 -0.782663
v -0.163233 2.038282 -0.782663
v 0.065017 2.050383 -0.804374
v 0.078953 2.008731 -0.720375
v 0.395958 2.010698 -0.804374
v 0.338409 1.977619 -0.720375
v 0.534868 1.888030 -0.748715
v 0.447318 1.890933 -0.693759
v 0.551513 1.764665 -0.748715
v 0.460364 1.794217 -0.693759
v 0.483541 1.522945 -0.742565
v 0.409965 1.533893 -0.690622
v 0.241576 1.379544 -0.863620
v -0.153158 2.068671 -1.010217
v 0.075096 2.068671 -1.010217
v 0.406034 2.028986 -1.010217
v 0.083669 2.088821 -0.924759
v 0.414607 2.049136 -0.924759
v 0.406034 2.028986 -0.839303
v 0.075096 2.068671 -0.839303
v -0.153158 2.068671 -0.839303
v -0.390266 2.105766 -0.839303
v -0.381692 2.125917 -0.924759
v -0.144585 2.088821 -0.924759
v 0.350856 1.522945 -0.599023
v 0.398701 1.763454 -0.621476
v 0.388688 1.840195 -0.621476
v 0.289848 1.959915 -0.661634
v -0.064986 1.579279 -0.512685
v -0.019487 1.277427 -0.540481
v 0.166766 1.533802 -0.529640
v 0.053955 1.793151 -0.552791
v -0.071055 1.715534 -0.542686
v -0.124379 1.804869 -0.581088
v -0.201296 1.634665 -0.524526
v -0.201296 1.804881 -0.615427
v -0.099997 1.920989 -0.632343
v 0.090715 1.983792 -0.661634
v 0.289848 1.906728 -0.604274
v 0.289848 1.781607 -0.552791
v 0.327188 1.696468 -0.561817
v 0.090715 1.930605 -0.604274
v -0.046631 1.863261 -0.594072
v -0.298410 1.320334 -0.669416
v -0.330222 1.325855 -0.624177
v -0.328935 1.495876 -0.617011
v -0.303149 1.495876 -0.579368
v -0.216329 1.500863 -0.519767
v -0.189404 1.302955 -0.519767
v -0.090349 1.125041 -0.539634
v -0.029546 1.146208 -0.554784
v 0.150329 1.012667 -0.519001
v 0.080643 1.184568 -0.582241
v 0.103755 1.258912 -0.582241
v 0.246391 1.374022 -0.590189
v 0.129439 1.194408 -0.649774
v 0.150694 1.263912 -0.649774
v 0.277144 1.379537 -0.654490
v -0.301107 1.318705 -0.579368
v -0.286755 1.259270 -0.579368
v -0.251057 1.199838 -0.579368
v 0.259772 1.384971 -0.735610
v 0.101771 1.269857 -0.735610
v 0.078659 1.195513 -0.735610
v 0.006638 1.277769 -0.744946
v -0.079804 1.139436 -0.734799
v -0.123692 1.288606 -0.731988
v -0.280175 1.206992 -0.624177
v -0.288996 1.146511 -0.624177
v -0.260226 1.146511 -0.579368
v -0.243552 1.073633 -0.564449
v -0.272666 1.077946 -0.624177
v -0.133803 0.962939 -0.624177
v -0.106743 0.974519 -0.564449
v 0.087383 0.835577 -0.576925
v -0.315870 1.266420 -0.624177
v 0.064516 0.822857 -0.625275
v 0.276173 0.711192 -0.627421
v 0.304894 0.667537 -0.670015
v 0.342247 0.744197 -0.702632
v 0.367928 0.680280 -0.705016
v 0.288261 0.718180 -0.670015
v 0.291454 0.663751 -0.627421
v 0.088454 0.836932 -0.682788
v -0.104961 0.976770 -0.695231
v -0.240854 1.074616 -0.669416
v -0.257451 1.146511 -0.669416
v -0.248363 1.201467 -0.669416
v -0.284058 1.260899 -0.669416
v 0.171141 0.869217 -0.713899
v 0.119869 1.006999 -0.759037
v -0.201296 1.804881 -1.234093
v -0.201296 1.634665 -1.324995
v -0.363024 1.617713 -1.226523
v -0.099997 1.920989 -1.217177
v 0.101774 1.269857 -1.113911
v 0.150694 1.263912 -1.199747
v 0.259772 1.384967 -1.113911
v 0.277144 1.379537 -1.195030
v 0.409965 1.533893 -1.158899
v 0.350856 1.522945 -1.250498
v 0.460367 1.794217 -1.155762
v 0.398701 1.763454 -1.228044
v 0.447318 1.890933 -1.155762
v 0.388688 1.840195 -1.228044
v 0.338409 1.977619 -1.129145
v 0.289848 1.959915 -1.187886
v 0.090715 1.983792 -1.187886
v -0.046631 1.863261 -1.255449
v -0.124379 1.804869 -1.268433
v -0.071055 1.715530 -1.306835
v 0.246391 1.374023 -1.259332
v 0.053955 1.793152 -1.296730
v 0.090715 1.930605 -1.245247
v 0.289848 1.906728 -1.245247
v 0.289848 1.781607 -1.296730
v -0.064986 1.579279 -1.336836
v 0.166769 1.533802 -1.319881
v 0.327188 1.696468 -1.287704
v 0.103758 1.258912 -1.267280
v 0.129439 1.194408 -1.199747
v 0.078660 1.195513 -1.113911
v 0.080643 1.184568 -1.267280
v -0.019487 1.277427 -1.309040
v -0.029542 1.146208 -1.294737
v -0.150617 1.428744 -1.138338
v -0.292442 1.460471 -1.180105
v -0.298410 1.320334 -1.180105
v -0.330222 1.325855 -1.225344
v -0.328935 1.495876 -1.232510
v -0.303149 1.495876 -1.270153
v -0.216329 1.500863 -1.329754
v -0.189403 1.302955 -1.329754
v -0.090345 1.125042 -1.309887
v 0.150329 1.012667 -1.330519
v 0.208891 1.087598 -1.267280
v 0.203126 1.162570 -1.199747
v 0.257691 1.097438 -1.199747
v 0.292858 1.003103 -1.201561
v -0.260226 1.146511 -1.270153
v -0.251057 1.199838 -1.270153
v -0.280175 1.206992 -1.225344
v -0.286755 1.259270 -1.270153
v -0.301107 1.318705 -1.270153
v -0.315870 1.266420 -1.225344
v -0.284058 1.260899 -1.180105
v 0.464540 0.665325 -1.274332
v 0.464221 0.536650 -1.210923
v 0.369876 0.672100 -1.299639
v 0.350104 0.738656 -1.299639
v 0.287561 0.717141 -1.282098
v 0.175727 0.858558 -1.305121
v 0.087383 0.835577 -1.272593
v -0.106743 0.974519 -1.285072
v -0.243552 1.073633 -1.285072
v -0.288996 1.146511 -1.225344
v -0.248363 1.201467 -1.180105
v -0.123692 1.288606 -1.117533
v 0.303959 0.666703 -1.282098
v 0.276173 0.711193 -1.222099
v 0.064516 0.822857 -1.224246
v -0.133803 0.962939 -1.225344
v -0.272666 1.077946 -1.225344
v -0.257451 1.146511 -1.180105
v -0.240854 1.074616 -1.180105
v -0.104961 0.976770 -1.154290
v 0.088455 0.836932 -1.166733
v 0.288262 0.718180 -1.179505
v 0.291454 0.663752 -1.222100
v 0.304894 0.667537 -1.179505
v 0.273649 0.557156 -1.222100
v -0.079804 1.139436 -1.114722
v 0.119869 1.006999 -1.090483
v 0.171141 0.869217 -1.135621
v 0.342247 0.744194 -1.146889
v 0.367928 0.680280 -1.144504
v -1.046141 0.647582 -0.592469
v -1.059767 0.654585 -0.592469
v -1.047232 0.641529 -0.578775
v -1.021707 0.622858 -0.579743
v -1.020326 0.637448 -0.590877
v -0.987501 0.645060 -0.594059
v -1.047353 0.640855 -0.601610
v -1.063340 0.648842 -0.601642
v -1.070722 0.671882 -0.601734
v -1.067259 0.677449 -0.592469
v -1.062979 0.649425 -0.578808
v -1.070360 0.672465 -0.578899
v -1.004505 0.806677 -0.762484
v -1.007244 0.753070 -0.777273
v -1.019648 0.773341 -0.772279
v -0.992032 0.786507 -0.767286
v -0.976227 0.746324 -0.780257
v -0.974911 0.782706 -0.768927
v -0.945757 0.770751 -0.771800
v -0.947236 0.782742 -0.757917
v -0.916932 0.797074 -0.753246
v -1.010635 0.738943 -0.767715
v -1.023052 0.759148 -0.762653
v -0.974930 0.731656 -0.771067
v -0.940353 0.749275 -0.768751
v -1.004381 0.748760 -0.752907
v -1.016785 0.769035 -0.747914
v -0.973716 0.742571 -0.755757
v -0.944343 0.768536 -0.756354
v -1.170223 1.864255 -1.201262
v -1.091295 1.855886 -1.245530
v -1.071275 1.749795 -1.275388
v -1.115436 1.729860 -1.247869
v -1.139352 1.803588 -1.201262
v -1.135219 1.718860 -1.195939
v -1.055372 1.616756 -1.181460
v -1.110205 1.607283 -1.242504
v -1.090722 1.618117 -1.287267
v -0.941096 1.858010 -1.201262
v -1.002133 1.876786 -1.237080
v -0.967715 1.916478 -1.201262
v -1.015785 1.913210 -1.237080
v -1.009244 1.965423 -1.201262
v -1.048314 1.921090 -1.237080
v -1.061353 1.973391 -1.201262
v -1.117120 1.963544 -1.201262
v -1.149493 1.929250 -1.201262
v -1.090120 1.879183 -1.237080
v -1.046770 1.873098 -1.252416
v -1.082158 1.904142 -1.237080
v -0.991152 0.781328 -0.465798
v -1.016785 0.769031 -0.462938
v -1.003625 0.801498 -0.470600
v -1.004381 0.748760 -0.457945
v -1.023052 0.759145 -0.448195
v -1.010635 0.738942 -0.443133
v -0.973716 0.742571 -0.455091
v -0.974931 0.731656 -0.439784
v -0.944343 0.768536 -0.454498
v -0.940353 0.749272 -0.442100
v -0.916932 0.797071 -0.457603
v -0.973774 0.777494 -0.464137
v -0.947236 0.782742 -0.452931
v -1.318627 0.778967 -0.625435
v -1.324973 0.932951 -0.630702
v -1.267708 0.792915 -0.627933
v -1.246551 0.764377 -0.616705
v -1.279965 0.734845 -0.617721
v -1.197175 0.735480 -0.610711
v -1.216846 0.702502 -0.609929
v -1.112788 0.707254 -0.614483
v -1.137303 0.666331 -0.611972
v -1.088843 0.691078 -0.613079
v -1.113830 0.649487 -0.607936
v -1.091146 0.642458 -0.600053
v -1.124557 0.635503 -0.582720
v -1.099563 0.631480 -0.587287
v -1.282617 0.931932 -0.626317
v -1.281454 1.038710 -0.632568
v -1.326843 1.024654 -0.637018
v -1.147499 0.653083 -0.585971
v -1.224618 0.692449 -0.586531
v -1.291584 0.726900 -0.588981
v -1.334641 0.776690 -0.590437
v -1.358459 0.934759 -0.599216
v -1.116133 0.649194 -0.561661
v -1.092918 0.642233 -0.575208
v -1.139606 0.666038 -0.565697
v -1.218749 0.702261 -0.566729
v -1.282200 0.735262 -0.566570
v -1.320807 0.780595 -0.564172
v -1.326328 0.934792 -0.575671
v -1.330100 1.020390 -0.565101
v -1.364583 1.076793 -0.599450
v -1.048493 0.758008 -0.766302
v -1.040069 0.768820 -0.738757
v -1.074679 0.768689 -0.759523
v -1.066568 0.778524 -0.731363
v -1.158669 0.787898 -0.750923
v -1.152304 0.794638 -0.725965
v -1.231570 0.804443 -0.741483
v -1.220726 0.809023 -0.711724
v -1.284809 0.841398 -0.729874
v -1.268085 0.840375 -0.695150
v -1.325501 0.956014 -0.688954
v -1.312660 0.950672 -0.658504
v -1.351130 1.083431 -0.655869
v -1.355381 1.152020 -0.604835
v -1.297451 1.141683 -0.649833
v -1.341283 1.090871 -0.679133
v -1.316878 0.962343 -0.708541
v -1.273525 0.853591 -0.754784
v -1.225452 0.819059 -0.761709
v -1.156177 0.802547 -0.768302
v -1.070966 0.786902 -0.776722
v -1.044467 0.777198 -0.784117
v -1.027137 0.823636 -0.772126
v -1.260411 1.122983 -0.657312
v -1.300161 1.099940 -0.690456
v -1.272880 0.970109 -0.709349
v -1.223465 0.876793 -0.744914
v -1.196832 0.855216 -0.752585
v -1.142411 0.839066 -0.757191
v -1.054066 0.833115 -0.767445
v -0.973774 0.777494 -1.102806
v -0.944343 0.768536 -1.093168
v -0.973716 0.742571 -1.093764
v -1.004381 0.748761 -1.096614
v -0.991153 0.781331 -1.104471
v -1.016785 0.769035 -1.101608
v -1.003625 0.801498 -1.109269
v -1.040069 0.768820 -1.110764
v -1.021707 0.622858 -1.269778
v -0.987501 0.645060 -1.255462
v -1.021505 0.601805 -1.262264
v -1.057066 0.604903 -1.274665
v -1.059255 0.592528 -1.262690
v -1.085628 0.619070 -1.274577
v -1.092247 0.608366 -1.262576
v -1.092918 0.642233 -1.274313
v -1.099563 0.631480 -1.262234
v -0.947236 0.782742 -1.091604
v -0.916932 0.797074 -1.096275
v -0.974585 0.785996 -1.095236
v -0.974911 0.782706 -1.080594
v -0.989439 0.789459 -1.096666
v -0.992032 0.786507 -1.082236
v -1.001983 0.809449 -1.101344
v -1.004505 0.806677 -1.087037
v -1.004505 0.806677 -1.401153
v -1.019649 0.773341 -1.410949
v -1.027137 0.823636 -1.410795
v -1.044467 0.777198 -1.422786
v -1.054066 0.833115 -1.406114
v -1.070966 0.786902 -1.415392
v -1.142411 0.839066 -1.395860
v -1.156177 0.802547 -1.406971
v -1.196833 0.855216 -1.391254
v -1.225452 0.819059 -1.400381
v -1.223465 0.876794 -1.383583
v -1.273525 0.853591 -1.393456
v -1.272880 0.970112 -1.348018
v -1.316878 0.962343 -1.347214
v -1.300161 1.099940 -1.329129
v -1.336022 1.090871 -1.327826
v -1.320436 1.145615 -1.286202
v -1.281057 1.124149 -1.298779
v -1.243108 1.106552 -1.275648
v -1.289725 1.096894 -1.305467
v -1.263913 0.967565 -1.328018
v -1.213739 0.875422 -1.355041
v -1.191015 0.856490 -1.365928
v -1.139261 0.840688 -1.372807
v -1.050216 0.834649 -1.376674
v -1.023248 0.824808 -1.379996
v -1.001984 0.809446 -1.386847
v -1.025111 0.813245 -1.363889
v -1.052040 0.822727 -1.359208
v -1.003625 0.801498 -1.378922
v -1.271467 0.960539 -1.301678
v -1.221687 0.865122 -1.328523
v -1.195090 0.845177 -1.345351
v -1.140737 0.830486 -1.357126
v -1.067259 0.677449 -1.257052
v -1.088843 0.691078 -1.236442
v -1.070722 0.671882 -1.247787
v -1.084315 0.698358 -1.254420
v -1.112788 0.707255 -1.235038
v -1.108211 0.714607 -1.254420
v -1.197175 0.735480 -1.238810
v -1.193341 0.741640 -1.256117
v -1.246551 0.764377 -1.232816
v -1.239928 0.769992 -1.255013
v -1.267708 0.792915 -1.221588
v -1.257561 0.795462 -1.249211
v -1.282617 0.931932 -1.223204
v -1.273620 0.931492 -1.250022
v -1.281454 1.038710 -1.216953
v -1.269958 1.073030 -1.250208
v -1.256157 1.032726 -1.285671
v -1.070360 0.672465 -1.270622
v -1.088370 0.691837 -1.284521
v -1.112316 0.708013 -1.283118
v -1.196784 0.736105 -1.278512
v -1.245883 0.764940 -1.279831
v -1.266691 0.793169 -1.277889
v -1.281737 0.931890 -1.270537
v -1.023248 0.824808 -1.108194
v -1.025111 0.813245 -1.124302
v -1.052040 0.822727 -1.128986
v -1.050216 0.834649 -1.111517
v -1.140737 0.830486 -1.131064
v -1.139261 0.840688 -1.115383
v -1.195090 0.845177 -1.142840
v -1.191015 0.856490 -1.122263
v -1.221687 0.865122 -1.159668
v -1.213735 0.875422 -1.133149
v -1.271467 0.960535 -1.186515
v -1.263913 0.967565 -1.160173
v -1.281021 1.087607 -1.182727
v -1.244453 1.107230 -1.225546
v -1.231690 1.100787 -1.251055
v -1.027137 0.823636 -1.077395
v -1.054066 0.833115 -1.082076
v -1.142411 0.839066 -1.092330
v -1.196833 0.855216 -1.096936
v -1.223465 0.876794 -1.104608
v -1.272880 0.970109 -1.140172
v -1.300161 1.099940 -1.159065
v -1.260411 1.122983 -1.192209
v -1.326843 1.024654 -1.212503
v -1.312660 0.950672 -1.191017
v -1.268085 0.840376 -1.154371
v -1.220726 0.809023 -1.137797
v -1.152304 0.794638 -1.123556
v -1.066568 0.778524 -1.118158
v -1.841948 2.518299 -1.066495
v -1.759627 2.523589 -1.098493
v -1.807609 2.518280 -1.087678
v -1.853845 2.513159 -1.077258
v -1.918032 2.495335 -1.064111
v -1.908625 2.500465 -1.051821
v -2.000096 2.459522 -1.046124
v -1.994796 2.463187 -1.031494
v -2.076111 2.426564 -1.039042
v -2.073899 2.428359 -1.023537
v -2.172821 2.415840 -1.024608
v -2.173215 2.416684 -1.007556
v -2.236552 2.423521 -1.017028
v -2.233624 2.424156 -0.997318
v -2.302984 2.422375 -0.964571
v -2.293974 2.422847 -0.948082
v -1.693970 2.522950 -0.764073
v -1.693570 2.529664 -0.885956
v -1.693967 2.483279 -0.924759
v -1.693967 2.528775 -0.924759
v -1.693570 2.529664 -0.963564
v -1.693970 2.522951 -1.085444
v -1.693003 2.569988 -1.010263
v -1.693964 2.575975 -0.924759
v -1.693003 2.569988 -0.839258
v -1.759627 2.516495 -1.096340
v -1.693970 2.525987 -1.111024
v -2.173215 2.409586 -1.007556
v -2.236552 2.373725 -0.924759
v -2.172821 2.366044 -0.924759
v -2.073899 2.421264 -1.023537
v -2.076111 2.376761 -0.924759
v -1.994796 2.456095 -1.031494
v -2.000096 2.409726 -0.924759
v -1.908625 2.493370 -1.051821
v -1.918032 2.445535 -0.924759
v -1.841948 2.511201 -1.066495
v -1.853845 2.463363 -0.924759
v -1.763640 2.473288 -0.924759
v -1.759627 2.516494 -0.753180
v -1.693970 2.525986 -0.738496
v -1.841948 2.511201 -0.783025
v -1.908625 2.493370 -0.797700
v -1.994796 2.456095 -0.818023
v -2.073899 2.421264 -0.825984
v -2.173215 2.409586 -0.841965
v -2.233624 2.417058 -0.852203
v -2.293974 2.415749 -0.901439
v -2.295150 2.415280 -0.924759
v -2.309919 2.413834 -0.924759
v -2.293974 2.415749 -0.948082
v -2.233624 2.417059 -0.997318
v -1.853845 2.330222 -1.075958
v -1.743470 2.309186 -0.964571
v -1.924127 2.339086 -0.964571
v -1.918032 2.338021 -1.062811
v -1.853845 2.343376 -1.084636
v -1.918032 2.351177 -1.071492
v -2.000096 2.340646 -1.044824
v -2.075310 2.341646 -0.964571
v -1.763640 2.345617 -1.103243
v -1.918032 2.351177 -0.778028
v -1.853845 2.343375 -0.764884
v -1.918035 2.417342 -0.780364
v -2.000096 2.353799 -0.796019
v -2.000096 2.340646 -0.804697
v -2.149911 2.341450 -0.825987
v -2.075310 2.341649 -0.884950
v -2.210639 2.342929 -0.884950
v -2.075356 2.340203 -0.924759
v -2.217568 2.341483 -0.924759
v -2.210639 2.342929 -0.964571
v -2.149911 2.341450 -1.023533
v -2.000096 2.353800 -1.053502
v -1.918032 2.417342 -1.069154
v -1.853942 2.427626 -1.082281
v -1.999975 2.388794 -1.051192
v -2.075873 2.373474 -1.044124
v -2.149911 2.354604 -1.032211
v -2.172821 2.393957 -1.024420
v -2.076111 2.404674 -1.038853
v -2.000096 2.437636 -1.045931
v -1.918032 2.473451 -1.063922
v -1.853845 2.491276 -1.077069
v -1.763875 2.433346 -1.100858
v -1.763640 2.501201 -1.095672
v -1.693964 2.451613 -1.116520
v -1.693964 2.511191 -1.108396
v -1.590668 2.489100 -1.113878
v -1.618548 2.546785 -1.113878
v -1.574573 2.566952 -1.116422
v -1.576316 2.481201 -1.092363
v -1.527177 2.582298 -1.110318
v -1.450384 2.494448 -1.094620
v -1.598867 2.435802 -1.113878
v -1.693967 2.355607 -1.115963
v -1.624490 2.383527 -1.113878
v -1.584518 2.427899 -1.092363
v -1.465068 2.412668 -1.082652
v -1.349645 2.418414 -1.082652
v -1.434217 2.584467 -1.107793
v -1.297546 2.582294 -1.062332
v -1.306621 2.619302 -1.054938
v -1.241785 2.579190 -1.010217
v -1.270021 2.653479 -1.010217
v -1.236032 2.579190 -0.964571
v -1.270828 2.653479 -0.964571
v -1.219912 2.583940 -0.924759
v -1.611167 2.370500 -1.092363
v -1.213289 2.417993 -0.964571
v -1.219039 2.417993 -1.010217
v -1.263884 2.421098 -1.056397
v -1.306083 2.290570 -1.082652
v -1.384115 2.273986 -1.082652
v -1.175477 2.290149 -1.010217
v -1.229990 2.293257 -1.056398
v -1.519982 2.334476 -1.083942
v -1.450286 2.246051 -1.070577
v -1.169728 2.290149 -0.964571
v -1.197168 2.422743 -0.924759
v -1.213289 2.417993 -0.884950
v -1.236032 2.579190 -0.884950
v -1.384115 2.273986 -0.766868
v -1.306083 2.290570 -0.766868
v -1.229990 2.293257 -0.793123
v -1.263884 2.421098 -0.793123
v -1.219039 2.417993 -0.839303
v -1.175477 2.290149 -0.839303
v -1.169728 2.290149 -0.884950
v -1.153607 2.294899 -0.924759
v -1.241785 2.579190 -0.839303
v -1.297546 2.582294 -0.787185
v -1.349645 2.418413 -0.766868
v -1.465068 2.412667 -0.766868
v -1.450286 2.246050 -0.778943
v -1.513011 2.218626 -0.828013
v -1.561384 2.218626 -0.884950
v -1.569504 2.210916 -0.924759
v -1.561384 2.218626 -0.964571
v -1.585674 2.281208 -1.021507
v -1.513011 2.218626 -1.021507
v -1.634050 2.292345 -0.964571
v -1.695097 2.324430 -1.021507
v -1.763640 2.332460 -1.094565
v -1.693967 2.342454 -1.107285
v -1.634093 2.276748 -0.924759
v -1.775520 2.297788 -0.924759
v -1.924169 2.337639 -0.924759
v -1.924127 2.339086 -0.884950
v -1.918032 2.338020 -0.786709
v -1.853845 2.330222 -0.773562
v -1.743470 2.309186 -0.884950
v -1.634050 2.292345 -0.884950
v -1.695094 2.324430 -0.828013
v -1.585674 2.281208 -0.828013
v -1.611167 2.370500 -0.757158
v -1.519982 2.334476 -0.765578
v -1.763640 2.345617 -0.746278
v -1.763640 2.332460 -0.754956
v -1.693967 2.342453 -0.742236
v -1.693967 2.355607 -0.733558
v -1.624490 2.383526 -0.735643
v -1.584518 2.427899 -0.757158
v -1.270021 2.653479 -0.839303
v -1.306621 2.619302 -0.794582
v -1.434217 2.584467 -0.741727
v -1.450384 2.494448 -0.754900
v -1.576316 2.481200 -0.757158
v -1.598867 2.435802 -0.735642
v -1.693967 2.451613 -0.733001
v -1.763875 2.433346 -0.748662
v -1.853942 2.427625 -0.767239
v -1.351762 2.728500 -0.840049
v -1.999975 2.388794 -0.798328
v -2.000096 2.437635 -0.803589
v -1.918032 2.473451 -0.785598
v -1.853845 2.491275 -0.772451
v -1.763640 2.501201 -0.753848
v -1.693967 2.511191 -0.741125
v -1.590668 2.489099 -0.735642
v -1.527177 2.582298 -0.739203
v -1.574573 2.566952 -0.733098
v -1.618548 2.546785 -0.735642
v -1.759627 2.523589 -0.751027
v -1.807609 2.518280 -0.761842
v -1.853845 2.513162 -0.772262
v -1.918032 2.495334 -0.785409
v -2.000096 2.459522 -0.803397
v -2.076111 2.404674 -0.810667
v -1.618548 2.568148 -0.741649
v -1.436018 2.621080 -0.758246
v -1.514366 2.622015 -0.739203
v -1.444501 2.660902 -0.765767
v -1.518552 2.727191 -0.760269
v -1.598264 2.618901 -0.746447
v -1.627083 2.604770 -0.748917
v -1.693967 2.558838 -0.744503
v -1.763643 2.548850 -0.757223
v -1.760031 2.523443 -0.750236
v -1.808352 2.520814 -0.760542
v -1.852802 2.539391 -0.775829
v -1.852802 2.518029 -0.769823
v -1.916990 2.521566 -0.788973
v -1.916990 2.500204 -0.782966
v -1.999054 2.485757 -0.806964
v -1.965245 2.517638 -0.806009
v -1.985503 2.510905 -0.819234
v -2.032305 2.523524 -0.818319
v -2.039869 2.510260 -0.815632
v -2.075072 2.452796 -0.814045
v -1.739229 2.687874 -0.776810
v -1.763500 2.622618 -0.766093
v -1.795087 2.596976 -0.770262
v -1.814016 2.592611 -0.774461
v -1.832942 2.596148 -0.779380
v -1.857666 2.607093 -0.786383
v -1.940316 2.569629 -0.800117
v -1.962317 2.557939 -0.814632
v -2.018758 2.548639 -0.825951
v -2.086457 2.534009 -0.831547
v -2.082496 2.492403 -0.814514
v -2.171782 2.442079 -0.828479
v -2.135791 2.486608 -0.826779
v -2.024970 2.572245 -0.829756
v -1.868425 2.665730 -0.798517
v -1.847424 2.647189 -0.792735
v -1.828241 2.638697 -0.787302
v -1.813560 2.635951 -0.783487
v -1.798876 2.639338 -0.780227
v -1.774370 2.658033 -0.775878
v -1.755542 2.685411 -0.772885
v -1.747666 2.711946 -0.781051
v -1.762086 2.701089 -0.773572
v -1.768530 2.729263 -0.792426
v -1.778273 2.714523 -0.778725
v -1.815065 2.731181 -0.803905
v -1.814375 2.716015 -0.787631
v -1.832939 2.722025 -0.807413
v -1.763924 2.684144 -0.776901
v -1.779957 2.660834 -0.779448
v -1.790224 2.651560 -0.780325
v -1.800824 2.643895 -0.782201
v -1.813326 2.641013 -0.784976
v -1.825828 2.643348 -0.788227
v -1.842160 2.650580 -0.792853
v -1.860040 2.667385 -0.798726
v -1.842929 2.698539 -0.797403
v -1.848327 2.699803 -0.794361
v -1.828241 2.708907 -0.790354
v -1.825824 2.706702 -0.793989
v -1.814019 2.712751 -0.791673
v -1.783279 2.711480 -0.784090
v -1.769497 2.700044 -0.779702
v -1.937033 2.635977 -0.808397
v -2.001269 2.641309 -0.830958
v -1.953434 2.616689 -0.807592
v -2.017253 2.625484 -0.839320
v -2.086161 2.624599 -0.844505
v -2.086011 2.582881 -0.837072
v -2.106787 2.574291 -0.836554
v -2.061730 2.587497 -0.836342
v -1.974519 2.603024 -0.820274
v -1.884738 2.662508 -0.809850
v -2.073479 2.643058 -0.839163
v -1.858832 2.709669 -0.812576
v -1.913582 2.708998 -0.812967
v -1.975063 2.699063 -0.837877
v -2.026250 2.681346 -0.840847
v -2.073479 2.663606 -0.844163
v -2.113497 2.651339 -0.843450
v -2.113497 2.630410 -0.838505
v -2.123377 2.608735 -0.841584
v -2.142726 2.553105 -0.834101
v -2.165319 2.615644 -0.838769
v -2.165319 2.598454 -0.834043
v -2.186313 2.568809 -0.832131
v -2.159133 2.538316 -0.831720
v -2.216734 2.540010 -0.833508
v -2.247605 2.552078 -0.846724
v -2.225901 2.589552 -0.855095
v -1.779289 2.790027 -0.767855
v -1.779289 2.810584 -0.794090
v -1.839704 2.780974 -0.827873
v -1.842922 2.750534 -0.795139
v -1.901761 2.735520 -0.863526
v -1.976727 2.707582 -0.884950
v -2.062893 2.675079 -0.883021
v -2.132071 2.646954 -0.883311
v -2.208636 2.608640 -0.883634
v -2.281827 2.565460 -0.878611
v -2.263397 2.548981 -0.855125
v -2.208679 2.616849 -0.924759
v -2.281873 2.576653 -0.924759
v -2.259367 2.521843 -0.845023
v -2.250478 2.538772 -0.837838
v -2.270651 2.536355 -0.859555
v -2.247256 2.518618 -0.832544
v -2.257465 2.501422 -0.839307
v -2.277886 2.497663 -0.849988
v -2.233989 2.484940 -0.825577
v -2.314317 2.484940 -0.878611
v -2.285434 2.499527 -0.861890
v -2.296717 2.506243 -0.869324
v -2.254240 2.517735 -0.864565
v -2.286775 2.533935 -0.868151
v -2.282743 2.539580 -0.866894
v -2.297059 2.540010 -0.878611
v -2.303994 2.545010 -0.924759
v -2.273072 2.505973 -0.856082
v -2.281827 2.565460 -0.970910
v -2.297059 2.540010 -0.970910
v -2.321249 2.483497 -0.924759
v -2.290805 2.533935 -0.870386
v -2.334389 2.443776 -0.924759
v -2.314317 2.484940 -0.970910
v -2.327457 2.445222 -0.956124
v -2.233992 2.444900 -1.015064
v -2.233989 2.484940 -1.023944
v -2.171782 2.442079 -1.021041
v -2.296717 2.506244 -0.980197
v -2.290805 2.533935 -0.979131
v -2.285434 2.499527 -0.987630
v -2.277886 2.497663 -0.999533
v -2.257465 2.501423 -1.010214
v -1.999054 2.485758 -1.042557
v -2.032305 2.523524 -1.031201
v -1.985503 2.510905 -1.030286
v -2.039869 2.510260 -1.033889
v -2.086457 2.534010 -1.017970
v -2.082496 2.492403 -1.035006
v -2.135791 2.486608 -1.022742
v -2.216734 2.540010 -1.016012
v -2.247256 2.518619 -1.016976
v -2.259367 2.521843 -1.004497
v -2.273072 2.505973 -0.993438
v -2.254240 2.517736 -0.984953
v -2.286775 2.533935 -0.981369
v -2.159133 2.538316 -1.017800
v -2.075072 2.452796 -1.035475
v -2.270651 2.536355 -0.989966
v -2.282743 2.539580 -0.982627
v -2.263397 2.548981 -0.994396
v -2.250478 2.538772 -1.011683
v -2.247605 2.552079 -1.002797
v -2.186313 2.568809 -1.017390
v -2.142726 2.553105 -1.015419
v -2.106787 2.574291 -1.012966
v -2.123377 2.608735 -1.007937
v -2.165319 2.598454 -1.015478
v -2.225901 2.589552 -0.994425
v -2.165319 2.615644 -1.010751
v -2.113497 2.630410 -1.011015
v -2.086161 2.624599 -1.005012
v -2.086011 2.582881 -1.012448
v -2.061730 2.587497 -1.013178
v -2.024970 2.572245 -1.019765
v -1.974519 2.603025 -1.029247
v -2.208636 2.608640 -0.965887
v -2.017253 2.625485 -1.010201
v -2.132071 2.646954 -0.966209
v -2.113497 2.651339 -1.006070
v -2.073479 2.643059 -1.010357
v -2.001269 2.641309 -1.018559
v -1.953434 2.616689 -1.041928
v -1.940316 2.569630 -1.049404
v -1.962317 2.557939 -1.034889
v -1.965245 2.517638 -1.043511
v -1.937033 2.635977 -1.041123
v -1.975063 2.699063 -1.011644
v -1.913582 2.708998 -1.036553
v -2.026250 2.681346 -1.008673
v -2.073479 2.663606 -1.005357
v -1.901761 2.735520 -0.985995
v -1.976727 2.707582 -0.964571
v -2.062893 2.675079 -0.966499
v -2.062939 2.676105 -0.924759
v -1.842922 2.750534 -1.054381
v -1.779289 2.790027 -1.081665
v -1.815065 2.731181 -1.045615
v -1.832939 2.722025 -1.042107
v -1.858832 2.709669 -1.036941
v -1.884738 2.662508 -1.039671
v -1.857666 2.607093 -1.063137
v -1.916990 2.521566 -1.060544
v -1.628428 2.659710 -1.091138
v -1.607659 2.672493 -1.090910
v -1.610186 2.642098 -1.094223
v -1.634845 2.715585 -1.080994
v -1.739229 2.687874 -1.072711
v -1.747666 2.711946 -1.068470
v -1.755542 2.685411 -1.076632
v -1.762086 2.701089 -1.075948
v -1.768530 2.729263 -1.057095
v -1.778273 2.714523 -1.070792
v -1.814375 2.716015 -1.061889
v -1.828241 2.708907 -1.059166
v -1.848327 2.699803 -1.055160
v -1.868425 2.665730 -1.051003
v -1.847424 2.647189 -1.056785
v -1.627083 2.604771 -1.100604
v -1.436018 2.621081 -1.091275
v -1.444501 2.660903 -1.083753
v -1.366740 2.704184 -1.054189
v -1.451895 2.717090 -1.073857
v -1.466267 2.772740 -1.052821
v -1.518552 2.727191 -1.089252
v -1.523125 2.788675 -1.075391
v -1.616952 2.727194 -1.073431
v -1.647106 2.788695 -1.060020
v -1.660077 2.770525 -1.078714
v -1.701531 2.796965 -1.088688
v -1.598264 2.618901 -1.103073
v -1.514366 2.622016 -1.110318
v -1.341769 2.747482 -0.924759
v -1.248150 2.658228 -0.924759
v -1.357274 2.735559 -0.964571
v -1.461189 2.809307 -0.924758
v -1.476691 2.797385 -0.964571
v -1.351762 2.728501 -1.009471
v -1.474915 2.797385 -1.006002
v -1.523125 2.809907 -1.043947
v -1.691573 2.816519 -1.053071
v -1.779289 2.810584 -1.055430
v -1.839704 2.780974 -1.021647
v -1.574983 2.814210 -1.009471
v -1.609698 2.823858 -0.924758
v -1.609652 2.812666 -0.964571
v -1.643937 2.814278 -1.004516
v -1.746535 2.795750 -1.021387
v -1.733108 2.797431 -0.998112
v -1.705499 2.806056 -1.000093
v -1.713753 2.799854 -0.964571
v -1.713798 2.811050 -0.924759
v -1.894774 2.759381 -0.924759
v -1.894732 2.748188 -0.964571
v -1.824336 2.770779 -0.991558
v -1.872015 2.759339 -0.988132
v -1.713753 2.799854 -0.884950
v -1.894732 2.748188 -0.884950
v -1.733108 2.797431 -0.851408
v -1.824336 2.770778 -0.857962
v -1.746535 2.795750 -0.828134
v -1.872015 2.759338 -0.861389
v 0.538093 1.514746 -0.985897
v 0.588840 1.499440 -0.924759
v 0.484443 1.402092 -0.924759
v 0.433696 1.417401 -0.985897
v 0.418461 1.375052 -0.924759
v 0.248335 1.337197 -0.924759
v 0.433696 1.417401 -0.863620
v 0.538093 1.514746 -0.863620
v -0.292445 1.276352 -0.924759
v -0.223818 1.247703 -0.856793
v -0.208437 1.199464 -0.924759
v -0.078912 1.149257 -0.879441
v -0.063534 1.107425 -0.924759
v 0.044313 1.096161 -0.924759
v 0.022006 1.133683 -0.879441
v 0.098712 1.164069 -0.924759
v 0.083265 1.203773 -0.879441
v 0.138091 1.276352 -0.924759
v 0.103843 1.284899 -0.856793
v 0.483541 1.522945 -1.106956
v 0.551513 1.764665 -1.100806
v 0.241576 1.379544 -0.985897
v 0.103843 1.284899 -0.992728
v 0.083265 1.203773 -0.970076
v 0.022006 1.133683 -0.970076
v -0.078912 1.149257 -0.970076
v -0.223818 1.247703 -0.992728
v -0.292442 1.321428 -1.059831
v 0.106093 1.344223 -0.992849
v 0.534868 1.888030 -1.100806
v 0.106093 1.383713 -1.062261
v -0.150617 1.390007 -1.094301
v 0.763255 1.607879 -0.924759
v 0.751920 1.672490 -0.850261
v 1.023335 1.684578 -0.924759
v 0.751920 1.672490 -0.999259
v 0.779595 1.775627 -1.066857
v 0.771953 1.925865 -1.100806
v 0.771953 2.012167 -1.066857
v 1.011995 1.749186 -0.999259
v 1.266559 1.764871 -0.924759
v 1.011995 1.749186 -0.850261
v 1.255224 1.820755 -0.850261
v 0.782028 2.042556 -1.010217
v 1.191684 2.064111 -1.066857
v 1.214604 2.000717 -1.100806
v 1.237510 1.881024 -1.066857
v 1.255224 1.820755 -0.999259
v 1.712058 1.882317 -0.924759
v 1.700718 1.946925 -0.850261
v 1.237510 1.881024 -0.782663
v 0.779591 1.775627 -0.782663
v 2.039402 1.949436 -0.924759
v 1.675519 1.985509 -1.032833
v 1.700718 1.946925 -0.999259
v 2.028066 2.005041 -0.996340
v 1.987638 2.062648 -1.031305
v 1.658391 2.082290 -1.066782
v 1.987638 2.148338 -1.031305
v 2.407546 2.114711 -1.010217
v 2.418967 2.037520 -0.924758
v 2.028066 2.005041 -0.853180
v 1.675519 1.985509 -0.816687
v 1.214604 2.000717 -0.748715
v 0.771953 1.925865 -0.748715
v 1.191684 2.064110 -0.782663
v 0.771953 2.012167 -0.782663
v 0.782028 2.042556 -0.839303
v 1.201760 2.094499 -0.839303
v 0.790601 2.062706 -0.924758
v 1.210333 2.114649 -0.924758
v 1.201760 2.094499 -1.010217
v 1.647020 2.130409 -1.032833
v 1.655593 2.150559 -0.924758
v 1.996212 2.168491 -0.924758
v 2.397682 2.188684 -0.997409
v 2.406256 2.212421 -0.924758
v 2.857409 2.222796 -0.991402
v 2.865982 2.256354 -0.924758
v 3.317728 2.256233 -0.978721
v 3.326302 2.294316 -0.924758
v 3.849981 2.278908 -0.957508
v 3.858555 2.316987 -0.924758
v 4.539877 2.289990 -0.924758
v 2.847907 2.146093 -0.984047
v 3.849981 2.228952 -0.924758
v 3.317728 2.210561 -0.973988
v 3.317728 2.170452 -0.924758
v 2.847907 2.103467 -0.924758
v 1.987638 2.062648 -0.818215
v 2.407546 2.114711 -0.839303
v 2.847907 2.146093 -0.865473
v 3.317728 2.210561 -0.875532
v 3.849981 2.278908 -0.892011
v 3.317728 2.256233 -0.870799
v 2.857409 2.222796 -0.858118
v 2.397682 2.188684 -0.852111
v 1.987638 2.148338 -0.818215
v 1.658391 2.082290 -0.782738
v 1.647020 2.130409 -0.816687
v -1.297451 1.141683 -1.199688
v -1.355381 1.152020 -1.244683
v -1.019649 0.773341 -1.077242
v -1.044467 0.777198 -1.065404
v -1.070966 0.786902 -1.072799
v -1.156177 0.802547 -1.081219
v -1.225452 0.819059 -1.087809
v -1.273525 0.853591 -1.094738
v -1.316878 0.962343 -1.140980
v -1.341283 1.090871 -1.170388
v -1.351130 1.083431 -1.193652
v -1.364587 1.076793 -1.250071
v -1.325501 0.956014 -1.160563
v -1.284809 0.841398 -1.119647
v -1.231570 0.804443 -1.108038
v -1.158672 0.787898 -1.098598
v -1.074679 0.768690 -1.089998
v -1.048493 0.758008 -1.083219
v -1.023053 0.759149 -1.086868
v -1.091146 0.642458 -1.249468
v -1.124557 0.635503 -1.266801
v -1.113830 0.649487 -1.241585
v -1.137303 0.666332 -1.237550
v -1.216846 0.702502 -1.239592
v -1.279965 0.734845 -1.231800
v -1.318628 0.778967 -1.224087
v -1.324973 0.932951 -1.218819
v -1.358459 0.934759 -1.250305
v -1.334641 0.776690 -1.259084
v -1.291581 0.726900 -1.260540
v -1.224618 0.692450 -1.262990
v -1.147499 0.653084 -1.263550
v -1.116133 0.649194 -1.287860
v -1.139606 0.666038 -1.283824
v -1.218749 0.702261 -1.282792
v -1.282200 0.735262 -1.282951
v -1.320807 0.780595 -1.285349
v -1.326328 0.934792 -1.273850
v -1.330100 1.020390 -1.284420
v -1.345869 1.083431 -1.304561
v -1.325501 0.956014 -1.327627
v -1.312660 0.950672 -1.297176
v -1.268085 0.840376 -1.333819
v -1.284809 0.841398 -1.368543
v -1.220726 0.809023 -1.350393
v -1.231570 0.804443 -1.380153
v -1.152304 0.794638 -1.364635
v -1.158669 0.787898 -1.389596
v -1.066568 0.778524 -1.370032
v -1.074679 0.768690 -1.398192
v -1.040069 0.768820 -1.377426
v -1.048493 0.758005 -1.404971
v -1.016785 0.769032 -1.386583
v -1.023053 0.759145 -1.401326
v -1.320435 1.145615 -0.563319
v -1.027137 0.823636 -0.438726
v -1.019648 0.773341 -0.438573
v -1.004505 0.806674 -0.448368
v -1.044467 0.777198 -0.426735
v -1.054066 0.833115 -0.443407
v -1.070966 0.786902 -0.434129
v -1.142411 0.839066 -0.453661
v -1.156177 0.802547 -0.442550
v -1.196832 0.855216 -0.458267
v -1.225449 0.819059 -0.449140
v -1.223465 0.876793 -0.465938
v -1.273525 0.853591 -0.456065
v -1.272880 0.970112 -0.501503
v -1.316878 0.962343 -0.502307
v -1.300161 1.099940 -0.520393
v -1.336022 1.090871 -0.521695
v -1.281056 1.124149 -0.550742
v -1.289724 1.096894 -0.544055
v -1.263913 0.967565 -0.521503
v -1.025111 0.813244 -0.485633
v -1.001983 0.809446 -0.462671
v -1.023248 0.824808 -0.469525
v -1.050216 0.834649 -0.472847
v -1.139261 0.840688 -0.476714
v -1.191015 0.856490 -0.483593
v -1.213735 0.875422 -0.494480
v -1.271466 0.960538 -0.547843
v -1.256157 1.032726 -0.563850
v -1.269958 1.073030 -0.599313
v -1.273620 0.931492 -0.599499
v -1.052040 0.822727 -0.490313
v -1.140736 0.830486 -0.492395
v -1.195090 0.845177 -0.504167
v -1.221687 0.865122 -0.520995
v -1.025111 0.813244 -0.725219
v -1.023248 0.824808 -0.741327
v -1.052040 0.822727 -0.720535
v -1.050216 0.834649 -0.738005
v -1.140736 0.830486 -0.718457
v -1.139261 0.840688 -0.734138
v -1.195090 0.845177 -0.706681
v -1.191015 0.856490 -0.727258
v -1.221687 0.865122 -0.689853
v -1.213735 0.875422 -0.716372
v -1.271466 0.960535 -0.663006
v -1.263913 0.967565 -0.689348
v -1.281021 1.087607 -0.666794
v -1.244453 1.107230 -0.623975
v -1.231690 1.100787 -0.598466
v -1.243107 1.106552 -0.573873
v -1.001983 0.809449 -0.748177
v -1.003625 0.801498 -0.740252
v -0.989439 0.789459 -0.457997
v -0.974585 0.785996 -0.456563
v -0.992032 0.786507 -0.443566
v -0.974911 0.782706 -0.441921
v -0.945757 0.770748 -0.439051
v -0.974585 0.785996 -0.754285
v -0.989439 0.789459 -0.752855
v -0.973774 0.777494 -0.746715
v -0.991152 0.781331 -0.745050
v -1.869451 2.543349 -0.924759
v -1.868731 2.539681 -0.963287
v -1.954212 2.522485 -0.924759
v -1.868731 2.539681 -0.886233
v -1.952955 2.519677 -0.886305
v -1.869278 2.527006 -0.856962
v -1.693801 2.537212 -0.855832
v -1.693241 2.551707 -0.886132
v -1.693967 2.556199 -0.924759
v -1.693241 2.551707 -0.963388
v -1.693801 2.537212 -0.993689
v -1.951424 2.508755 -0.857724
v -1.869526 2.511220 -0.861988
v -2.082893 2.440701 -0.902670
v -2.084105 2.442056 -0.924759
v -1.952955 2.519677 -0.963216
v -1.869278 2.527006 -0.992559
v -1.693899 2.507608 -0.963740
v -1.869526 2.511221 -0.987532
v -1.694052 2.519671 -0.988663
v -1.951424 2.508755 -0.991796
v -2.082893 2.440701 -0.946850
v -2.200682 2.411319 -0.924759
v -2.200460 2.405974 -0.898549
v -2.080001 2.432961 -0.879406
v -1.949052 2.494888 -0.862750
v -1.869392 2.499996 -0.885885
v -1.947020 2.484813 -0.885953
v -1.869451 2.493983 -0.924759
v -1.946026 2.479269 -0.924759
v -1.947020 2.484813 -0.963567
v -2.071994 2.414026 -0.902364
v -2.071994 2.414026 -0.947157
v -2.069925 2.409133 -0.924759
v -2.200652 2.393677 -0.898787
v -2.075652 2.422355 -0.883767
v -1.693964 2.501344 -0.924759
v -1.869392 2.499996 -0.963636
v -1.949052 2.494888 -0.986770
v -2.080001 2.432961 -0.970115
v -2.200460 2.405974 -0.950971
v -2.210607 2.401130 -0.924759
v -2.200682 2.390315 -0.924759
v -2.200652 2.393677 -0.950733
v -2.075652 2.422355 -0.965753
v -1.693899 2.507608 -0.885780
v -1.694052 2.519670 -0.860858
v -1.916244 2.531091 -0.994226
v -1.853841 2.556059 -0.924759
v -1.916990 2.538701 -0.924759
v -1.852021 2.549294 -0.998839
v -1.763640 2.565981 -0.924759
v -1.761933 2.559834 -1.005311
v -1.852021 2.549293 -0.850682
v -1.761933 2.559834 -0.844209
v -2.301646 2.424036 -0.952899
v -2.235513 2.466897 -0.924759
v -2.303196 2.423495 -0.924759
v -2.231803 2.457750 -0.971483
v -2.228585 2.423717 -1.000090
v -2.170264 2.450480 -0.975903
v -2.168906 2.416195 -1.009478
v -2.073949 2.461757 -0.982822
v -2.072916 2.427417 -1.023813
v -1.997712 2.494299 -0.988298
v -1.996559 2.460982 -1.030941
v -1.914501 2.496494 -1.053860
v -1.850131 2.513775 -1.067014
v -1.760031 2.523443 -1.099285
v -1.916244 2.531091 -0.855294
v -1.997712 2.494298 -0.861223
v -1.999054 2.502888 -0.924759
v -2.073949 2.461757 -0.866698
v -2.075072 2.469930 -0.924759
v -2.170264 2.450480 -0.873617
v -2.171782 2.459213 -0.924759
v -2.231803 2.457750 -0.878037
v -1.850131 2.513775 -0.782507
v -1.914501 2.496494 -0.795657
v -1.996559 2.460981 -0.818580
v -2.072916 2.427417 -0.825707
v -2.168906 2.416195 -0.840043
v -2.228585 2.423717 -0.849431
v -2.301646 2.424036 -0.896621
v -1.007244 0.753070 -0.433579
v -0.976227 0.746321 -0.430595
v -1.843506 2.661515 -0.794175
v -1.845994 2.674584 -0.795967
v -1.836424 2.650547 -0.791455
v -1.814766 2.675267 -0.778966
v -1.843506 2.687757 -0.796563
v -1.836424 2.699037 -0.795869
v -1.813322 2.709585 -0.791217
v -1.800820 2.707249 -0.787966
v -1.790224 2.700047 -0.784738
v -1.783142 2.689079 -0.782018
v -1.780654 2.676014 -0.780224
v -1.849086 2.514240 -0.782507
v -1.913459 2.496960 -0.795657
v -1.999054 2.464395 -0.800957
v -2.075072 2.431433 -0.808035
v -2.171782 2.420720 -0.822469
v -2.235513 2.428401 -0.832492
v -2.312004 2.423906 -0.884950
v -2.318939 2.422459 -0.924759
v -2.312004 2.423906 -0.964571
v -2.235513 2.428401 -1.017028
v -2.171782 2.420720 -1.027048
v -2.075072 2.431434 -1.041482
v -1.999054 2.464395 -1.048563
v -1.916990 2.500204 -1.066554
v -1.913459 2.496960 -1.053860
v -1.852802 2.518029 -1.079698
v -1.849086 2.514241 -1.067014
v -1.808352 2.520814 -1.088978
v -1.092246 0.608366 -0.586942
v -1.085628 0.619069 -0.574945
v -1.059255 0.592528 -0.586828
v -1.057066 0.604903 -0.574857
v -1.021505 0.601805 -0.587258
v -1.647106 2.788694 -0.789501
v -1.660077 2.770524 -0.770806
v -1.634845 2.715585 -0.768526
v -1.616952 2.727194 -0.776090
v -1.607659 2.672492 -0.758607
v -1.628428 2.659710 -0.758383
v -1.610186 2.642097 -0.755298
v -1.523125 2.788675 -0.774129
v -1.523125 2.809906 -0.805573
v -1.466267 2.772739 -0.796700
v -1.451895 2.717089 -0.775663
v -1.366740 2.704184 -0.795331
v -1.474915 2.797385 -0.843518
v -1.476691 2.797385 -0.884950
v -1.574983 2.814210 -0.840049
v -1.609652 2.812666 -0.884950
v -1.643937 2.814278 -0.845004
v -1.691573 2.816519 -0.796449
v -1.701531 2.796965 -0.760832
v -1.270828 2.653479 -0.884950
v -1.357274 2.735559 -0.884950
v -1.705499 2.806056 -0.849427
v -1.083859 0.619294 -0.599789
v -1.055506 0.605763 -0.599704
v -1.020854 0.623584 -0.595372
v -1.814766 2.675268 -1.070554
v -1.845994 2.674584 -1.053554
v -1.843506 2.687757 -1.052958
v -1.836424 2.699037 -1.053652
v -1.814019 2.712751 -1.057847
v -1.783279 2.711481 -1.065430
v -1.800820 2.707249 -1.061554
v -1.813322 2.709585 -1.058303
v -1.825824 2.706702 -1.055528
v -1.842929 2.698539 -1.052117
v -1.860040 2.667385 -1.050795
v -1.843506 2.661515 -1.055345
v -1.836424 2.650547 -1.058065
v -1.825828 2.643348 -1.061293
v -1.842160 2.650580 -1.056668
v -1.790224 2.700047 -1.064782
v -1.783142 2.689079 -1.067502
v -1.780654 2.676014 -1.069294
v -1.763924 2.684144 -1.072619
v -1.779957 2.660834 -1.070072
v -1.790224 2.651560 -1.069196
v -1.800824 2.643896 -1.067320
v -1.813326 2.641013 -1.064544
v -1.769497 2.700044 -1.069818
v 0.210908 1.065629 -1.131999
v 0.276359 0.910299 -1.156801
v 0.316178 0.905534 -1.203526
v 0.432614 0.766960 -1.164485
v 0.006641 1.277769 -1.104575
v 0.464511 0.670182 -1.161880
v 0.277554 0.903703 -1.258192
v 0.454752 0.768178 -1.210923
v 0.488866 0.720805 -1.210923
v 0.486264 0.665895 -1.210923
v 0.433846 0.762262 -1.274332
v -1.312660 0.950672 -0.552345
v -1.268085 0.840375 -0.515699
v -1.220726 0.809023 -0.499128
v -1.152304 0.794638 -0.484887
v -1.066568 0.778523 -0.479489
v -1.040069 0.768820 -0.472095
v -1.345866 1.083431 -0.544960
v -1.325501 0.956014 -0.521894
v -1.284809 0.841398 -0.480975
v -1.231570 0.804443 -0.469368
v -1.158672 0.787898 -0.459925
v -1.074679 0.768689 -0.451329
v -1.048493 0.758005 -0.444550
v 0.486264 0.665895 -0.638598
v 0.464540 0.665325 -0.575189
v 0.464221 0.536650 -0.638598
v 0.464511 0.670181 -0.687641
v 0.488866 0.720805 -0.638594
v 0.432614 0.766959 -0.685035
v 0.454751 0.768178 -0.638598
v 0.316177 0.905533 -0.645995
v 0.277551 0.903703 -0.591329
v 0.292858 1.003106 -0.647959
v 0.433842 0.762262 -0.575189
v 0.350103 0.738656 -0.549882
v 0.276359 0.910299 -0.692720
v 0.210907 1.065629 -0.717522
v 0.343093 0.431299 -0.708652
v 0.410343 0.408259 -0.700850
v 0.428448 0.391991 -0.647008
v 0.407642 0.403663 -0.577404
v 0.369876 0.672100 -0.549882
v 0.287561 0.717141 -0.567423
v 0.175727 0.858558 -0.544399
v 0.208891 1.087597 -0.582241
v 0.257691 1.097438 -0.649774
v 0.203122 1.162570 -0.649774
v 0.303959 0.666703 -0.567423
v 0.265508 0.453319 -0.552207
v 0.273649 0.557156 -0.627421
v 0.219504 0.458746 -0.634744
v 0.267942 0.457045 -0.717369
v -1.088370 0.691837 -0.565000
v -1.112316 0.708013 -0.566404
v -1.196784 0.736105 -0.571010
v -1.245883 0.764940 -0.569690
v -1.266691 0.793169 -0.571632
v -1.281737 0.931889 -0.578984
v 0.041766 0.382581 -0.747741
v 0.074008 0.375225 -0.769846
v 0.062356 0.361336 -0.747418
v 0.045531 0.409015 -0.770136
v 0.095764 0.392203 -0.775445
v 0.111188 0.415784 -0.769846
v 0.052382 0.437927 -0.765660
v -0.009767 0.414422 -0.761227
v -0.004183 0.391659 -0.748282
v -0.092932 0.345260 -0.756598
v -0.016493 0.431725 -0.748282
v 0.054883 0.453905 -0.747741
v 0.122521 0.429292 -0.747418
v 0.153782 0.395682 -0.747174
v 0.140537 0.384646 -0.773012
v 0.114462 0.357065 -0.779465
v 0.083565 0.340794 -0.773012
v 0.071695 0.330905 -0.747174
v -0.127900 0.137945 -0.418266
v -0.059999 0.143072 -0.414637
v -0.067752 0.160245 -0.437810
v -0.122236 0.122547 -0.401337
v -0.056377 0.120932 -0.412145
v -0.117447 0.094817 -0.397454
v -0.052657 0.098172 -0.409585
v -0.062905 0.058627 -0.413666
v -0.124359 0.068771 -0.400627
v -0.070658 0.044861 -0.436836
v -0.130024 0.053659 -0.417553
v -0.172416 0.074155 -0.387731
v -0.180390 0.045275 -0.401230
v -0.219926 0.035089 -0.389298
v -0.128268 0.090752 -0.395539
v -0.178977 0.101325 -0.401702
v 0.191910 0.080390 -0.679846
v 0.176297 0.057480 -0.743842
v 0.249218 0.064360 -0.730301
v 0.195135 0.077481 -0.781129
v 0.240941 0.081012 -0.782283
v 0.294760 0.130974 -0.739438
v 0.245784 0.190686 -0.784693
v 0.331950 0.204813 -0.752252
v 0.285297 0.248824 -0.784693
v 0.299646 0.264007 -0.752122
v 0.224605 0.280408 -0.752122
v 0.210630 0.266441 -0.782348
v 0.203594 0.331530 -0.747415
v 0.185486 0.314523 -0.791208
v 0.174356 0.223198 -0.790902
v 0.166760 0.131232 -0.779853
v 0.144958 0.341378 -0.781657
v 0.161219 0.354925 -0.746506
v 0.106673 0.300881 -0.790436
v 0.139107 0.259232 -0.802146
v 0.084653 0.226290 -0.791208
v 0.131768 0.197432 -0.782348
v 0.071219 0.213677 -0.747415
v 0.105865 0.187569 -0.748099
v 0.049548 0.266802 -0.746506
v 0.062581 0.277659 -0.781657
v 0.142951 0.131232 -0.743842
v 0.131768 0.197432 -0.718756
v 0.166760 0.131232 -0.684658
v 0.185486 0.314523 -0.709896
v 0.210634 0.266444 -0.718750
v 0.139107 0.259232 -0.698958
v 0.174356 0.223198 -0.710202
v 0.118240 0.246609 -0.703150
v 0.084653 0.226290 -0.709896
v 0.062581 0.277659 -0.716391
v 0.083565 0.340794 -0.725037
v 0.106673 0.300881 -0.707616
v 0.144958 0.341378 -0.716391
v 0.140537 0.384646 -0.725037
v 0.114462 0.357065 -0.718587
v -1.010635 0.738943 -1.081806
v -0.974931 0.731656 -1.078454
v -0.940353 0.749275 -1.080770
v -0.945757 0.770751 -1.077721
v -1.007244 0.753070 -1.072248
v -0.976227 0.746324 -1.069265
v 0.090552 0.027183 -0.634744
v -0.081140 0.022890 -0.634744
v -0.081140 0.039695 -0.674683
v 0.090552 0.043988 -0.674683
v 0.249215 0.049734 -0.634744
v 0.240941 0.064360 -0.674683
v 0.029736 0.097784 -0.689795
v 0.112009 0.208081 -0.674683
v -0.121994 0.058627 -0.609734
v -0.081140 0.039695 -0.600525
v 0.090552 0.043988 -0.600525
v 0.241117 0.064360 -0.591717
v 0.278427 0.114980 -0.634744
v 0.273261 0.130974 -0.674683
v 0.352374 0.232068 -0.674683
v 0.319875 0.251756 -0.714088
v 0.357540 0.216074 -0.634744
v 0.371195 0.215429 -0.590580
v 0.324526 0.173891 -0.634744
v 0.290001 0.114980 -0.567006
v 0.262554 0.049734 -0.557016
v 0.099800 0.043988 -0.540282
v 0.113458 0.027183 -0.502750
v -0.061540 0.039695 -0.481557
v -0.047882 0.022890 -0.444029
v -0.036178 0.039695 -0.411875
v 0.125162 0.043988 -0.470596
v 0.266479 0.064360 -0.522031
v 0.296851 0.130974 -0.533087
v -0.079707 0.058627 -0.463883
v 0.169020 0.131137 -0.580531
v 0.039241 0.097784 -0.528855
v -0.053585 0.096462 -0.495069
v -0.073980 0.098172 -0.473310
v -0.057507 0.161816 -0.483027
v -0.076801 0.143072 -0.464857
v 0.016840 0.163575 -0.510086
v 0.119960 0.208081 -0.547621
v -0.118929 0.143072 -0.609734
v -0.113571 0.098172 -0.602613
v -0.069045 0.096462 -0.584205
v -0.076850 0.161816 -0.600525
v -0.118929 0.160245 -0.634168
v -0.118929 0.143072 -0.662690
v -0.076850 0.161816 -0.674683
v -0.113571 0.098172 -0.669810
v -0.076850 0.184471 -0.634744
v 0.002270 0.163575 -0.600525
v 0.029736 0.097784 -0.584205
v -0.069045 0.096462 -0.689795
v -0.121994 0.058627 -0.662690
v 0.002270 0.163575 -0.674683
v 0.002270 0.186230 -0.634744
v 0.112009 0.208081 -0.600525
v 0.166760 0.131232 -0.590551
v 0.311575 0.248824 -0.527832
v 0.249550 0.364561 -0.515578
v 0.204800 0.287200 -0.499584
v 0.175887 0.300510 -0.525471
v 0.116410 0.221394 -0.503825
v 0.179437 0.287197 -0.569267
v 0.175304 0.287200 -0.600525
v 0.093692 0.221394 -0.634744
v -0.121994 0.044861 -0.634168
v 0.274443 0.190686 -0.514317
v 0.145326 0.208081 -0.477935
v 0.030498 0.186230 -0.472557
v -0.043849 0.184471 -0.445498
v 0.042202 0.163575 -0.440403
v 0.200184 0.131232 -0.487287
v 0.071425 0.097784 -0.440423
v -0.032145 0.161815 -0.413341
v -0.021402 0.096462 -0.406637
v 0.205624 0.377870 -0.536295
v 0.156987 0.300510 -0.634744
v 0.175304 0.287200 -0.674683
v 0.206950 0.364561 -0.674683
v 0.240644 0.366261 -0.718030
v 0.188633 0.377870 -0.634744
v 0.209178 0.364561 -0.588919
v 0.045531 0.409015 -1.079385
v 0.041766 0.382581 -1.101780
v 0.074008 0.375226 -1.079675
v 0.095764 0.392203 -1.074076
v 0.111188 0.415784 -1.079675
v 0.052382 0.437928 -1.083861
v -0.009766 0.414422 -1.088295
v -0.004183 0.391659 -1.101236
v -0.092928 0.345261 -1.092923
v 0.062356 0.361336 -1.102103
v 0.083565 0.340795 -1.076509
v 0.114462 0.357065 -1.070056
v 0.140537 0.384646 -1.076509
v 0.153782 0.395682 -1.102347
v 0.122521 0.429292 -1.102103
v 0.054884 0.453905 -1.101780
v -0.016493 0.431726 -1.101236
v 0.071695 0.330905 -1.102347
v -0.940353 0.749272 -1.407421
v -0.945757 0.770751 -1.410470
v -0.916932 0.797071 -1.391919
v -0.976227 0.746321 -1.418926
v -0.974931 0.731656 -1.409737
v -1.007244 0.753070 -1.415942
v -1.010635 0.738943 -1.406388
v 0.140537 0.384646 -1.124484
v 0.111188 0.415784 -1.121318
v 0.052382 0.437928 -1.117132
v -0.009767 0.414422 -1.112699
v 0.045170 0.409363 -1.121608
v 0.074008 0.375226 -1.121315
v 0.083565 0.340795 -1.124481
v 0.095764 0.392203 -1.126918
v 0.114462 0.357065 -1.130934
v -0.124359 0.068771 -1.448894
v -0.130024 0.053660 -1.431965
v -0.172416 0.074155 -1.461790
v -0.180390 0.045275 -1.448292
v -0.219926 0.035089 -1.460224
v -0.178976 0.101326 -1.447819
v -0.127900 0.137949 -1.431255
v -0.122235 0.122548 -1.448184
v -0.128268 0.090752 -1.453982
v -0.117447 0.094817 -1.452067
v -0.182775 0.074155 -1.430832
v -0.134513 0.122548 -1.411499
v -0.133024 0.094817 -1.405515
v -0.136633 0.068771 -1.412209
v -1.062979 0.649426 -1.270713
v -1.059764 0.654585 -1.257048
v -1.047233 0.641530 -1.270743
v -1.046141 0.647582 -1.257048
v -1.020326 0.637448 -1.258645
v -1.047353 0.640855 -1.247911
v -1.063340 0.648842 -1.247879
v 0.185487 0.314524 -1.058313
v 0.210631 0.266441 -1.067173
v 0.203598 0.331530 -1.102106
v 0.144958 0.341378 -1.067864
v 0.106673 0.300881 -1.059085
v 0.161219 0.354925 -1.103015
v 0.285300 0.248825 -1.064828
v 0.174356 0.223199 -1.058619
v 0.139107 0.259232 -1.047375
v 0.062581 0.277659 -1.067864
v 0.049548 0.266802 -1.103015
v 0.062581 0.277659 -1.133130
v 0.106673 0.300881 -1.141905
v 0.144958 0.341378 -1.133130
v 0.185487 0.314524 -1.139625
v 0.139107 0.259232 -1.150563
v 0.118240 0.246610 -1.146371
v 0.084653 0.226290 -1.139625
v 0.105865 0.187569 -1.101422
v 0.071219 0.213677 -1.102106
v 0.131768 0.197432 -1.067173
v 0.084653 0.226290 -1.058313
v 0.142951 0.131232 -1.105679
v 0.176297 0.057480 -1.105679
v 0.195135 0.077481 -1.068392
v 0.166760 0.131232 -1.069669
v 0.245785 0.190686 -1.064828
v 0.240941 0.081012 -1.067235
v -0.133024 0.094817 -0.444006
v -0.182775 0.074155 -0.418689
v -0.134513 0.122547 -0.438022
v -0.136633 0.068771 -0.437312
v -0.992032 0.786507 -1.405955
v -0.989439 0.789459 -1.391525
v -0.974911 0.782706 -1.407600
v -0.974585 0.785996 -1.392954
v -0.947236 0.782742 -1.396590
v -0.973774 0.777494 -1.385384
v -0.991153 0.781328 -1.383723
v -0.234076 0.074155 -0.619890
v -0.182172 0.137945 -0.634718
v -0.235864 0.101325 -0.635220
v -0.278634 0.035089 -0.636448
v -0.182172 0.122547 -0.616871
v -0.178862 0.094817 -0.611669
v -0.184410 0.068771 -0.616871
v -0.184410 0.053659 -0.634718
v -0.237353 0.045275 -0.635220
v -0.184410 0.068771 -0.655553
v -0.234076 0.074155 -0.652533
v -0.178863 0.094817 -0.660755
v -0.182172 0.122547 -0.655553
v -0.944344 0.768536 -1.395023
v -0.973716 0.742571 -1.394430
v -1.004381 0.748761 -1.391577
v -1.257561 0.795462 -0.600310
v -1.239928 0.769992 -0.594509
v -1.193341 0.741640 -0.593404
v -1.108211 0.714606 -0.595101
v -1.084315 0.698358 -0.595102
v -1.856766 2.444867 -1.048029
v -1.844180 2.446301 -1.062912
v -1.860301 2.539560 -1.057951
v 0.111188 0.415784 -0.728203
v 0.052382 0.437927 -0.732389
v 0.095764 0.392203 -0.722603
v 0.045170 0.409363 -0.727913
v 0.074008 0.375225 -0.728203
v -0.009767 0.414422 -0.736822
v -1.869353 2.443437 -1.062912
v -2.233992 2.444900 -0.834456
v -2.327457 2.445222 -0.893396
v -1.852802 2.539391 -1.073691
v -1.763640 2.548850 -1.092297
v -1.693964 2.558838 -1.105018
v -1.618548 2.568148 -1.107871
v -1.763500 2.622618 -1.083428
v -1.795087 2.596976 -1.079258
v -1.814016 2.592611 -1.075059
v -1.832942 2.596148 -1.070141
v -1.828241 2.638697 -1.062219
v -1.813560 2.635951 -1.066033
v -1.798876 2.639338 -1.069294
v -1.774370 2.658033 -1.073642
v -2.018758 2.548639 -1.023569
v -2.075873 2.373474 -0.805397
v -2.149911 2.354604 -0.817309
v -2.234604 2.376627 -0.844695
v -2.228760 2.352672 -0.853372
v -2.305854 2.404456 -0.884950
v -2.281026 2.381367 -0.884950
v -2.287958 2.379921 -0.924759
v -2.253448 2.358139 -0.924759
v -2.281026 2.381367 -0.964571
v -2.246510 2.359585 -0.964571
v -2.228760 2.352673 -0.996148
v -2.234604 2.376627 -1.004826
v -2.246510 2.359585 -0.884950
v -2.236552 2.401638 -1.014400
v -2.305854 2.404456 -0.964571
v -2.312789 2.403009 -0.924759
v -2.076111 2.426564 -0.810479
v -2.172821 2.393957 -0.825101
v -2.172821 2.415840 -0.824912
v -2.236552 2.401638 -0.835121
v -2.236552 2.423524 -0.832492
v -2.302984 2.422375 -0.884950
v -2.309919 2.420928 -0.924759
v -2.286332 2.397019 -0.900074
v -2.273850 2.395928 -0.914957
v -2.283472 2.462441 -0.909996
v -1.083859 0.619294 -1.249732
v -1.055506 0.605763 -1.249817
v -1.020854 0.623584 -1.254149
v -2.298821 2.398110 -0.914957
v -2.286528 2.393019 -0.935101
v -2.275628 2.392683 -0.948160
v -2.284013 2.450626 -0.943837
v -2.297648 2.393455 -0.948245
v -1.894611 2.448030 -0.786305
v -1.881956 2.448590 -0.801185
v -1.891595 2.542739 -0.796224
v -1.950548 2.509387 -0.809270
v -1.957030 2.503312 -0.798833
v -1.915390 2.451509 -0.805791
v -1.907266 2.447473 -0.801185
v -1.963516 2.497233 -0.809270
v -1.896543 2.444864 -1.041081
v -1.883888 2.445421 -1.055964
v -1.893527 2.539574 -1.051003
v -2.228741 2.455513 -1.004276
v -2.203522 2.457975 -1.004276
v -2.214089 2.362008 -0.999314
v -1.909201 2.444307 -1.055964
v -2.216132 2.456744 -0.989396
v -1.947583 2.436368 -1.023840
v -1.935000 2.437844 -1.038723
v -1.951473 2.531045 -1.033762
v -2.018374 2.461897 -1.034762
v -1.997845 2.475187 -1.034762
v -1.962499 2.416736 -1.029801
v -1.960164 2.434893 -1.038723
v -2.008110 2.468542 -1.019882
v -2.001920 2.409654 -0.812915
v -1.989435 2.411798 -0.827798
v -2.010810 2.503993 -0.822837
v -1.963629 2.494155 -0.816984
v -1.951147 2.506804 -0.816984
v -1.913762 2.450340 -0.813505
v -2.014403 2.407514 -0.827798
v -1.957388 2.500478 -0.806547
v -1.979903 2.425336 -1.019416
v -1.967320 2.426850 -1.034296
v -1.984073 2.520003 -1.029335
v -2.206109 2.455704 -1.004276
v -2.181717 2.462561 -1.004276
v -2.175258 2.366230 -0.999314
v -1.992480 2.423824 -1.034296
v -2.193913 2.459131 -0.989396
v -1.946743 2.437714 -0.800341
v -1.934160 2.439189 -0.815225
v -1.950632 2.532387 -0.810264
v -2.173479 2.448297 -0.846997
v -2.149211 2.455574 -0.846997
v -2.141087 2.359369 -0.842287
v -1.959326 2.436235 -0.815225
v -2.161345 2.451936 -0.832870
v -2.040491 2.395644 -0.817388
v -2.027937 2.397309 -0.832267
v -2.045798 2.490256 -0.827306
v -2.144247 2.448369 -1.014452
v -2.119797 2.455017 -1.014452
v -2.114165 2.358634 -1.009745
v -2.053052 2.393980 -0.832267
v -2.132022 2.451691 -1.000324
v -2.069509 2.394198 -0.822039
v -2.056945 2.395813 -0.836919
v -2.074470 2.488822 -0.831961
v -1.937300 2.512690 -0.809270
v -1.923619 2.524032 -0.809270
v -1.892044 2.464125 -0.805791
v -2.082072 2.392572 -0.836919
v -1.930459 2.518361 -0.798833
v -2.069925 2.391501 -1.006054
v -2.057362 2.393120 -1.020934
v -2.074887 2.486126 -1.015973
v -1.921648 2.524713 -1.050739
v -1.907885 2.535958 -1.050739
v -1.876738 2.475826 -1.047260
v -2.082489 2.389879 -1.020934
v -1.914768 2.530335 -1.040303
v -2.040016 2.397462 -1.011878
v -2.027455 2.399126 -1.026762
v -2.045319 2.492074 -1.021800
v -1.925977 2.529570 -0.802465
v -1.912866 2.541567 -0.802465
v -1.878406 2.483269 -0.798983
v -2.052577 2.395794 -1.026762
v -1.919420 2.535567 -0.792025
v -2.229643 2.387712 -0.847265
v -2.219998 2.386911 -0.858548
v -2.225907 2.459138 -0.854750
v -2.118373 2.451616 -0.839101
v -2.095047 2.461513 -0.839101
v -2.076414 2.366780 -0.834140
v -2.238989 2.388618 -0.858438
v -2.106712 2.456564 -0.824222
v -2.229979 2.383631 -0.988751
v -2.220102 2.385429 -1.000422
v -2.226073 2.458376 -0.996588
v -2.015396 2.464731 -0.825756
v -1.993901 2.476399 -0.825756
v -1.963170 2.415397 -0.820798
v -2.240233 2.382038 -1.000575
v -2.004647 2.470565 -0.810876
v -2.164632 2.377425 -0.837844
v -2.151970 2.377826 -0.852724
v -2.160433 2.472086 -0.847763
v -2.263980 2.460952 -0.983470
v -2.238761 2.463418 -0.983470
v -2.249331 2.367451 -0.978509
v -2.177290 2.377025 -0.852724
v -2.251371 2.462184 -0.968587
v -2.162364 2.375605 -0.994246
v -2.149700 2.376002 -1.009126
v -2.158169 2.470262 -1.004165
v -2.264309 2.461030 -0.874787
v -2.239090 2.463496 -0.874787
v -2.249660 2.367529 -0.869826
v -2.175026 2.375201 -1.009126
v -2.251700 2.462265 -0.859907
v -2.200981 2.372552 -0.991083
v -2.188313 2.372761 -1.005966
v -2.195346 2.467141 -1.001005
v -2.204548 2.447789 -0.846538
v -2.179929 2.453773 -0.846538
v -2.176903 2.357272 -0.841577
v -2.213646 2.372344 -1.005966
v -2.192239 2.450779 -0.831658
v -2.200046 2.381608 -0.841955
v -2.187378 2.381816 -0.856838
v -2.194411 2.476197 -0.851877
v -2.172362 2.448822 -1.014699
v -2.147882 2.455363 -1.014699
v -2.142670 2.358956 -1.009738
v -2.212714 2.381402 -0.856838
v -2.160120 2.452092 -0.999819
v -2.261035 2.390908 -0.867874
v -2.248530 2.390093 -0.882757
v -2.259647 2.456376 -0.877796
v -2.082678 2.454017 -0.839101
v -2.061352 2.467698 -0.839101
v -2.027045 2.377455 -0.834140
v -2.273547 2.391719 -0.882757
v -2.072017 2.460858 -0.824222
v -2.263608 2.392814 -0.962502
v -2.251103 2.392003 -0.977382
v -2.262214 2.458284 -0.972421
v -2.228591 2.460828 -0.853854
v -2.203376 2.463294 -0.853854
v -2.213943 2.367324 -0.848897
v -2.276114 2.393625 -0.977382
v -2.215982 2.462060 -0.838974
v -2.002034 2.412528 -1.018556
v -1.989548 2.414665 -1.033436
v -2.010927 2.506862 -1.028475
v -2.065000 2.465529 -1.028644
v -2.045436 2.481624 -1.028644
v -2.000738 2.396045 -1.023683
v -2.014523 2.410384 -1.033436
v -2.055218 2.473575 -1.013761
v -1.928935 2.449981 -0.797091
v -1.916266 2.449896 -0.811974
v -1.921088 2.544410 -0.807013
v -2.055287 2.461522 -0.833052
v -2.035133 2.476877 -0.833052
v -1.993666 2.389689 -0.828091
v -1.941603 2.450069 -0.811974
v -2.045212 2.469200 -0.818169
v -2.119500 2.378999 -1.001930
v -2.106848 2.379696 -1.016810
v -2.117510 2.473735 -1.011852
v -1.984402 2.483758 -1.037260
v -1.970998 2.495429 -1.037260
v -1.937984 2.436300 -1.033781
v -2.132149 2.378308 -1.016810
v -1.977701 2.489592 -1.026820
v -2.117262 2.373972 -0.832815
v -2.104610 2.374666 -0.847698
v -2.115272 2.468711 -0.842737
v -2.118249 2.453955 -1.019286
v -2.094640 2.463148 -1.019286
v -2.078854 2.367901 -1.014325
v -2.129911 2.373276 -0.847698
v -2.106445 2.458552 -1.004403
v -1.856757 2.446163 -0.772028
v -1.844170 2.447593 -0.786908
v -1.860291 2.540850 -0.781950
v -2.311476 2.466269 -0.948316
v -2.286951 2.472634 -0.948261
v -2.282440 2.376152 -0.944121
v -1.869343 2.444733 -0.786908
v -2.299216 2.469324 -0.933407
v -1.841948 2.518299 -0.783025
v -1.908625 2.500464 -0.797700
v -1.994796 2.463187 -0.818023
v -2.073899 2.428359 -0.825984
v -2.173215 2.416684 -0.841965
v -2.233624 2.424156 -0.852203
v -2.293974 2.422847 -0.901439
v -2.310086 2.462578 -0.910830
v -2.285564 2.468923 -0.911416
v -2.280990 2.372986 -0.900426
v -2.297711 2.466689 -0.896272
v -2.144338 2.452584 -0.842919
v -2.120067 2.459864 -0.842919
v -2.111943 2.363656 -0.837958
v -2.132201 2.456222 -0.828036
v -1.979532 2.415339 -0.799937
v -1.966955 2.414182 -0.814850
v -1.983701 2.506726 -0.826554
v -1.992112 2.411198 -0.814312
v -2.090773 2.454379 -1.023100
v -2.070027 2.468923 -1.023100
v -2.032042 2.380162 -1.018139
v -2.080398 2.461653 -1.008220
v -1.926719 2.443978 -1.035394
v -1.914051 2.443887 -1.050274
v -1.918872 2.538407 -1.045312
v -1.939388 2.444069 -1.050274
v -1.933769 2.517136 -1.045759
v -1.918830 2.526762 -1.045759
v -1.894634 2.463513 -1.042280
v -1.926300 2.521947 -1.035319
vt 0.555800 -1.527900
vt 0.552700 -1.539100
vt 0.541000 -1.527200
vt 0.593900 -1.669900
vt 0.624400 -1.670600
vt 0.591900 -1.652000
vt 0.560000 -1.644700
vt 0.560300 -1.659000
vt 0.564200 -1.672500
vt 0.572900 -1.682900
vt 0.604200 -1.684000
vt 0.583000 -1.695800
vt 0.558700 -1.711200
vt 0.546800 -1.701000
vt 0.534200 -1.684900
vt 0.527300 -1.663400
vt 0.525700 -1.645800
vt 0.489600 -1.621000
vt 0.510400 -1.610300
vt 0.503700 -1.625100
vt 0.497700 -1.591300
vt 0.514400 -1.580300
vt 0.505300 -1.548200
vt 0.487400 -1.628800
vt 0.498800 -1.634400
vt 0.475100 -1.626200
vt 0.477500 -1.617900
vt 0.490000 -1.569300
vt 0.503700 -1.523100
vt 0.461900 -1.622100
vt 0.529000 -1.411100
vt 0.551100 -1.475600
vt 0.536300 -1.468800
vt 0.551100 -1.486000
vt 0.525700 -1.477800
vt 0.506400 -1.411100
vt 0.512300 -1.481700
vt 0.495400 -1.479900
vt 0.514500 -1.493200
vt 0.492200 -1.506900
vt 0.518200 -1.507800
vt 0.485800 -1.524600
vt 0.473700 -1.565900
vt 0.464100 -1.611000
vt 0.441700 -1.617400
vt 0.532500 -1.505600
vt 0.484200 -1.411100
vt 0.443600 -1.609500
vt 0.447900 -1.562800
vt 0.458800 -1.524300
vt 0.475100 -1.504400
vt 0.551500 -1.503500
vt 0.523900 -1.526000
vt 0.532900 -1.575400
vt 0.518500 -1.578000
vt 0.534600 -1.622600
vt 0.520900 -1.627100
vt 0.525800 -1.638100
vt 0.536100 -1.636400
vt 0.548500 -1.619700
vt 0.548800 -1.636700
vt 0.558900 -1.616100
vt 0.559100 -1.582400
vt 0.579500 -1.595500
vt 0.587300 -1.554100
vt 0.550200 -1.571100
vt 0.567400 -1.541400
vt 0.570000 -1.526800
vt 0.581400 -1.513200
vt 0.653700 -1.603800
vt 0.642500 -1.563900
vt 0.655700 -1.580000
vt 0.635600 -1.598700
vt 0.630400 -1.550400
vt 0.617500 -1.593700
vt 0.599400 -1.588600
vt 0.593400 -1.622500
vt 0.576300 -1.620800
vt 0.559600 -1.634600
vt 0.624800 -1.635000
vt 0.640500 -1.641200
vt 0.609100 -1.628800
vt 0.619000 -1.652500
vt 0.633800 -1.657700
vt 0.604300 -1.647200
vt 0.589500 -1.642000
vt 0.573500 -1.636700
vt 0.612400 -1.549700
vt 0.638300 -1.500300
vt 0.657300 -1.551900
vt 0.654200 -1.501400
vt 0.679500 -1.552200
vt 0.676200 -1.501900
vt 0.699200 -1.499400
vt 0.696700 -1.458600
vt 0.736800 -1.482000
vt 0.676000 -1.464000
vt 0.674800 -1.411100
vt 0.736800 -1.411100
vt 0.763900 -1.476000
vt 0.736800 -1.506700
vt 0.704500 -1.548200
vt 0.687000 -1.598400
vt 0.666300 -1.607900
vt 0.759600 -1.522600
vt 0.656100 -1.562900
vt 0.733900 -1.547900
vt 0.770400 -1.541200
vt 0.761600 -1.580700
vt 0.735100 -1.596700
vt 0.732600 -1.628400
vt 0.711600 -1.627800
vt 0.716600 -1.646500
vt 0.706400 -1.649200
vt 0.693200 -1.652700
vt 0.694500 -1.628700
vt 0.681500 -1.655700
vt 0.673900 -1.638200
vt 0.710800 -1.599500
vt 0.748300 -1.630000
vt 0.731800 -1.644700
vt 0.747300 -1.641300
vt 0.625600 -1.462100
vt 0.649600 -1.462800
vt 0.620300 -1.499800
vt 0.606600 -1.456500
vt 0.601300 -1.494200
vt 0.581300 -1.484000
vt 0.586800 -1.441000
vt 0.590700 -1.411100
vt 0.630900 -1.411100
vt 0.565600 -1.477700
vt 0.555600 -1.411100
vt 0.751500 -1.770000
vt 0.698400 -1.787200
vt 0.715100 -1.747800
vt 0.751800 -1.747800
vt 0.813100 -1.777700
vt 0.807000 -1.747800
vt 0.843700 -1.747800
vt 0.833300 -1.747800
vt 0.858000 -1.747800
vt 0.906100 -1.778000
vt 0.850800 -1.778000
vt 0.831700 -1.778000
vt 0.809100 -1.799500
vt 0.744300 -1.795600
vt 0.748300 -1.823900
vt 0.703700 -1.832300
vt 0.748100 -1.846100
vt 0.709000 -1.856000
vt 0.749400 -1.874000
vt 0.807800 -1.861000
vt 0.804400 -1.887000
vt 0.906100 -1.747800
vt 0.993000 -1.791800
vt 0.993000 -1.814800
vt 0.993000 -1.772300
vt 0.839700 -1.842300
vt 0.825300 -1.842300
vt 0.830400 -1.820900
vt 0.841000 -1.861000
vt 0.861500 -1.859900
vt 0.856200 -1.840400
vt 0.906100 -1.849200
vt 0.850300 -1.820900
vt 0.906100 -1.820900
vt 0.844700 -1.797900
vt 0.906100 -1.797900
vt 0.826900 -1.797900
vt 0.811500 -1.820500
vt 0.810200 -1.842300
vt 0.906100 -1.888500
vt 0.865700 -1.886600
vt 0.850800 -1.887000
vt 0.846300 -1.947800
vt 0.847900 -1.986400
vt 0.833300 -1.986400
vt 0.862000 -1.947400
vt 0.850800 -1.911900
vt 0.866800 -1.911100
vt 0.906100 -1.911100
vt 0.993000 -1.911100
vt 0.993000 -1.888500
vt 0.993000 -1.861000
vt 0.993000 -1.836500
vt 0.906100 -1.947400
vt 0.862300 -1.986400
vt 0.906100 -1.986400
vt 0.993000 -1.986400
vt 0.993000 -1.947400
vt 0.633000 -1.859900
vt 0.653500 -1.858000
vt 0.638600 -1.835800
vt 0.658000 -1.843400
vt 0.656700 -1.820500
vt 0.670500 -1.840000
vt 0.676900 -1.813200
vt 0.748300 -1.926000
vt 0.709800 -1.942800
vt 0.753600 -1.958100
vt 0.681100 -1.957400
vt 0.645300 -1.957400
vt 0.709000 -1.957400
vt 0.732400 -1.958100
vt 0.759500 -1.986400
vt 0.722600 -1.986400
vt 0.807000 -1.986400
vt 0.803800 -1.958100
vt 0.799600 -1.922200
vt 0.752300 -1.905400
vt 0.711700 -1.907300
vt 0.682700 -1.912600
vt 0.661500 -1.915700
vt 0.626700 -1.929500
vt 0.641800 -1.906100
vt 0.615800 -1.898100
vt 0.632800 -1.887400
vt 0.615800 -1.857600
vt 0.670200 -1.861400
vt 0.656900 -1.875900
vt 0.664400 -1.881700
vt 0.672600 -1.884300
vt 0.710600 -1.884300
vt 0.109900 -1.070900
vt 0.123400 -1.091900
vt 0.136400 -1.061800
vt 0.153300 -1.083200
vt 0.186600 -1.078000
vt 0.166200 -1.051500
vt 0.199200 -1.039800
vt 0.202100 -1.112100
vt 0.225700 -1.067700
vt 0.227600 -1.030100
vt 0.244500 -1.056700
vt 0.269100 -1.050200
vt 0.254200 -1.021100
vt 0.304700 -1.041800
vt 0.274200 -1.014000
vt 0.291700 -1.004900
vt 0.364800 -1.044400
vt 0.302700 -1.067700
vt 0.317600 -1.026300
vt 0.305900 -1.004900
vt 0.142200 -1.127300
vt 0.172100 -1.118000
vt 0.218200 -1.144800
vt 0.240600 -1.102000
vt 0.258700 -1.081300
vt 0.280100 -1.067700
vt 0.188600 -1.148700
vt 0.161200 -1.162800
vt 0.283900 -1.091600
vt 0.271000 -1.107100
vt 0.259400 -1.128500
vt 0.234400 -1.175100
vt 0.208300 -1.188100
vt 0.181700 -1.201600
vt 0.272900 -1.161500
vt 0.363500 -1.228800
vt 0.310500 -1.223600
vt 0.309800 -1.260200
vt 0.274100 -1.222600
vt 0.254700 -1.233600
vt 0.307900 -1.085800
vt 0.328600 -1.091000
vt 0.337700 -1.072200
vt 0.273900 -1.188000
vt 0.310500 -1.199700
vt 0.348700 -1.194500
vt 0.373300 -1.174500
vt 0.421100 -1.178300
vt 0.381000 -1.138900
vt 0.423100 -1.122000
vt 0.475500 -1.190000
vt 0.498200 -1.134300
vt 0.424400 -1.081900
vt 0.363500 -1.092900
vt 0.346700 -1.113600
vt 0.359000 -1.140200
vt 0.348000 -1.158900
vt 0.335100 -1.172500
vt 0.311800 -1.179600
vt 0.289100 -1.179600
vt 0.419900 -1.224900
vt 0.488400 -1.230800
vt 0.507200 -1.193200
vt 0.528600 -1.146600
vt 0.525300 -1.091600
vt 0.422400 -1.044400
vt 0.370000 -1.025600
vt 0.425700 -1.025600
vt 0.376500 -1.004900
vt 0.428900 -1.004900
vt 0.500100 -1.030100
vt 0.497500 -1.048900
vt 0.566800 -1.054100
vt 0.568700 -1.101300
vt 0.335700 -1.004900
vt 0.632300 -1.045300
vt 0.636300 -1.073000
vt 0.735500 -1.049800
vt 0.425000 -1.270900
vt 0.366100 -1.265100
vt 0.423700 -1.303200
vt 0.495600 -1.303200
vt 0.497500 -1.269600
vt 0.364800 -1.303200
vt 0.302100 -1.303900
vt 0.240700 -1.257900
vt 0.559000 -1.258600
vt 0.527300 -1.274800
vt 0.626900 -1.281600
vt 0.559000 -1.245000
vt 0.624000 -1.261200
vt 0.525300 -1.233300
vt 0.717300 -1.077400
vt 0.781800 -1.086600
vt 0.752600 -1.091700
vt 0.783600 -1.129200
vt 0.751800 -1.114300
vt 0.746000 -1.203600
vt 0.720100 -1.193500
vt 0.674200 -1.271500
vt 0.569300 -1.035300
vt 0.635500 -1.033300
vt 0.738700 -1.037600
vt 0.638800 -1.004900
vt 0.742100 -1.004900
vt 0.503300 -1.004900
vt 0.572600 -1.004900
vt 0.175700 -1.705900
vt 0.179500 -1.672100
vt 0.081500 -1.672100
vt 0.096200 -1.699600
vt 0.049800 -1.672100
vt 0.072100 -1.701400
vt 0.018700 -1.707000
vt 0.030200 -1.724400
vt 0.007000 -1.792300
vt 0.162300 -1.844900
vt 0.275200 -1.805000
vt 0.176000 -1.767700
vt 0.089700 -1.804100
vt 0.114900 -1.846000
vt 0.082300 -1.863200
vt 0.138500 -1.879800
vt 0.079400 -1.887600
vt 0.146100 -1.938700
vt 0.085200 -1.917300
vt 0.036000 -1.874000
vt 0.040600 -1.853700
vt 0.021000 -1.790000
vt 0.051800 -1.727300
vt 0.095600 -1.730200
vt 0.122400 -1.719700
vt 0.041100 -1.790500
vt 0.063200 -1.837000
vt 0.250600 -1.955600
vt 0.252100 -1.929300
vt 0.206900 -1.960100
vt 0.184900 -1.928900
vt 0.184900 -1.919600
vt 0.184900 -1.886700
vt 0.264900 -1.867800
vt 0.323100 -1.852300
vt 0.326500 -1.831000
vt 0.391300 -1.811000
vt 0.329300 -1.786600
vt 0.284400 -1.763300
vt 0.231600 -1.731700
vt 0.323300 -1.745100
vt 0.281500 -1.731500
vt 0.233200 -1.712700
vt 0.252900 -1.908200
vt 0.278000 -1.904400
vt 0.292700 -1.904400
vt 0.239000 -1.686300
vt 0.288600 -1.698400
vt 0.326400 -1.721300
vt 0.302100 -1.666400
vt 0.331000 -1.679200
vt 0.311500 -1.634100
vt 0.262500 -1.655900
vt 0.279500 -1.622200
vt 0.292700 -1.929300
vt 0.305600 -1.929300
vt 0.305600 -1.904400
vt 0.322400 -1.904400
vt 0.322400 -1.929300
vt 0.355700 -1.919900
vt 0.353500 -1.890700
vt 0.418900 -1.879600
vt 0.275300 -1.929300
vt 0.418700 -1.906000
vt 0.508300 -1.871500
vt 0.526500 -1.899300
vt 0.498800 -1.921900
vt 0.523100 -1.921900
vt 0.506800 -1.899300
vt 0.527100 -1.871500
vt 0.420200 -1.923800
vt 0.363000 -1.949100
vt 0.326900 -1.952600
vt 0.308800 -1.954300
vt 0.292700 -1.958300
vt 0.272700 -1.955900
vt 0.441600 -1.956800
vt 0.384400 -1.991700
vt 0.309700 -1.991700
vt 0.275800 -1.991700
vt 0.229000 -1.991700
vt 0.382400 -1.773300
vt 0.359500 -1.745100
vt 0.388000 -1.745100
vt 0.414700 -1.745100
vt 0.606000 -1.785900
vt 0.520700 -1.785900
vt 0.557000 -1.762800
vt 0.522100 -1.824000
vt 0.504500 -1.821100
vt 0.506200 -1.845200
vt 0.432200 -1.834000
vt 0.524200 -1.847700
vt 0.606000 -1.845200
vt 0.569500 -1.871500
vt 0.606200 -1.899300
vt 0.606000 -1.871500
vt 0.606200 -1.921900
vt 0.774800 -1.292900
vt 0.777200 -1.299800
vt 0.780400 -1.289500
vt 0.775100 -1.275300
vt 0.771300 -1.280700
vt 0.766800 -1.271900
vt 0.770100 -1.293000
vt 0.772900 -1.300800
vt 0.774900 -1.307500
vt 0.779300 -1.306500
vt 0.783300 -1.297200
vt 0.785500 -1.304100
vt 0.927800 -1.730800
vt 0.933800 -1.712200
vt 0.928800 -1.712100
vt 0.934800 -1.726500
vt 0.946900 -1.711400
vt 0.945900 -1.720100
vt 0.957100 -1.712000
vt 0.957500 -1.718500
vt 0.967100 -1.706300
vt 0.933200 -1.707100
vt 0.928100 -1.707200
vt 0.948000 -1.706300
vt 0.959900 -1.705500
vt 0.933900 -1.701900
vt 0.928800 -1.702000
vt 0.946500 -1.701200
vt 0.956500 -1.700800
vt 0.675800 -1.787200
vt 0.646300 -1.787200
vt 0.626700 -1.816300
vt 0.899900 -1.587100
vt 0.893000 -1.579700
vt 0.896800 -1.592200
vt 0.897100 -1.578300
vt 0.890000 -1.575300
vt 0.894300 -1.573800
vt 0.908600 -1.572500
vt 0.907700 -1.567400
vt 0.916900 -1.569000
vt 0.918500 -1.562400
vt 0.926500 -1.560400
vt 0.909700 -1.579900
vt 0.918100 -1.573400
vt 0.926900 -1.560100
vt 0.828100 -1.673700
vt 0.771700 -1.689200
vt 0.833400 -1.688200
vt 0.855500 -1.682100
vt 0.852000 -1.666400
vt 0.884900 -1.672300
vt 0.878700 -1.655700
vt 0.917600 -1.662600
vt 0.913200 -1.647500
vt 0.927500 -1.659600
vt 0.923500 -1.643200
vt 0.932300 -1.655500
vt 0.928800 -1.638300
vt 0.919900 -1.633300
vt 0.926800 -1.633100
vt 0.782100 -1.700200
vt 0.758000 -1.699200
vt 0.740300 -1.699100
vt 0.909200 -1.637500
vt 0.875400 -1.646600
vt 0.846200 -1.655400
vt 0.822600 -1.662600
vt 0.768600 -1.677600
vt 0.918300 -1.624800
vt 0.925900 -1.628200
vt 0.907600 -1.629400
vt 0.873600 -1.638800
vt 0.845600 -1.646100
vt 0.821800 -1.651400
vt 0.766500 -1.669700
vt 0.735900 -1.673400
vt 0.718900 -1.691000
vt 0.923800 -1.702600
vt 0.915500 -1.709700
vt 0.923000 -1.707700
vt 0.916200 -1.699500
vt 0.904000 -1.709200
vt 0.904500 -1.698800
vt 0.868900 -1.711200
vt 0.869400 -1.701700
vt 0.838500 -1.712200
vt 0.840400 -1.700300
vt 0.813800 -1.712900
vt 0.815700 -1.699400
vt 0.768800 -1.711200
vt 0.768000 -1.700100
vt 0.721400 -1.711000
vt 0.692700 -1.698000
vt 0.677500 -1.702100
vt 0.700100 -1.713800
vt 0.721400 -1.719700
vt 0.768700 -1.719200
vt 0.814300 -1.722600
vt 0.840700 -1.720900
vt 0.869500 -1.719100
vt 0.905500 -1.717400
vt 0.916200 -1.718400
vt 0.923800 -1.712700
vt 0.914600 -1.733300
vt 0.922800 -1.731400
vt 0.684500 -1.712500
vt 0.688000 -1.726900
vt 0.699600 -1.728000
vt 0.723100 -1.733300
vt 0.769700 -1.734500
vt 0.814100 -1.741100
vt 0.841100 -1.738200
vt 0.868800 -1.734400
vt 0.901600 -1.734000
vt 0.719700 -1.341900
vt 0.709700 -1.330200
vt 0.721100 -1.328200
vt 0.732700 -1.335800
vt 0.724200 -1.349300
vt 0.737100 -1.344600
vt 0.727400 -1.356200
vt 0.746400 -1.349400
vt 0.957100 -1.619800
vt 0.969000 -1.623800
vt 0.962000 -1.624800
vt 0.948200 -1.622700
vt 0.950900 -1.627100
vt 0.935800 -1.626000
vt 0.936600 -1.630900
vt 0.932000 -1.626100
vt 0.932800 -1.631000
vt 0.719700 -1.342100
vt 0.709100 -1.335300
vt 0.704300 -1.326700
vt 0.716300 -1.345800
vt 0.710100 -1.347400
vt 0.719700 -1.352000
vt 0.714300 -1.354600
vt 0.722400 -1.359100
vt 0.717000 -1.361700
vt 0.849000 -1.322500
vt 0.867100 -1.322900
vt 0.854900 -1.333000
vt 0.874000 -1.331100
vt 0.859400 -1.345100
vt 0.878700 -1.345100
vt 0.868400 -1.385000
vt 0.890200 -1.384600
vt 0.872600 -1.411700
vt 0.895600 -1.404700
vt 0.875100 -1.427400
vt 0.897200 -1.423000
vt 0.880100 -1.462600
vt 0.892900 -1.468400
vt 0.887200 -1.518100
vt 0.899900 -1.510800
vt 0.891500 -1.535000
vt 0.878500 -1.532200
vt 0.877400 -1.549900
vt 0.868500 -1.538000
vt 0.893000 -1.557600
vt 0.858200 -1.538100
vt 0.866400 -1.529500
vt 0.877000 -1.520500
vt 0.868400 -1.462100
vt 0.863800 -1.430400
vt 0.860300 -1.413200
vt 0.855500 -1.387600
vt 0.846700 -1.348700
vt 0.843800 -1.335100
vt 0.842500 -1.324600
vt 0.835100 -1.336500
vt 0.837400 -1.350200
vt 0.837900 -1.325100
vt 0.857400 -1.464500
vt 0.851900 -1.434800
vt 0.849800 -1.416100
vt 0.847100 -1.388900
vt 0.781200 -1.312600
vt 0.775300 -1.323700
vt 0.776800 -1.313600
vt 0.783700 -1.321300
vt 0.779300 -1.337000
vt 0.788300 -1.334400
vt 0.794200 -1.373900
vt 0.802200 -1.371700
vt 0.800500 -1.400600
vt 0.810500 -1.396300
vt 0.801600 -1.415500
vt 0.813000 -1.410500
vt 0.821900 -1.467100
vt 0.832200 -1.463500
vt 0.834000 -1.510100
vt 0.851900 -1.519000
vt 0.860200 -1.498600
vt 0.787400 -1.310200
vt 0.795700 -1.316800
vt 0.799000 -1.330000
vt 0.813900 -1.367600
vt 0.822200 -1.393100
vt 0.821400 -1.408700
vt 0.843100 -1.460500
vt 0.730900 -1.372800
vt 0.739500 -1.368400
vt 0.745800 -1.380100
vt 0.737500 -1.385200
vt 0.768000 -1.412500
vt 0.757200 -1.419500
vt 0.781800 -1.435100
vt 0.770300 -1.441900
vt 0.789900 -1.453200
vt 0.780800 -1.455600
vt 0.811300 -1.482800
vt 0.801900 -1.490300
vt 0.827400 -1.534000
vt 0.846700 -1.536500
vt 0.856100 -1.530800
vt 0.718400 -1.379000
vt 0.725400 -1.390700
vt 0.748000 -1.423900
vt 0.760600 -1.447700
vt 0.769800 -1.460100
vt 0.794400 -1.493700
vt 0.819700 -1.541700
vt 0.836000 -1.546900
vt 0.846800 -1.556000
vt 0.849900 -1.544800
vt 0.826700 -1.488900
vt 0.817100 -1.468800
vt 0.806100 -1.449600
vt 0.797700 -1.427600
vt 0.786100 -1.402300
vt 0.762600 -1.366600
vt 0.749300 -1.356100
vt 0.730300 -1.362900
vt 0.725300 -1.365800
vt 0.719900 -1.368400
vt 0.283500 -1.508800
vt 0.255100 -1.507100
vt 0.270600 -1.508800
vt 0.286000 -1.510500
vt 0.307600 -1.515700
vt 0.305000 -1.513900
vt 0.334200 -1.526800
vt 0.334200 -1.525100
vt 0.358300 -1.537200
vt 0.359200 -1.536300
vt 0.390200 -1.540600
vt 0.391000 -1.539800
vt 0.410000 -1.538000
vt 0.410800 -1.537200
vt 0.435800 -1.537200
vt 0.434100 -1.537200
vt 0.340600 -1.327300
vt 0.334700 -1.385100
vt 0.341600 -1.403700
vt 0.332700 -1.403700
vt 0.330800 -1.385100
vt 0.340600 -1.362600
vt 0.371900 -1.320400
vt 0.340600 -1.314600
vt 0.568900 -1.364500
vt 0.600200 -1.403700
vt 0.569800 -1.403700
vt 0.522800 -1.356700
vt 0.523800 -1.403700
vt 0.485600 -1.352800
vt 0.487500 -1.403700
vt 0.444400 -1.343000
vt 0.448300 -1.403700
vt 0.413100 -1.336100
vt 0.417000 -1.403700
vt 0.373900 -1.403700
vt 0.597300 -1.368400
vt 0.629600 -1.392000
vt 0.629600 -1.403700
vt 0.636500 -1.403700
vt 0.286000 -1.567300
vt 0.253300 -1.605200
vt 0.311900 -1.597400
vt 0.307600 -1.566400
vt 0.286000 -1.563000
vt 0.307600 -1.562100
vt 0.334200 -1.567300
vt 0.360100 -1.593100
vt 0.256800 -1.561300
vt 0.306700 -1.540600
vt 0.334200 -1.563900
vt 0.382400 -1.568200
vt 0.404000 -1.588000
vt 0.361800 -1.605200
vt 0.407400 -1.600900
vt 0.286000 -1.538000
vt 0.334200 -1.549200
vt 0.358300 -1.554400
vt 0.382400 -1.560400
vt 0.390200 -1.547500
vt 0.358300 -1.544100
vt 0.334200 -1.533700
vt 0.307600 -1.522500
vt 0.286000 -1.517400
vt 0.256800 -1.536300
vt 0.256800 -1.513900
vt 0.233500 -1.530300
vt 0.233500 -1.511400
vt 0.204300 -1.516500
vt 0.210300 -1.497600
vt 0.197400 -1.491600
vt 0.195700 -1.523400
vt 0.182800 -1.486400
vt 0.157000 -1.513900
vt 0.208600 -1.532900
vt 0.233500 -1.504500
vt 0.234400 -1.557800
vt 0.213800 -1.550100
vt 0.197400 -1.541500
vt 0.160400 -1.541500
vt 0.123400 -1.538000
vt 0.152700 -1.484700
vt 0.107900 -1.483800
vt 0.110500 -1.470000
vt 0.084700 -1.483000
vt 0.093300 -1.456300
vt 0.070900 -1.479500
vt 0.079500 -1.448500
vt 0.057100 -1.475200
vt 0.208600 -1.565600
vt 0.059700 -1.532000
vt 0.073500 -1.535500
vt 0.094100 -1.536300
vt 0.107900 -1.580200
vt 0.132900 -1.585400
vt 0.060600 -1.577600
vt 0.082100 -1.578500
vt 0.181100 -1.568200
vt 0.153500 -1.592300
vt 0.107000 -1.613800
vt 0.082100 -1.609500
vt 0.056300 -1.607700
vt 0.036500 -1.606000
vt 0.045900 -1.575000
vt 0.045900 -1.527700
vt 0.126800 -1.618100
vt 0.032200 -1.570700
vt 0.008900 -1.595700
vt 0.171600 -1.607700
vt 0.143200 -1.632700
vt 0.189700 -1.622400
vt 0.163800 -1.647300
vt 0.170700 -1.657700
vt 0.198300 -1.635300
vt 0.200000 -1.594800
vt 0.218900 -1.608600
vt 0.236100 -1.587100
vt 0.256800 -1.565600
vt 0.234400 -1.563000
vt 0.220600 -1.621500
vt 0.265400 -1.617200
vt 0.312700 -1.610300
vt 0.119100 -1.433900
vt 0.210300 -1.490700
vt 0.153500 -1.472600
vt 0.179300 -1.474300
vt 0.156100 -1.459700
vt 0.181100 -1.439900
vt 0.205100 -1.474300
vt 0.213800 -1.478700
vt 0.234400 -1.493300
vt 0.256800 -1.496700
vt 0.255100 -1.505300
vt 0.271400 -1.505300
vt 0.286000 -1.499300
vt 0.286000 -1.506200
vt 0.307600 -1.505300
vt 0.306700 -1.512200
vt 0.334200 -1.516500
vt 0.323900 -1.506200
vt 0.330800 -1.507900
vt 0.345400 -1.503600
vt 0.348000 -1.507900
vt 0.358300 -1.526800
vt 0.250800 -1.452000
vt 0.257600 -1.472600
vt 0.268000 -1.481200
vt 0.274000 -1.482100
vt 0.280000 -1.481200
vt 0.288600 -1.477800
vt 0.315300 -1.489800
vt 0.323900 -1.493300
vt 0.342000 -1.495900
vt 0.363500 -1.500200
vt 0.360900 -1.513900
vt 0.390200 -1.529400
vt 0.378100 -1.515700
vt 0.343700 -1.488100
vt 0.292100 -1.458900
vt 0.285200 -1.464900
vt 0.279200 -1.467500
vt 0.274000 -1.468300
vt 0.269700 -1.467500
vt 0.261100 -1.461400
vt 0.255100 -1.452800
vt 0.253300 -1.444200
vt 0.256800 -1.447700
vt 0.260200 -1.438200
vt 0.262800 -1.443400
vt 0.276600 -1.437300
vt 0.274900 -1.442500
vt 0.281700 -1.440800
vt 0.258500 -1.452800
vt 0.263700 -1.460600
vt 0.267100 -1.463200
vt 0.270600 -1.465700
vt 0.274000 -1.466600
vt 0.278300 -1.465700
vt 0.283500 -1.463200
vt 0.289500 -1.458000
vt 0.284300 -1.447700
vt 0.286000 -1.447700
vt 0.279200 -1.445100
vt 0.278300 -1.445900
vt 0.274900 -1.443400
vt 0.264500 -1.444200
vt 0.260200 -1.447700
vt 0.314400 -1.468300
vt 0.336800 -1.465700
vt 0.319600 -1.474300
vt 0.342000 -1.470900
vt 0.363500 -1.470900
vt 0.363500 -1.484700
vt 0.369500 -1.487300
vt 0.355800 -1.483000
vt 0.327400 -1.478700
vt 0.298100 -1.459700
vt 0.359200 -1.464900
vt 0.290400 -1.444200
vt 0.308400 -1.445900
vt 0.329100 -1.445900
vt 0.345400 -1.452800
vt 0.360900 -1.457100
vt 0.373000 -1.462300
vt 0.372100 -1.469200
vt 0.375600 -1.476100
vt 0.380700 -1.494100
vt 0.388500 -1.473500
vt 0.387600 -1.479500
vt 0.394500 -1.489000
vt 0.385900 -1.499300
vt 0.403100 -1.498400
vt 0.413400 -1.495000
vt 0.408300 -1.483000
vt 0.262000 -1.419300
vt 0.263700 -1.410700
vt 0.285200 -1.421800
vt 0.283500 -1.431300
vt 0.313600 -1.427000
vt 0.334200 -1.432200
vt 0.363500 -1.443400
vt 0.385000 -1.455400
vt 0.408300 -1.470900
vt 0.427200 -1.489800
vt 0.417700 -1.495900
vt 0.413400 -1.460600
vt 0.435800 -1.479500
vt 0.416000 -1.504500
vt 0.411700 -1.500200
vt 0.421200 -1.499300
vt 0.410800 -1.506200
vt 0.415100 -1.511400
vt 0.422000 -1.512200
vt 0.407400 -1.516500
vt 0.436700 -1.514800
vt 0.426300 -1.510500
vt 0.429800 -1.508800
vt 0.418600 -1.504500
vt 0.426300 -1.500200
vt 0.425500 -1.498400
vt 0.431500 -1.497600
vt 0.442700 -1.492400
vt 0.422000 -1.508800
vt 0.448700 -1.512200
vt 0.428100 -1.500200
vt 0.453000 -1.524300
vt 0.444400 -1.526000
vt 0.410000 -1.528600
vt 0.368700 -1.432200
vt 0.214600 -1.461400
vt 0.208600 -1.457100
vt 0.208600 -1.466600
vt 0.217200 -1.443400
vt 0.132000 -1.445100
vt 0.159500 -1.441600
vt 0.163800 -1.423600
vt 0.182800 -1.420100
vt 0.212000 -1.439100
vt 0.221500 -1.415800
vt 0.225800 -1.427900
vt 0.237000 -1.419300
vt 0.099300 -1.410700
vt 0.067400 -1.443400
vt 0.109600 -1.421000
vt 0.149200 -1.385700
vt 0.157800 -1.397800
vt 0.160400 -1.408100
vt 0.181100 -1.412400
vt 0.236100 -1.409800
vt 0.198300 -1.403800
vt 0.206000 -1.376200
vt 0.207700 -1.388300
vt 0.219800 -1.399500
vt 0.252500 -1.400300
vt 0.247300 -1.394300
vt 0.238700 -1.396000
vt 0.239600 -1.384800
vt 0.237900 -1.371900
vt 0.267100 -1.398600
vt 0.321300 -1.408900
vt 0.315300 -1.420100
vt 0.275700 -1.379700
vt 0.270600 -1.390900
vt 0.292900 -1.411500
vt 0.303300 -1.421800
vt 0.284300 -1.371100
vt 0.775100 -1.224900
vt 0.781400 -1.236900
vt 0.750600 -1.271500
vt 0.731100 -1.257300
vt 0.729800 -1.280600
vt 0.679400 -1.293500
vt 0.527300 -1.304200
vt 0.542200 -1.299400
vt 0.546000 -1.318800
vt 0.575200 -1.320700
vt 0.579100 -1.335600
vt 0.604900 -1.338200
vt 0.599100 -1.323300
vt 0.617900 -1.325200
vt 0.613400 -1.311000
vt 0.636000 -1.307800
vt 0.623700 -1.293200
vt 0.787100 -1.034000
vt 0.807400 -1.124200
vt 0.775100 -1.054800
vt 0.836600 -1.124200
vt 0.825200 -1.180300
vt 0.871800 -1.052200
vt 0.874100 -1.124200
vt 0.914400 -1.050400
vt 0.920500 -1.124200
vt 0.951200 -1.003300
vt 0.947200 -1.124200
vt 0.963300 -1.006500
vt 0.856300 -1.178100
vt 0.845300 -1.225900
vt 0.873800 -1.225900
vt 0.996100 -1.010000
vt 0.966600 -1.124200
vt 0.954000 -1.225900
vt 0.934600 -1.225900
vt 0.901600 -1.225900
vt 0.873800 -1.290500
vt 0.904900 -1.290500
vt 0.890600 -1.338600
vt 0.921700 -1.290500
vt 0.919100 -1.338600
vt 0.943000 -1.338600
vt 0.950200 -1.290500
vt 0.967000 -1.338600
vt 0.950800 -1.396500
vt 0.911300 -1.396500
vt 0.972800 -1.225900
vt 0.996100 -1.124200
vt 0.996100 -1.225900
vt 0.967600 -1.290500
vt 0.996100 -1.290500
vt 0.996100 -1.338600
vt 0.976700 -1.396500
vt 0.996100 -1.396500
vt 0.978000 -1.461200
vt 0.996100 -1.461200
vt 0.981200 -1.527300
vt 0.996100 -1.527300
vt 0.979900 -1.604000
vt 0.996100 -1.604000
vt 0.996100 -1.700900
vt 0.956600 -1.461200
vt 0.965700 -1.604000
vt 0.967600 -1.527300
vt 0.944300 -1.527300
vt 0.928100 -1.461200
vt 0.711700 -1.672100
vt 0.754200 -1.652700
vt 0.757500 -1.660000
vt 0.792400 -1.637000
vt 0.786000 -1.626300
vt 0.816300 -1.625900
vt 0.808100 -1.615200
vt 0.839500 -1.612400
vt 0.835300 -1.601600
vt 0.869500 -1.595700
vt 0.866800 -1.586400
vt 0.879300 -1.587700
vt 0.876700 -1.580400
vt 0.887400 -1.582900
vt 0.884400 -1.578400
vt 0.678300 -1.692100
vt 0.691600 -1.683800
vt 0.706900 -1.664400
vt 0.750200 -1.646400
vt 0.782000 -1.617400
vt 0.805900 -1.606300
vt 0.832200 -1.594100
vt 0.863900 -1.578800
vt 0.873600 -1.572400
vt 0.882700 -1.573800
vt 0.840000 -1.312200
vt 0.837200 -1.320300
vt 0.841800 -1.319700
vt 0.835500 -1.312500
vt 0.838600 -1.305000
vt 0.833900 -1.304400
vt 0.836700 -1.292500
vt 0.846300 -1.310500
vt 0.848300 -1.317700
vt 0.844600 -1.302200
vt 0.841100 -1.287500
vt 0.833500 -1.283200
vt 0.011500 -1.108400
vt 0.033900 -1.108400
vt 0.011500 -1.146700
vt 0.033900 -1.145600
vt 0.053000 -1.108400
vt 0.054100 -1.008400
vt 0.033900 -1.008400
vt 0.011500 -1.008400
vt 0.053000 -1.146700
vt 0.043400 -1.108400
vt 0.026400 -1.242400
vt 0.011500 -1.242400
vt 0.029600 -1.008400
vt 0.042400 -1.008400
vt 0.011500 -1.315800
vt 0.027500 -1.313700
vt 0.043400 -1.242400
vt 0.042400 -1.146700
vt 0.029600 -1.108400
vt 0.027500 -1.146700
vt 0.021100 -1.242400
vt 0.026400 -1.319000
vt 0.033900 -1.243500
vt 0.011500 -1.320100
vt 0.011500 -1.324400
vt 0.447400 -1.371400
vt 0.416000 -1.368400
vt 0.372900 -1.365500
vt 0.598200 -1.382200
vt 0.568900 -1.379200
vt 0.523800 -1.375300
vt 0.486600 -1.373300
vt 0.888200 -1.570600
vt 0.892700 -1.569200
vt 0.904300 -1.563700
vt 0.914100 -1.559500
vt 0.716100 -1.182900
vt 0.684700 -1.211600
vt 0.687400 -1.193900
vt 0.692900 -1.170600
vt 0.655900 -1.223900
vt 0.676500 -1.211600
vt 0.632700 -1.170600
vt 0.688800 -1.148800
vt 0.687400 -1.129600
vt 0.676500 -1.129600
vt 0.657300 -1.117300
vt 0.635400 -1.111800
vt 0.614900 -1.117300
vt 0.636800 -1.106400
vt 0.583500 -1.109100
vt 0.595800 -1.128200
vt 0.583500 -1.147400
vt 0.578000 -1.170600
vt 0.576700 -1.196600
vt 0.595800 -1.211600
vt 0.613600 -1.223900
vt 0.634100 -1.228000
vt 0.549300 -1.157000
vt 0.558900 -1.129600
vt 0.286000 -1.507100
vt 0.306700 -1.513100
vt 0.335100 -1.524300
vt 0.334200 -1.523400
vt 0.359200 -1.534600
vt 0.358300 -1.533700
vt 0.390200 -1.538000
vt 0.389300 -1.537200
vt 0.409100 -1.535500
vt 0.410800 -1.533700
vt 0.440100 -1.535500
vt 0.440100 -1.532900
vt 0.448700 -1.534600
vt 0.451300 -1.531100
vt 0.950400 -1.642200
vt 0.939000 -1.636200
vt 0.940200 -1.648100
vt 0.951000 -1.633700
vt 0.961800 -1.629700
vt 0.960100 -1.638300
vt 0.934800 -1.636200
vt 0.938400 -1.653400
vt 0.389300 -1.721300
vt 0.440400 -1.721300
vt 0.445400 -1.754000
vt 0.502900 -1.745900
vt 0.389200 -1.679200
vt 0.434500 -1.679200
vt 0.498800 -1.718000
vt 0.523100 -1.718000
vt 0.519200 -1.745900
vt 0.606000 -1.718000
vt 0.606000 -1.745900
vt 0.606000 -1.762800
vt 0.438000 -1.790600
vt 0.501600 -1.762800
vt 0.511300 -1.762800
vt 0.518500 -1.762800
vt 0.503400 -1.785900
vt 0.755400 -1.670100
vt 0.764300 -1.666000
vt 0.802000 -1.649100
vt 0.826100 -1.638000
vt 0.849200 -1.627600
vt 0.877200 -1.611000
vt 0.887400 -1.600400
vt 0.891100 -1.595600
vt 0.807100 -1.306500
vt 0.812900 -1.313700
vt 0.814800 -1.326700
vt 0.829700 -1.363600
vt 0.838900 -1.391700
vt 0.843100 -1.407100
vt 0.852500 -1.455600
vt 0.858700 -1.483400
vt 0.054800 -1.409900
vt 0.067600 -1.390400
vt 0.074000 -1.401600
vt 0.038200 -1.400900
vt 0.061800 -1.371800
vt 0.049900 -1.355800
vt 0.020800 -1.389300
vt 0.021000 -1.436200
vt 0.037500 -1.438100
vt 0.033900 -1.511800
vt 0.007900 -1.436400
vt 0.010800 -1.383700
vt 0.043800 -1.344900
vt 0.073800 -1.332500
vt 0.077800 -1.344000
vt 0.089700 -1.368100
vt 0.092800 -1.392600
vt 0.096400 -1.402900
vt 0.570000 -1.672300
vt 0.798900 -1.296100
vt 0.805200 -1.300400
vt 0.789100 -1.283300
vt 0.041200 -1.268300
vt 0.063800 -1.268000
vt 0.062600 -1.230800
vt 0.079000 -1.260100
vt 0.083000 -1.236900
vt 0.109400 -1.212800
vt 0.139100 -1.239700
vt 0.154100 -1.193800
vt 0.167300 -1.223700
vt 0.185700 -1.211800
vt 0.198100 -1.245000
vt 0.180300 -1.258600
vt 0.228300 -1.263900
vt 0.212400 -1.276900
vt 0.152000 -1.277900
vt 0.104900 -1.277200
vt 0.227200 -1.305400
vt 0.243000 -1.289400
vt 0.198000 -1.327700
vt 0.172900 -1.303600
vt 0.147600 -1.337100
vt 0.133600 -1.302200
vt 0.130700 -1.351800
vt 0.117000 -1.325100
vt 0.170800 -1.373600
vt 0.179800 -1.355100
vt 0.093600 -1.301100
vt 0.099400 -1.340400
vt 0.060300 -1.316700
vt 0.163200 -1.316400
vt 0.219800 -1.352000
vt 0.212200 -1.366200
vt 0.231900 -1.332400
vt 0.250400 -1.315600
vt 0.266600 -1.301000
vt 0.037900 -1.401100
vt 0.854300 -1.297700
vt 0.863900 -1.311500
vt 0.866400 -1.318000
vt 0.628400 -1.373700
vt 0.649300 -1.391900
vt 0.666700 -1.313700
vt 0.685600 -1.391900
vt 0.410800 -1.552700
vt 0.410000 -1.560400
vt 0.435800 -1.541500
vt 0.429800 -1.550900
vt 0.441800 -1.556100
vt 0.434100 -1.566400
vt 0.422900 -1.561300
vt 0.415100 -1.570700
vt 0.427200 -1.575900
vt 0.410000 -1.544900
vt 0.447800 -1.546600
vt 0.447800 -1.542300
vt 0.706500 -1.373700
vt 0.647900 -1.390300
vt 0.676200 -1.390300
vt 0.660400 -1.311900
vt 0.703400 -1.371000
vt 0.619500 -1.371000
vt 0.089500 -1.195900
vt 0.099500 -1.121700
vt 0.135100 -1.143800
vt 0.072300 -1.105700
vt 0.099400 -1.121100
vt 0.089400 -1.195300
vt 0.135000 -1.143200
vt 0.072100 -1.105200
vt 0.061900 -1.209800
vt -3.700200 1.778500
vt -3.700900 1.782900
vt -3.699200 1.780300
vt 0.061800 -1.209200
vt 0.047700 -1.083200
vt 0.046700 -1.025700
vt 0.037100 -1.028900
vt 0.053100 -1.010900
vn 0.472091 -0.878811 0.069338
vn -0.350536 -0.677816 0.646260
vn 0.465072 -0.848018 0.253975
vn -0.301035 -0.006195 -0.953581
vn -0.795312 -0.606067 0.010712
vn -0.667135 0.744530 -0.023896
vn -0.489425 0.871731 -0.022523
vn -0.365795 0.470016 -0.803278
vn -0.149846 0.013153 -0.988617
vn -0.125370 -0.502640 -0.855342
vn 0.149236 -0.987030 -0.058901
vn -0.068575 -0.993622 -0.089389
vn -0.347789 -0.936125 -0.051546
vn -0.286172 -0.517899 -0.806146
vn -0.266274 -0.011872 -0.963805
vn -0.329630 0.485519 -0.809656
vn -0.439650 0.897641 -0.030152
vn -0.338115 0.025117 0.940733
vn -0.375500 0.505814 0.776574
vn -0.348827 0.506882 0.788263
vn -0.150456 0.007447 0.988556
vn -0.284738 0.019837 0.958373
vn -0.093692 -0.492904 0.864986
vn -0.322245 -0.533311 0.782098
vn -0.526658 -0.004700 0.850032
vn -0.384075 0.520615 0.762505
vn -0.565416 0.547319 0.616993
vn -0.353801 -0.029359 0.934843
vn -0.835292 0.410535 0.365673
vn -0.722434 -0.477645 0.499893
vn -0.616077 0.009125 0.787622
vn -0.674245 0.460219 0.577502
vn -0.647328 -0.469680 0.600269
vn -0.551286 -0.593707 0.586138
vn -0.215155 -0.633351 0.743309
vn 0.429273 -0.898190 0.094577
vn -0.445723 -0.871700 -0.203497
vn 0.614948 -0.133488 0.777154
vn 0.558977 0.403302 0.724448
vn 0.841029 0.058901 0.537736
vn 0.830042 -0.107852 0.547136
vn 0.865017 -0.354350 0.355174
vn 0.958831 -0.276284 0.065279
vn 0.817988 -0.500443 0.283517
vn 0.879910 -0.411389 -0.237587
vn 0.752953 -0.606098 0.256325
vn 0.830287 -0.549669 0.091708
vn 0.818934 -0.544237 0.181890
vn 0.557726 -0.810175 0.180242
vn 0.085055 -0.996368 0.001404
vn -0.295755 -0.944884 -0.140294
vn -0.125736 -0.469069 -0.874142
vn 0.846797 -0.531541 0.019105
vn 0.686117 -0.110538 -0.719016
vn -0.038728 -0.576922 -0.815851
vn 0.324503 -0.599414 -0.731651
vn 0.631458 -0.522965 -0.572436
vn 0.749138 -0.297037 -0.592029
vn 0.830226 -0.462783 0.310678
vn 0.589892 -0.807337 0.013520
vn 0.075045 -0.996857 -0.024079
vn 0.054781 -0.618976 -0.783471
vn -0.222327 -0.974517 -0.029206
vn -0.218787 -0.623554 -0.750511
vn -0.223670 -0.638142 0.736686
vn -0.175970 -0.006561 0.984344
vn 0.002075 -0.040529 0.999146
vn -0.105838 0.553728 0.825922
vn -0.529862 0.443068 0.723106
vn 0.068545 -0.639912 0.765343
vn -0.748619 -0.360271 0.556536
vn -0.783776 -0.330973 -0.525468
vn -0.693564 0.606830 -0.388195
vn -0.478805 -0.420515 -0.770623
vn 0.002564 -0.044923 -0.998962
vn -0.656697 0.400494 -0.638966
vn -0.102054 0.534898 -0.838710
vn -0.213233 0.976318 -0.036103
vn -0.251808 0.967345 -0.028596
vn -0.235511 0.579272 0.780328
vn -0.161229 -0.021882 -0.986663
vn -0.205573 0.571001 -0.794763
vn -0.565233 0.824091 -0.036287
vn -0.813471 0.469283 -0.343516
vn -0.875546 0.480880 0.046113
vn -0.518723 0.824091 -0.227454
vn -0.776849 0.524552 -0.348247
vn -0.087252 0.285623 -0.954344
vn 0.015168 0.258278 -0.965941
vn 0.487564 -0.077212 -0.869655
vn -0.751488 0.500534 -0.429731
vn -0.419874 0.332133 -0.844600
vn 0.436201 -0.033631 -0.899197
vn 0.038057 0.372692 -0.927152
vn -0.188025 0.976318 -0.106845
vn 0.346995 -0.021729 -0.937590
vn 0.338725 -0.025178 -0.940519
vn 0.153264 -0.004944 -0.988159
vn -0.016968 0.522507 -0.852443
vn 0.036134 0.116886 -0.992462
vn -0.137761 0.436628 -0.889004
vn -0.530686 0.822138 -0.205969
vn -0.319407 0.935942 -0.148106
vn 0.211005 0.492538 -0.844295
vn 0.026063 0.010559 -0.999603
vn -0.929014 0.369884 0.008362
vn -0.897183 0.394391 -0.198737
vn -0.869808 0.492630 -0.026917
vn -0.790307 0.290994 0.539140
vn -0.692160 0.393750 0.604816
vn -0.532914 0.813074 -0.234230
vn -0.452834 0.261147 0.852473
vn -0.433058 0.197485 0.879421
vn -0.910337 0.413709 0.010041
vn 0.339793 0.744072 0.575213
vn 0.116794 -0.006439 0.993133
vn 0.712729 0.030000 0.700766
vn 0.525285 0.097140 -0.845332
vn 0.721946 -0.674276 -0.155248
vn 0.228736 -0.062105 0.971496
vn 0.735008 0.117069 0.667867
vn 0.184484 0.016449 0.982665
vn 0.224616 -0.021332 0.974181
vn 0.153325 -0.110538 0.981964
vn 0.441694 -0.579852 0.684561
vn 0.601703 -0.398724 0.692038
vn 0.739494 -0.106357 0.664663
vn 0.989624 0.143406 0.004608
vn 0.972777 0.207953 -0.102237
vn 0.621937 0.279183 -0.731590
vn 0.623798 0.302835 -0.720511
vn 0.146153 0.183630 -0.972045
vn 0.143712 0.288461 -0.946623
vn -0.163182 0.055757 -0.985015
vn -0.165654 -0.012177 -0.986084
vn -0.636189 -0.048830 -0.769951
vn 0.026826 -0.101352 0.994476
vn 0.426252 -0.550554 0.717734
vn 0.615223 -0.788202 0.014252
vn 0.258553 0.015046 0.965850
vn 0.207862 -0.007477 -0.978118
vn 0.184179 0.034883 -0.982269
vn 0.707022 -0.082949 -0.702261
vn -0.135655 0.082675 -0.987274
vn 0.137577 -0.134465 -0.981292
vn -0.041505 -0.039247 -0.998352
vn 0.559832 -0.393109 -0.729392
vn 0.387341 -0.531388 -0.753349
vn 0.841670 -0.539781 0.012421
vn 0.614490 -0.788842 0.009827
vn 0.990143 -0.139500 0.011475
vn 0.693136 0.109439 -0.712424
vn -0.465804 0.496384 -0.732505
vn -0.525407 0.372204 -0.765069
vn -0.471572 -0.120945 0.873470
vn -0.413465 0.274941 0.868007
vn -0.983673 -0.122593 0.131657
vn -0.780328 0.604511 0.160070
vn -0.639790 0.737236 0.217048
vn -0.643391 0.754082 0.131901
vn -0.392926 0.521958 -0.757042
vn 0.053529 0.105228 -0.992981
vn 0.431562 -0.459822 -0.776055
vn -0.364116 0.368480 0.855342
vn -0.345256 0.464034 0.815729
vn 0.972747 0.207984 0.102237
vn 0.989624 0.143406 -0.004608
vn 0.712729 0.030000 -0.700766
vn 0.525315 0.097140 0.845332
vn 0.021821 0.616657 0.786920
vn 0.000275 0.415387 0.909635
vn 0.319407 0.614429 0.721366
vn 0.268929 0.277505 0.922300
vn 0.574908 0.366039 0.731742
vn 0.422834 0.250801 0.870785
vn 0.646809 0.144444 0.748802
vn 0.623798 0.302835 0.720481
vn 0.621937 0.279183 0.731590
vn 0.693136 0.109439 0.712424
vn 0.990143 -0.139500 -0.011475
vn 0.739494 -0.106357 -0.664663
vn 0.735008 0.117069 -0.667867
vn 0.228736 -0.062105 -0.971496
vn 0.721915 -0.674306 0.155248
vn 0.184484 0.016449 -0.982665
vn 0.224616 -0.021332 -0.974181
vn 0.153325 -0.110538 -0.981964
vn 0.601703 -0.398724 -0.692038
vn 0.841670 -0.539781 -0.012421
vn 0.707022 -0.082949 0.702261
vn 0.184149 0.034883 0.982269
vn 0.441694 -0.579852 -0.684561
vn 0.026826 -0.101352 -0.994476
vn 0.614490 -0.788842 -0.009827
vn 0.387341 -0.531419 0.753349
vn 0.559832 -0.393109 0.729392
vn 0.207862 -0.007477 0.978118
vn -0.165654 -0.012177 0.986084
vn 0.426252 -0.550584 -0.717704
vn 0.258553 0.015046 -0.965850
vn 0.615253 -0.788171 -0.014222
vn 0.431562 -0.459822 0.776055
vn 0.053529 0.105228 0.992981
vn -0.041505 -0.039247 0.998352
vn 0.137577 -0.134465 0.981292
vn -0.135655 0.082675 0.987274
vn -0.525407 0.372204 0.765069
vn -0.636189 -0.048830 0.769951
vn -0.780328 0.604511 -0.160070
vn -0.983673 -0.122593 -0.131657
vn -0.413465 0.274941 -0.868007
vn -0.364116 0.368480 -0.855342
vn -0.465804 0.496384 0.732536
vn -0.639790 0.737236 -0.217048
vn -0.471572 -0.120945 -0.873470
vn -0.392926 0.521958 0.757042
vn -0.643391 0.754082 -0.131870
vn -0.345256 0.464034 -0.815729
vn -0.911649 -0.407727 -0.051119
vn -0.923887 -0.343120 0.169347
vn -0.341166 -0.342936 -0.875179
vn -0.777642 -0.380016 0.500809
vn -0.665426 -0.227363 0.710959
vn 0.497971 -0.855464 -0.142125
vn -0.043947 -0.972289 -0.229591
vn 0.146153 0.183630 0.972045
vn -0.163182 0.055757 0.985015
vn -0.639760 -0.173162 0.748772
vn -0.789239 0.051973 0.611835
vn -0.728202 -0.087191 0.679769
vn -0.685507 -0.106906 0.720145
vn -0.484237 0.087710 0.870510
vn -0.512864 0.308969 0.800897
vn -0.212165 0.257332 0.942717
vn -0.307138 0.520096 0.796930
vn 0.091372 0.444227 0.891232
vn 0.143712 0.288461 0.946623
vn 0.014008 0.252388 0.967498
vn -0.290872 0.254891 0.922147
vn -0.309336 0.249580 0.917600
vn -0.387616 0.170080 0.905972
vn -0.321177 0.198248 0.926023
vn -0.813410 -0.581652 0.000000
vn -0.898618 -0.438673 0.000000
vn -0.740226 -0.525620 0.419172
vn -0.740257 -0.525620 -0.419141
vn -0.775414 -0.371105 -0.510819
vn -0.721580 -0.247139 -0.646657
vn -0.616718 -0.380810 -0.688894
vn -0.437666 -0.142430 -0.887753
vn -0.749290 -0.238350 -0.617847
vn -0.564013 -0.009186 -0.825709
vn -0.145756 0.159368 -0.976379
vn -0.269753 0.354472 -0.895291
vn 0.105686 0.653432 -0.749535
vn 0.158330 0.349254 -0.923521
vn 0.252388 0.811975 -0.526292
vn 0.455214 0.354717 -0.816645
vn 0.616504 0.622852 -0.481613
vn 0.036256 0.778008 -0.627155
vn 0.131626 0.637806 -0.758843
vn 0.186621 0.885037 -0.426435
vn 0.644704 0.764397 0.000000
vn -0.437666 -0.142430 0.887753
vn -0.721610 -0.247139 0.646657
vn -0.564013 -0.009186 0.825709
vn -0.616718 -0.380779 0.688894
vn -0.775414 -0.371105 0.510819
vn -0.906034 -0.423170 0.000000
vn -0.805872 -0.345622 -0.480697
vn -0.736808 -0.339824 -0.584460
vn -0.566179 -0.220832 -0.794122
vn -0.257393 0.083407 -0.962676
vn -0.066439 0.340587 -0.937834
vn -0.854518 -0.398480 -0.333140
vn -0.887722 -0.460311 0.000000
vn -0.805872 -0.345622 0.480697
vn -0.749290 -0.238350 0.617817
vn -0.201697 0.253700 -0.945982
vn -0.484237 0.087710 -0.870510
vn -0.672842 -0.221747 -0.705741
vn -0.689535 -0.414655 -0.593738
vn -0.818232 -0.480941 -0.314829
vn -0.854183 -0.519944 0.000000
vn -0.854518 -0.398480 0.333140
vn -0.736808 -0.339824 0.584460
vn -0.566179 -0.220832 0.794122
vn -0.257393 0.083407 0.962676
vn -0.269753 0.354472 0.895291
vn -0.066439 0.340587 0.937834
vn -0.777673 -0.380016 -0.500778
vn -0.243995 -0.552232 0.797143
vn -0.425855 -0.644032 0.635487
vn -0.502762 -0.840907 0.200171
vn -0.638630 -0.612262 0.466079
vn -0.685659 -0.679312 0.261452
vn -0.818232 -0.480941 0.314829
vn -0.689535 -0.414655 0.593738
vn 0.131626 0.637806 0.758843
vn 0.278054 0.383435 0.880703
vn 0.205237 0.426160 0.881039
vn -0.620655 -0.438185 0.650166
vn -0.331187 -0.389019 0.859615
vn -0.058809 -0.161779 0.985046
vn -0.073794 0.028474 0.996857
vn -0.128178 -0.072573 0.989074
vn -0.100894 0.137700 0.985290
vn -0.084567 0.136540 0.986999
vn -0.056581 -0.094485 0.993896
vn 0.015931 0.146153 0.989105
vn -0.040345 0.413068 0.909787
vn 0.007691 0.324381 0.945891
vn 0.036256 0.778008 0.627155
vn 0.343944 0.292825 0.892117
vn 0.173223 0.103397 0.979430
vn -0.127659 -0.492965 0.860591
vn -0.072329 -0.515336 0.853908
vn -0.266091 0.010010 0.963866
vn -0.160222 0.240486 0.957305
vn 0.073763 0.473952 0.877438
vn 0.034486 0.787347 0.615528
vn -0.014863 0.939055 0.343364
vn 0.054292 0.932096 0.358043
vn -0.026154 0.999634 0.000000
vn 0.061007 0.998108 0.000000
vn 0.054292 0.932096 -0.358013
vn 0.130497 0.921415 -0.365947
vn 0.111728 0.806909 -0.579974
vn 0.081332 0.796319 -0.599353
vn -0.132939 0.608509 0.782311
vn 0.105716 0.653432 0.749535
vn 0.252388 0.811975 0.526292
vn 0.186621 0.885037 0.426435
vn 0.194067 0.980956 0.000000
vn -0.014863 0.939055 -0.343364
vn 0.034486 0.787347 -0.615528
vn 0.073763 0.473952 -0.877438
vn -0.132939 0.608509 -0.782311
vn 0.015046 0.873257 -0.486984
vn -0.052522 0.901364 -0.429823
vn 0.135380 0.815668 -0.562395
vn -0.160222 0.240486 -0.957305
vn 0.015931 0.146153 -0.989105
vn -0.040345 0.413068 -0.909787
vn 0.616504 0.622822 0.481613
vn 0.455214 0.354717 0.816645
vn 0.158330 0.349254 0.923521
vn -0.145787 0.159398 0.976379
vn -0.173132 -0.832026 0.526963
vn -0.377941 -0.823573 0.422926
vn -0.199622 -0.979858 0.000000
vn -0.178106 -0.983978 0.000000
vn -0.173132 -0.832026 -0.526963
vn -0.164495 -0.836726 -0.522294
vn -0.127659 -0.492965 -0.860591
vn -0.081820 -0.510636 -0.855861
vn -0.128178 -0.072573 -0.989074
vn -0.056581 -0.094485 -0.993896
vn -0.084567 0.136540 -0.986999
vn 0.007660 0.324351 -0.945891
vn 0.205237 0.426160 -0.881039
vn -0.442518 -0.896725 0.000000
vn -0.377941 -0.823573 -0.422926
vn -0.243995 -0.552232 -0.797143
vn -0.073763 0.028474 -0.996857
vn -0.100894 0.137669 -0.985290
vn -0.058779 -0.161748 -0.985046
vn 0.497818 -0.855495 0.142247
vn -0.620655 -0.438185 -0.650166
vn -0.331187 -0.389019 -0.859615
vn -0.043947 -0.972289 0.229591
vn 0.169073 0.106754 -0.979797
vn 0.336741 0.285958 -0.897092
vn 0.292154 0.384625 -0.875607
vn 0.055971 0.450148 -0.891171
vn -0.527787 -0.849361 0.000000
vn -0.502762 -0.840907 -0.200140
vn -0.425855 -0.644032 -0.635487
vn -0.638630 -0.612262 -0.466079
vn -0.685659 -0.679312 -0.261452
vn -0.695242 -0.718741 0.000000
vn 0.093020 -0.715751 0.692099
vn -0.107578 -0.771722 0.626789
vn 0.146123 -0.454390 0.878719
vn -0.164495 -0.836726 0.522294
vn -0.320109 -0.867916 -0.379742
vn 0.218268 -0.935850 -0.276589
vn -0.708090 -0.706076 -0.001953
vn 0.111728 0.806909 0.579974
vn 0.081332 0.796319 0.599353
vn 0.015046 0.873257 0.486984
vn -0.052522 0.901364 0.429823
vn 0.135380 0.815668 0.562395
vn 0.280648 0.801386 0.528153
vn 0.227577 0.256722 0.939299
vn 0.502548 0.452162 0.736839
vn 0.394665 -0.151372 0.906247
vn 0.641926 0.003967 0.766717
vn 0.603259 -0.498062 0.622852
vn 0.668966 -0.499069 0.550768
vn 0.269692 -0.770775 0.577166
vn 0.070894 0.928922 -0.363353
vn 0.057680 0.932371 -0.356792
vn 0.036195 0.933409 -0.356945
vn 0.062746 0.998016 0.000000
vn 0.037202 0.999298 0.000000
vn 0.036195 0.933409 0.356975
vn 0.057680 0.932371 0.356792
vn 0.070894 0.928922 0.363353
vn 0.130497 0.921415 0.365947
vn 0.140751 0.990020 0.000000
vn 0.073550 0.997284 0.000000
vn 0.644948 -0.296121 0.704489
vn 0.687429 0.015046 0.726066
vn 0.565661 0.311350 0.763573
vn 0.265847 0.786279 0.557726
vn 0.022492 0.066317 0.997528
vn 0.187933 -0.113010 0.975646
vn 0.185156 -0.075594 0.979766
vn -0.031190 0.266488 0.963317
vn -0.070742 0.276955 0.958251
vn -0.249092 0.466384 0.848781
vn -0.303903 0.228126 0.924955
vn -0.400800 0.444411 0.801141
vn -0.234352 0.641469 0.730430
vn -0.051027 0.835719 0.546709
vn 0.272774 0.559587 0.782586
vn 0.251595 0.199683 0.946989
vn 0.462722 -0.016205 0.886319
vn -0.081027 0.589251 0.803858
vn -0.152898 0.442518 0.883602
vn -0.618580 -0.056490 -0.783685
vn -0.994598 -0.099673 -0.028962
vn -0.984558 -0.163244 0.062899
vn -0.677908 -0.016144 0.734916
vn -0.330241 0.023408 0.943571
vn -0.211371 -0.124546 0.969420
vn -0.049013 -0.051119 0.997467
vn 0.196387 0.131291 0.971679
vn 0.292184 0.050478 0.955016
vn 0.420209 0.190619 0.887143
vn 0.520249 -0.305979 0.797266
vn 0.553484 -0.511368 0.657369
vn 0.850948 0.515763 0.099094
vn 0.801080 -0.597613 0.033357
vn 0.733482 -0.674978 0.079745
vn -0.696585 -0.102359 0.710074
vn -0.667409 -0.292367 0.684866
vn -0.573687 -0.158605 0.803552
vn 0.564470 -0.472427 -0.676870
vn 0.427595 -0.401349 -0.809961
vn 0.337565 0.008240 -0.941252
vn -0.034028 -0.185217 -0.982086
vn -0.194647 -0.081149 -0.977477
vn -0.271218 -0.025391 -0.962157
vn -0.967864 -0.249855 -0.028016
vn -0.999176 -0.023133 -0.033204
vn -0.611744 0.052614 0.789270
vn -0.569933 -0.338054 0.748894
vn -0.876522 -0.475784 -0.072817
vn -0.597491 -0.801843 0.001862
vn -0.370006 -0.522050 0.768456
vn -0.377026 -0.583514 0.719230
vn -0.935759 -0.351909 -0.022248
vn -0.527512 -0.849269 0.021332
vn -0.770104 -0.635731 -0.052126
vn -0.773278 0.010254 -0.633961
vn -0.063936 -0.060366 -0.996124
vn -0.084323 0.045167 -0.995392
vn -0.556566 -0.492996 -0.668691
vn -0.996429 -0.066073 -0.052309
vn -0.368511 -0.627033 -0.686300
vn -0.439406 -0.522477 -0.730674
vn -0.592517 -0.393658 -0.702780
vn -0.633808 -0.021027 -0.773186
vn -0.569903 -0.104923 -0.814966
vn -0.610981 -0.264107 -0.746269
vn -0.029115 -0.257820 -0.965728
vn 0.065432 -0.020753 -0.997620
vn -0.400800 0.444411 -0.801141
vn -0.303903 0.228126 -0.924955
vn -0.266091 0.010010 -0.963866
vn -0.234352 0.641469 -0.730430
vn 0.427625 -0.401379 0.809931
vn 0.801080 -0.597613 -0.033326
vn 0.564470 -0.472427 0.676870
vn 0.733482 -0.674978 -0.079775
vn 0.668966 -0.499069 -0.550768
vn 0.644948 -0.296121 -0.704489
vn 0.641926 0.003967 -0.766717
vn 0.687429 0.015046 -0.726066
vn 0.502548 0.452162 -0.736839
vn 0.565661 0.311380 -0.763573
vn 0.280648 0.801386 -0.528153
vn 0.265847 0.786279 -0.557726
vn -0.051027 0.835719 -0.546709
vn -0.152898 0.442518 -0.883602
vn -0.249092 0.466384 -0.848781
vn -0.070742 0.276955 -0.958251
vn 0.553484 -0.511338 -0.657369
vn -0.031190 0.266488 -0.963317
vn -0.081027 0.589251 -0.803858
vn 0.272774 0.559587 -0.782586
vn 0.251595 0.199683 -0.946989
vn 0.022492 0.066317 -0.997528
vn 0.185156 -0.075594 -0.979766
vn 0.462722 -0.016205 -0.886319
vn 0.520280 -0.306009 -0.797266
vn 0.850948 0.515763 -0.099094
vn 0.337535 0.008240 0.941252
vn 0.420209 0.190588 -0.887143
vn 0.187933 -0.113010 -0.975646
vn 0.196387 0.131321 -0.971679
vn -0.320139 -0.867916 0.379742
vn -0.730461 -0.673757 -0.111484
vn -0.618580 -0.056490 0.783685
vn -0.994598 -0.099673 0.028962
vn -0.984558 -0.163244 -0.062868
vn -0.677908 -0.016144 -0.734916
vn -0.330241 0.023408 -0.943571
vn -0.211371 -0.124546 -0.969420
vn -0.049013 -0.051119 -0.997467
vn 0.292184 0.050478 -0.955016
vn 0.568682 0.387280 -0.725639
vn 0.652760 0.757530 0.001251
vn 0.867244 0.496048 0.042329
vn 0.955992 0.292093 0.027223
vn -0.611744 0.052614 -0.789270
vn -0.573687 -0.158605 -0.803552
vn -0.967864 -0.249855 0.028016
vn -0.667409 -0.292367 -0.684866
vn -0.696585 -0.102359 -0.710074
vn -0.935759 -0.351909 0.022248
vn -0.610981 -0.264107 0.746269
vn 0.687490 -0.007813 -0.726127
vn 0.979675 -0.199500 0.019593
vn 0.051210 0.005799 -0.998657
vn 0.058138 0.077914 -0.995239
vn -0.517014 -0.429548 -0.740379
vn -0.006623 -0.107578 -0.994171
vn -0.377026 -0.583514 -0.719230
vn -0.370006 -0.522050 -0.768456
vn -0.569933 -0.338054 -0.748894
vn -0.999176 -0.023133 0.033204
vn -0.569903 -0.104923 0.814966
vn -0.271218 -0.025391 0.962157
vn -0.690725 -0.024934 -0.722648
vn -0.770104 -0.635731 0.052126
vn -0.527512 -0.849269 -0.021332
vn -0.597491 -0.801843 -0.001862
vn -0.876522 -0.475784 0.072817
vn -0.633808 -0.021027 0.773186
vn -0.592517 -0.393658 0.702780
vn -0.439406 -0.522477 0.730674
vn -0.368511 -0.627033 0.686300
vn -0.556566 -0.492996 0.668691
vn -0.996429 -0.066073 0.052309
vn -0.773278 0.010254 0.633961
vn -0.965636 0.259743 0.005371
vn -0.194647 -0.081149 0.977477
vn 0.065432 -0.020753 0.997620
vn -0.029115 -0.257790 0.965728
vn -0.063967 -0.060366 0.996094
vn -0.084323 0.045167 0.995392
vn 0.459181 0.884121 -0.086184
vn 0.783776 0.609912 -0.116977
vn 0.332072 0.515610 0.789819
vn 0.323557 0.082308 0.942595
vn 0.179357 0.979247 -0.094211
vn 0.834498 0.532945 -0.139775
vn 0.232429 0.342326 -0.910367
vn 0.241890 0.222205 -0.944487
vn 0.602985 0.132237 -0.786676
vn 0.874508 0.482253 -0.050844
vn 0.373150 0.331278 0.866604
vn 0.717551 0.244331 0.652211
vn 0.609821 0.530839 -0.588427
vn -0.330668 -0.142155 -0.932951
vn 0.107913 -0.101901 -0.988891
vn 0.244728 0.575091 -0.780602
vn 0.045564 -0.187414 -0.981201
vn 0.095920 0.710044 -0.697562
vn 0.270760 0.315348 -0.909513
vn 0.055025 0.939329 0.338481
vn 0.695120 0.675527 0.245796
vn -0.552232 -0.823176 -0.131870
vn -0.480270 -0.875912 -0.045808
vn 0.158208 -0.970428 -0.182195
vn 0.724357 -0.676931 -0.130558
vn -0.242409 -0.541795 0.804773
vn 0.010773 -0.522385 0.852596
vn 0.241157 -0.614612 0.751030
vn 0.270974 -0.264107 0.925626
vn -0.653371 -0.032624 -0.756310
vn -0.403027 0.188513 -0.895535
vn -0.321177 0.198248 -0.926023
vn -0.789239 0.051973 -0.611835
vn -0.492294 -0.050203 -0.868954
vn -0.919614 -0.353954 -0.170202
vn -0.341166 -0.342936 0.875179
vn -0.911649 -0.407727 0.051119
vn -0.639760 -0.173162 -0.748772
vn 0.654714 0.159825 -0.738731
vn 0.446425 0.231880 -0.864223
vn 0.583422 0.370067 -0.722922
vn 0.329661 0.349223 -0.877102
vn 0.350261 0.580828 -0.734794
vn -0.022492 0.437910 -0.898709
vn -0.032289 0.607654 -0.793542
vn -0.291391 0.547472 -0.784417
vn -0.510453 0.300760 -0.805567
vn -0.373638 0.220130 -0.901059
vn -0.004883 0.228767 -0.973449
vn -0.290872 0.254891 -0.922147
vn 0.229286 0.080477 -0.970000
vn 0.010773 -0.522416 -0.852596
vn 0.593432 0.111209 -0.797113
vn -0.242378 -0.541826 -0.804743
vn -0.480209 -0.875912 0.046052
vn -0.552202 -0.823176 0.131993
vn 0.241157 -0.614612 -0.751030
vn 0.158147 -0.970458 0.182134
vn 0.270943 -0.264016 -0.925657
vn 0.724326 -0.676962 0.130528
vn 0.695151 0.675527 -0.245735
vn 0.190832 0.199438 -0.961119
vn -0.046571 0.955168 -0.292337
vn -0.520188 -0.328867 -0.788171
vn -0.331034 -0.047090 -0.942412
vn 0.473342 0.002472 -0.880856
vn 0.449477 0.270791 -0.851222
vn -0.292978 -0.518937 -0.803003
vn 0.243263 0.471419 -0.847652
vn -0.214728 -0.504532 -0.836238
vn 0.242988 0.491623 -0.836177
vn -0.211158 -0.436995 -0.874294
vn 0.459426 0.276009 -0.844203
vn -0.076052 -0.564501 -0.821894
vn -0.112369 -0.325114 -0.938963
vn -0.388287 -0.919919 0.054353
vn -0.672750 -0.732170 -0.106113
vn 0.617084 0.013092 -0.786767
vn 0.987182 -0.112033 -0.113437
vn -0.894223 -0.373486 -0.246651
vn -0.519974 -0.854122 0.008332
vn -0.448592 -0.893582 0.015137
vn -0.619800 -0.784356 0.024140
vn -0.921537 -0.384411 0.054262
vn -0.993713 -0.099673 0.050600
vn -0.062716 -0.441939 0.894833
vn 0.080935 -0.323985 0.942564
vn -0.278939 -0.317850 0.906156
vn -0.208899 -0.410138 0.887753
vn -0.313791 -0.414899 0.854030
vn -0.494186 -0.180914 0.850307
vn -0.300150 -0.066897 0.951537
vn -0.911344 -0.269875 0.310739
vn -0.995453 -0.088351 0.034761
vn -0.168249 -0.955718 -0.241371
vn 0.095584 -0.718345 0.689047
vn -0.309153 -0.933256 -0.182806
vn -0.062593 -0.639210 0.766472
vn -0.231056 -0.952666 -0.197516
vn -0.052370 -0.696738 0.715384
vn -0.423048 -0.887204 -0.184057
vn -0.126713 -0.722221 0.679922
vn -0.808954 -0.574847 -0.122745
vn -0.393750 -0.607685 0.689657
vn -0.964812 -0.257942 -0.050783
vn -0.488937 -0.375469 0.787347
vn -0.944090 0.096072 -0.315287
vn -0.804651 0.590075 -0.065676
vn -0.241279 0.604419 -0.759209
vn -0.703299 0.387463 -0.595965
vn -0.603046 0.060213 -0.795404
vn -0.470504 -0.099704 -0.876736
vn -0.250587 -0.298776 -0.920804
vn -0.151341 -0.262947 -0.952849
vn -0.241523 -0.187933 -0.951994
vn -0.002228 -0.257393 -0.966277
vn 0.380627 0.635029 -0.672170
vn 0.613422 0.116611 -0.781091
vn 0.160955 0.402783 -0.900998
vn 0.465651 0.378033 -0.800134
vn 0.388318 0.562181 -0.730155
vn 0.217292 0.664602 -0.714866
vn 0.081759 0.753014 -0.652852
vn 0.066897 0.784509 -0.616474
vn 0.190893 0.199316 -0.961150
vn 0.270974 -0.264107 -0.925626
vn -0.242409 -0.541795 -0.804773
vn 0.229316 0.080569 -0.970000
vn 0.010773 -0.522385 -0.852596
vn 0.593402 0.111087 -0.797174
vn 0.095584 -0.718345 -0.689047
vn 0.323527 0.082339 -0.942595
vn 0.834498 0.532945 0.139775
vn 0.544847 -0.837489 0.041597
vn 0.000214 -0.389477 -0.921018
vn -0.074404 -0.996979 0.022156
vn -0.354808 -0.249947 -0.900876
vn -0.730338 -0.683004 0.007965
vn 0.080935 -0.323985 -0.942564
vn -0.672750 -0.732200 0.106082
vn 0.055025 0.939329 -0.338511
vn 0.695120 0.675527 -0.245796
vn 0.200293 0.932340 -0.300943
vn 0.095920 0.710044 0.697562
vn 0.627003 0.741325 -0.239265
vn 0.244728 0.575091 0.780602
vn 0.741478 0.654286 -0.148564
vn 0.609821 0.530839 0.588427
vn 0.609882 0.530839 -0.588366
vn 0.107974 -0.101810 -0.988922
vn -0.002228 -0.257332 -0.966308
vn 0.066866 0.784509 -0.616474
vn -0.241523 -0.187902 -0.951994
vn -0.151311 -0.262917 -0.952849
vn 0.217292 0.664632 -0.714866
vn 0.388379 0.562181 -0.730094
vn 0.468520 0.389874 -0.792749
vn -0.603442 0.057741 -0.795282
vn 0.372906 0.399304 -0.837519
vn -0.607440 0.305399 -0.733299
vn -0.388501 0.589618 -0.708060
vn 0.347728 0.304147 -0.886868
vn 0.520676 -0.553758 -0.649770
vn 0.863826 -0.022401 -0.503250
vn 0.938444 0.345225 0.008789
vn 0.791314 0.599536 0.119602
vn 0.496628 0.852077 0.165136
vn 0.193884 0.951903 0.237129
vn 0.222266 0.939665 0.259926
vn 0.501633 0.832331 0.235603
vn 0.741508 0.654256 0.148595
vn 0.423597 0.202826 0.882839
vn 0.163213 0.358715 0.919034
vn 0.593432 0.111148 0.797143
vn 0.599536 0.001007 0.800317
vn 0.519059 -0.037965 0.853847
vn 0.415448 0.194159 0.888638
vn 0.168676 0.337260 0.926145
vn 0.874508 0.482315 0.050813
vn 0.459426 0.276009 0.844203
vn 0.602954 0.132267 0.786706
vn 0.683279 0.724631 0.089267
vn 0.242988 0.491623 0.836177
vn 0.436995 0.896023 0.078341
vn 0.243263 0.471419 0.847652
vn 0.412275 0.909543 0.052217
vn 0.449477 0.270791 0.851222
vn 0.683096 0.730125 0.016144
vn 0.473342 0.002472 0.880856
vn 0.935667 0.350169 0.043214
vn 0.617084 0.013062 0.786767
vn 0.999847 -0.006745 0.015137
vn 0.987182 -0.112033 0.113437
vn 0.941893 -0.330638 0.059023
vn 0.959899 0.001343 -0.280313
vn 0.717551 0.244362 -0.652211
vn 0.519272 0.379070 -0.765893
vn 0.249489 0.604907 -0.756157
vn 0.256539 0.564074 -0.784814
vn 0.367473 0.436079 -0.821436
vn 0.523118 0.231391 -0.820215
vn 0.564989 -0.076022 -0.821558
vn 0.501633 0.832362 -0.235603
vn 0.423597 0.202795 -0.882839
vn 0.163244 0.358715 -0.919034
vn 0.222266 0.939695 -0.259896
vn 0.168676 0.337260 -0.926145
vn 0.193884 0.951903 -0.237129
vn 0.415448 0.194159 -0.888638
vn 0.496658 0.852077 -0.165136
vn 0.519059 -0.037996 -0.853877
vn 0.791345 0.599536 -0.119602
vn 0.616871 -0.029908 -0.786462
vn 0.947203 0.320536 -0.001434
vn 0.885250 -0.119877 0.449324
vn 0.660237 -0.544755 0.517014
vn 0.649739 -0.760033 0.011200
vn 0.380627 0.635029 0.672170
vn 0.066897 0.784509 0.616474
vn 0.081759 0.753014 0.652852
vn 0.217322 0.664602 0.714866
vn 0.388318 0.562181 0.730125
vn 0.465651 0.378033 0.800134
vn 0.160955 0.402783 0.900998
vn 0.613422 0.116611 0.781060
vn -0.894223 -0.373516 0.246651
vn -0.488937 -0.375469 -0.787347
vn -0.393750 -0.607685 -0.689657
vn -0.126713 -0.722221 -0.679922
vn -0.052370 -0.696738 -0.715384
vn -0.062593 -0.639210 -0.766472
vn -0.205054 0.951262 -0.230201
vn -0.095981 -0.773705 -0.626179
vn -0.235786 0.347728 -0.907437
vn -0.298471 0.625050 -0.721213
vn -0.378643 0.613330 -0.693106
vn -0.332163 0.933348 -0.136052
vn -0.382183 0.608905 -0.695090
vn -0.408032 0.909604 -0.078066
vn -0.247658 0.600543 -0.760216
vn -0.271706 0.959807 -0.069948
vn -0.118809 0.654866 -0.746330
vn 0.008728 0.998718 -0.049440
vn -0.251564 0.623127 -0.740532
vn 0.026978 0.998993 -0.035127
vn -0.632710 0.674184 -0.380932
vn -0.066073 0.997772 0.007508
vn -0.773522 0.104831 -0.625019
vn -0.999969 0.006104 0.004395
vn -0.707083 0.707083 0.000000
vn -1.000000 0.000031 0.000000
vn -0.999969 0.006104 -0.004395
vn -0.773522 0.104831 0.625019
vn -0.621570 -0.756554 0.203131
vn -0.634388 -0.773003 0.000000
vn -0.621570 -0.756554 -0.203131
vn -0.081820 0.965911 0.245552
vn -0.125889 -0.015931 -0.991913
vn 0.055452 0.876125 0.478835
vn 0.306772 0.951750 0.000000
vn 0.021638 0.999756 0.000000
vn -0.226234 0.884701 0.407514
vn -0.240394 0.970672 0.000000
vn -0.318125 0.873348 0.368816
vn -0.385296 0.922758 0.000000
vn -0.234657 0.911405 0.338023
vn -0.332499 0.943083 0.000000
vn -0.040651 0.944731 0.325236
vn -0.174963 0.984558 0.000000
vn -0.124668 0.992187 0.000000
vn -0.081820 0.965911 -0.245582
vn -0.125889 -0.015931 0.991913
vn -0.040651 0.944731 -0.325236
vn -0.234657 0.911405 -0.338023
vn -0.318125 0.873348 -0.368816
vn -0.226203 0.884701 -0.407514
vn 0.055452 0.876125 -0.478835
vn 0.259651 0.824427 -0.502853
vn 0.399762 0.888638 -0.224586
vn 0.247230 0.968932 0.000000
vn -0.097446 0.995239 0.000000
vn 0.399762 0.888638 0.224586
vn 0.259651 0.824427 0.502853
vn -0.160863 -0.860836 -0.482772
vn -0.122776 -0.948973 -0.290445
vn -0.107181 -0.993561 -0.036225
vn -0.169469 -0.867733 -0.467208
vn -0.206061 -0.280099 -0.937559
vn -0.219245 -0.255562 -0.941588
vn -0.098514 -0.882290 -0.460250
vn -0.010895 -0.999817 -0.014679
vn -0.157994 -0.282449 -0.946165
vn -0.219245 -0.255593 0.941588
vn -0.206030 -0.280099 0.937559
vn -0.222144 0.065523 0.972777
vn -0.173681 -0.259713 0.949919
vn -0.098514 -0.882290 0.460219
vn -0.170690 -0.858089 0.484268
vn -0.010895 -0.999817 0.014679
vn -0.212683 -0.973907 0.078982
vn -0.013153 -0.999908 0.000031
vn -0.240608 -0.970611 0.000000
vn -0.212683 -0.973907 -0.078982
vn -0.170690 -0.858058 -0.484298
vn -0.173681 -0.259713 -0.949919
vn -0.222144 0.065493 -0.972777
vn -0.208319 0.055544 -0.976470
vn -0.181524 0.088198 -0.979400
vn -0.143040 0.052644 -0.988311
vn -0.244301 -0.268105 -0.931883
vn -0.204962 -0.004486 -0.978729
vn -0.134831 0.080447 -0.987579
vn -0.170782 0.046358 -0.984191
vn -0.217841 0.037355 -0.975249
vn -0.209174 0.030488 -0.977386
vn -0.211829 0.044191 -0.976287
vn -0.206000 0.001770 -0.978515
vn -0.104251 0.053468 -0.993103
vn -0.097781 -0.022492 -0.994934
vn 0.432051 -0.082156 -0.898068
vn -0.081423 0.105136 -0.991089
vn 0.061159 0.027741 -0.997711
vn 0.442183 -0.147801 -0.884640
vn 0.052004 -0.032777 -0.998077
vn 0.007508 -0.150761 -0.988525
vn 0.472182 -0.141728 -0.870022
vn 0.034486 -0.310343 -0.949980
vn 0.350047 -0.359783 -0.864864
vn 0.430921 -0.139103 -0.891568
vn 0.021943 -0.079012 -0.996612
vn 0.159154 0.000519 -0.987243
vn 0.136052 0.158330 -0.977935
vn 0.499161 0.174352 -0.848750
vn 0.476211 0.327250 -0.816126
vn 0.871792 0.227577 -0.433760
vn 0.752190 0.529710 -0.391888
vn 0.931669 0.263131 -0.250374
vn 0.787866 0.570086 -0.232826
vn 0.961760 0.273843 0.000000
vn 0.210028 -0.563402 -0.799005
vn 0.940062 0.225806 -0.255440
vn 0.876217 0.201575 -0.437696
vn 0.517685 0.105533 -0.849025
vn 0.145146 0.062288 -0.987426
vn -0.072665 -0.045900 -0.996277
vn 0.796442 0.407392 -0.446852
vn 0.474807 0.222388 -0.851497
vn -0.080660 -0.270852 -0.959227
vn -0.281594 -0.248726 -0.926725
vn 0.865993 0.434309 -0.247810
vn 0.972961 0.230903 0.000000
vn 0.940062 0.225806 0.255440
vn 0.931669 0.263131 0.250374
vn -0.072665 -0.045900 0.996277
vn 0.145146 0.062288 0.987426
vn 0.474807 0.222388 0.851497
vn 0.517685 0.105502 0.849025
vn 0.876217 0.201575 0.437696
vn 0.796442 0.407392 0.446852
vn 0.865993 0.434278 0.247841
vn 0.893338 0.449324 0.000000
vn 0.871792 0.227577 0.433760
vn 0.499161 0.174383 0.848750
vn 0.159154 0.000519 0.987243
vn 0.021943 -0.079012 0.996612
vn -0.281594 -0.248726 0.926725
vn -0.530381 -0.531358 0.660543
vn -0.661977 -0.643696 0.383923
vn -0.728874 -0.684622 0.000000
vn -0.662008 -0.643696 -0.383892
vn -0.419050 -0.677023 -0.604968
vn -0.530381 -0.531358 -0.660543
vn -0.364269 -0.907712 -0.208167
vn -0.085574 -0.913633 -0.397382
vn -0.045778 -0.847499 -0.528764
vn 0.176061 -0.800043 -0.573473
vn -0.488418 -0.872585 0.000000
vn -0.166723 -0.985992 0.000000
vn -0.139286 -0.990234 0.000000
vn -0.107181 -0.993561 0.036225
vn -0.169469 -0.867733 0.467208
vn -0.160863 -0.860836 0.482772
vn -0.122776 -0.948943 0.290475
vn -0.364238 -0.907712 0.208167
vn -0.085604 -0.913633 0.397412
vn -0.419050 -0.677023 0.604968
vn 0.210028 -0.563402 0.799005
vn -0.080660 -0.270852 0.959227
vn -0.157994 -0.282418 0.946165
vn -0.045778 -0.847499 0.528764
vn 0.176061 -0.800043 0.573473
vn 0.034486 -0.310343 0.949980
vn 0.350047 -0.359783 0.864864
vn 0.430921 -0.139103 0.891568
vn 0.752190 0.529710 0.391888
vn 0.476211 0.327280 0.816126
vn 0.136052 0.158361 0.977935
vn 0.007508 -0.150761 0.988525
vn 0.442183 -0.147801 0.884640
vn 0.472152 -0.141728 0.870022
vn -0.104251 0.053468 0.993103
vn -0.211829 0.044191 0.976287
vn -0.208319 0.055544 0.976470
vn 0.589373 0.747429 0.306497
vn -0.181555 0.088198 0.979400
vn -0.170812 0.046358 0.984191
vn -0.217841 0.037385 0.975249
vn -0.209174 0.030488 0.977386
vn -0.206000 0.001770 0.978515
vn -0.097781 -0.022492 0.994934
vn 0.432051 -0.082156 0.898068
vn 0.052004 -0.032777 0.998077
vn 0.061159 0.027741 0.997711
vn -0.081423 0.105136 0.991089
vn -0.095981 -0.773705 0.626179
vn -0.235786 0.347728 0.907437
vn -0.298471 0.625141 0.721152
vn -0.378643 0.613300 0.693106
vn -0.382183 0.608905 0.695090
vn -0.134831 0.080447 0.987579
vn -0.127293 0.213507 0.968596
vn 0.209265 0.294015 0.932585
vn 0.094150 0.085543 0.991852
vn 0.249672 0.210028 0.945250
vn 0.087558 0.245888 0.965331
vn -0.142430 0.196661 0.970061
vn -0.118534 0.188757 0.974822
vn -0.127049 0.183843 0.974700
vn -0.206153 0.174657 0.962798
vn -0.015259 -0.959410 0.281533
vn -0.155278 -0.486099 0.859951
vn -0.231605 0.194281 0.953185
vn -0.111423 -0.444319 0.888882
vn -0.280404 0.188910 0.941099
vn -0.038575 -0.452040 0.891140
vn -0.205786 0.299753 0.931547
vn -0.462233 0.277017 0.842341
vn -0.300607 0.365520 0.880886
vn -0.062868 0.302438 0.951079
vn -0.112827 0.216712 0.969665
vn -0.151189 0.156377 0.976043
vn -0.012146 0.147465 0.988983
vn -0.199316 0.175573 0.964049
vn -0.246437 0.148198 0.957732
vn -0.232795 0.151799 0.960570
vn -0.208930 0.164739 0.963927
vn -0.212226 0.174505 0.961486
vn -0.364910 0.085116 0.927122
vn -0.450148 0.090548 0.888333
vn -0.121738 0.159856 0.979583
vn -0.096744 0.216773 0.971404
vn -0.127689 0.174078 0.976409
vn -0.102512 0.143437 0.984313
vn -0.135655 0.128727 0.982330
vn -0.166753 0.070070 0.983490
vn -0.380261 0.156468 0.911527
vn -0.130314 0.211982 0.968535
vn -0.183538 0.235664 0.954314
vn -0.232276 0.237403 0.943205
vn -0.289926 0.223121 0.930662
vn -0.289651 0.206244 0.934629
vn 0.001373 -0.028718 0.999573
vn -0.063265 0.284402 0.956603
vn -0.149571 0.111026 0.982482
vn -0.130863 0.152318 0.979614
vn -0.222694 0.218360 0.950102
vn -0.222449 0.065188 0.972747
vn -0.243171 0.055147 0.968383
vn -0.268563 0.162511 0.949431
vn -0.371776 0.107395 0.922056
vn -0.245125 0.157842 0.956542
vn -0.214301 0.092593 0.972350
vn -0.232459 0.082919 0.969054
vn -0.235450 0.084414 0.968200
vn -0.248024 0.083987 0.965087
vn -0.182318 0.176641 0.967223
vn -0.069247 0.095035 0.993042
vn 0.064882 -0.336680 0.939360
vn -0.223487 0.142582 0.964202
vn -0.152409 -0.085482 0.984588
vn -0.042299 -0.285928 0.957305
vn -0.074557 -0.448836 0.890469
vn -0.306681 -0.384899 0.870479
vn -0.438124 -0.141728 0.887631
vn -0.220557 0.199927 0.954650
vn -0.268593 0.068880 0.960784
vn -0.307566 0.114658 0.944578
vn -0.202490 -0.046632 0.978149
vn 0.019471 -0.097171 0.995056
vn -0.049104 0.144078 0.988311
vn -0.014039 0.134373 0.990814
vn -0.098422 0.143864 0.984680
vn -0.392346 0.002716 0.919797
vn -0.260811 0.179266 0.948576
vn -0.078005 0.014496 0.996826
vn -0.274178 0.069491 0.959136
vn -0.328715 0.444288 0.833369
vn -0.368145 0.683676 0.630055
vn -0.278603 0.666982 0.691000
vn -0.253426 0.689413 0.678549
vn -0.309793 0.705954 0.636860
vn 0.045930 0.011963 0.998871
vn 0.123264 -0.049074 0.991150
vn 0.033265 0.121891 0.991974
vn -0.345378 0.599384 0.722098
vn -0.037477 0.107852 0.993439
vn -0.136448 0.159978 0.977630
vn 0.006409 0.080325 0.996734
vn -0.132542 0.188879 0.972991
vn -0.447371 0.177953 0.876431
vn -0.450972 0.646687 0.615101
vn -0.310526 0.259896 0.914304
vn -0.299631 0.947478 0.111789
vn -0.448347 0.893307 0.030824
vn -0.372875 0.132694 0.918332
vn -0.512131 0.811670 0.280831
vn -0.393963 0.896298 0.203436
vn -0.354900 0.930509 0.090365
vn -0.424238 0.899411 0.105228
vn -0.459670 0.858089 0.228767
vn -0.655995 0.617603 0.433821
vn -0.559038 0.344646 0.754112
vn -0.459090 0.888363 0.000000
vn -0.651448 0.758660 0.000000
vn -0.850551 0.141911 0.506363
vn -0.404218 0.457839 0.791803
vn -0.608936 -0.208197 0.765374
vn -0.409345 0.130406 0.902982
vn -0.519547 0.082705 0.850398
vn -0.648061 0.187384 0.738121
vn -0.227882 -0.041139 0.972808
vn -0.816279 0.124607 0.564013
vn -0.498795 0.581195 0.642964
vn -0.487625 0.175604 0.855190
vn -0.883755 0.139897 0.446486
vn -0.395154 0.042329 0.917631
vn -0.550707 0.227088 0.803186
vn -0.813868 0.358806 0.456984
vn -0.907834 0.419263 0.000000
vn -0.646565 0.751976 0.128208
vn -0.655995 0.617603 -0.433821
vn -0.813837 0.358806 -0.457015
vn -0.953612 0.300943 0.000000
vn -0.594012 0.229835 0.770898
vn -0.985290 -0.170690 0.000000
vn -0.816279 0.124607 -0.564013
vn -0.874660 -0.149754 -0.460952
vn -0.339152 -0.023377 -0.940428
vn -0.227882 -0.041139 -0.972808
vn -0.102512 0.143345 -0.984313
vn -0.487625 0.175604 -0.855190
vn -0.594134 0.229804 -0.770806
vn -0.498764 0.581195 -0.642933
vn -0.648061 0.187384 -0.738121
vn -0.519547 0.082705 -0.850398
vn -0.205786 0.299753 -0.931547
vn -0.062899 0.302438 -0.951079
vn -0.300607 0.365520 -0.880886
vn -0.112827 0.216712 -0.969665
vn -0.096744 0.216773 -0.971404
vn -0.127689 0.174078 -0.976409
vn -0.135655 0.128758 -0.982330
vn -0.132542 0.188879 -0.972991
vn -0.409345 0.130406 -0.902982
vn -0.850520 0.141911 -0.506363
vn -0.646565 0.751976 -0.128208
vn -0.883724 0.139897 -0.446577
vn -0.395428 0.042482 -0.917478
vn 0.006409 0.080325 -0.996734
vn -0.151158 0.156316 -0.976043
vn -0.608936 -0.208228 -0.765374
vn -0.550737 0.227058 -0.803186
vn -0.559038 0.344646 -0.754082
vn -0.404218 0.457839 -0.791803
vn -0.447371 0.177953 -0.876431
vn -0.136448 0.159978 -0.977630
vn 0.033296 0.121860 -0.991974
vn -0.014008 0.134342 -0.990814
vn 0.123295 -0.049074 -0.991150
vn -0.037477 0.107852 -0.993439
vn -0.450972 0.646687 -0.615101
vn -0.345378 0.599384 -0.722098
vn 0.045961 0.011933 -0.998871
vn 0.019501 -0.097232 -0.995056
vn -0.049135 0.144108 -0.988311
vn -0.098453 0.143834 -0.984680
vn -0.166784 0.070040 -0.983490
vn -0.392346 0.002716 -0.919797
vn -0.459670 0.858089 -0.228767
vn -0.202490 -0.046510 -0.978149
vn -0.424238 0.899411 -0.105228
vn -0.309793 0.705954 -0.636860
vn -0.077975 0.014374 -0.996826
vn -0.268563 0.068911 -0.960784
vn -0.307566 0.114689 -0.944578
vn -0.364910 0.085086 -0.927122
vn -0.450148 0.090548 -0.888333
vn -0.462203 0.276986 -0.842372
vn -0.220588 0.199927 -0.954650
vn -0.368175 0.683676 -0.630085
vn -0.328715 0.444288 -0.833369
vn -0.278603 0.666951 -0.691031
vn -0.253426 0.689413 -0.678549
vn -0.512131 0.811670 -0.280831
vn -0.393963 0.896298 -0.203436
vn -0.354900 0.930509 -0.090365
vn -0.376598 0.926359 0.000000
vn -0.372875 0.132664 -0.918332
vn -0.310526 0.259896 -0.914304
vn -0.222449 0.065188 -0.972747
vn -0.268593 0.162481 -0.949431
vn -0.274178 0.069491 -0.959136
vn -0.260811 0.179266 -0.948576
vn -0.212226 0.174505 -0.961486
vn -0.280404 0.188940 -0.941069
vn -0.088198 0.155217 -0.983917
vn -0.100528 0.200934 -0.974425
vn -0.210547 0.161565 -0.964110
vn 0.058290 0.211371 -0.975646
vn -0.012238 0.147496 -0.988983
vn -0.063265 0.284402 -0.956603
vn 0.001343 -0.028657 -0.999573
vn -0.149571 0.110935 -0.982482
vn -0.130894 0.152287 -0.979614
vn -0.222663 0.218451 -0.950072
vn -0.243141 0.055147 -0.968413
vn -0.152348 -0.085635 -0.984588
vn -0.223518 0.142613 -0.964202
vn -0.380261 0.156468 -0.911527
vn -0.130314 0.211982 -0.968535
vn -0.118534 0.188757 -0.974822
vn 0.209265 0.294015 -0.932585
vn 0.249672 0.210028 -0.945250
vn 0.468490 0.453475 -0.758171
vn 0.257698 0.301492 -0.917966
vn 0.421247 0.642018 -0.640553
vn 0.087558 0.245888 -0.965331
vn 0.151006 0.549455 -0.821741
vn 0.011048 0.261483 -0.965117
vn 0.206915 0.412793 -0.886990
vn 0.311319 0.184210 -0.932249
vn 0.095248 0.358287 -0.928709
vn -0.142430 0.196692 -0.970061
vn 0.094150 0.085543 -0.991852
vn 0.588977 0.808130 0.000000
vn 0.846065 0.533036 0.000000
vn 0.547899 0.798761 -0.248512
vn 0.311960 0.950072 0.000000
vn 0.286294 0.943144 -0.168676
vn 0.589373 0.747429 -0.306497
vn 0.403027 0.906217 -0.127659
vn 0.194678 0.930570 -0.310007
vn 0.029298 0.970458 -0.239418
vn -0.299631 0.947478 -0.111789
vn -0.448347 0.893307 -0.030824
vn 0.051180 0.998657 -0.005066
vn -0.005585 0.999969 0.000000
vn -0.001312 0.995727 -0.092166
vn -0.046419 0.996002 0.075991
vn -0.203162 0.939299 0.276376
vn -0.283303 0.954161 0.096316
vn -0.206519 0.969878 0.129032
vn -0.208106 0.975005 -0.077761
vn -0.196417 0.980499 0.000000
vn -0.355510 0.934660 0.000000
vn -0.414533 0.882534 -0.221870
vn -0.242286 0.955535 0.167882
vn -0.435041 0.897366 0.073611
vn -0.208106 0.975005 0.077792
vn -0.414533 0.882534 0.221900
vn -0.283303 0.954161 -0.096316
vn -0.242286 0.955535 -0.167852
vn -0.203162 0.939299 -0.276376
vn -0.435041 0.897366 -0.073611
vn 0.590136 -0.567034 -0.574602
vn 0.587359 -0.809320 0.000000
vn 0.577654 -0.816279 0.000000
vn 0.338206 -0.761528 -0.552843
vn 0.281014 -0.959685 0.000000
vn 0.405133 -0.914243 0.000000
vn 0.338206 -0.761528 0.552843
vn 0.590136 -0.567034 0.574602
vn -0.467696 -0.883877 0.000000
vn -0.325083 -0.721030 0.611866
vn -0.571490 -0.820582 0.000000
vn -0.189276 -0.531358 0.825709
vn -0.271920 -0.962310 0.000000
vn 0.395734 -0.918332 0.000000
vn 0.151128 -0.473281 0.867824
vn 0.843806 -0.536576 0.000000
vn 0.484237 -0.332316 0.809351
vn 0.716514 -0.697562 0.000000
vn 0.360546 -0.340312 0.868435
vn 0.603290 -0.498062 -0.622852
vn 0.394665 -0.151372 -0.906247
vn 0.269692 -0.770775 -0.577166
vn 0.360546 -0.340312 -0.868404
vn 0.484237 -0.332347 -0.809320
vn 0.151128 -0.473281 -0.867824
vn -0.189276 -0.531358 -0.825709
vn -0.325083 -0.721030 -0.611866
vn -0.110721 -0.783685 -0.611194
vn 0.146123 -0.454390 -0.878719
vn 0.227577 0.256722 -0.939299
vn 0.218268 -0.935850 0.276620
vn 0.104465 -0.716514 -0.689688
vn 0.440413 -0.897763 0.000000
vn 0.246956 -0.605609 0.756432
vn 0.297372 -0.954741 0.000000
vn 0.246956 -0.605609 -0.756432
vn 0.112980 -0.406171 -0.906766
vn -0.008545 0.078066 -0.996887
vn -0.061830 0.656301 -0.751915
vn 0.191046 -0.682272 -0.705679
vn 0.272591 -0.962096 0.000000
vn 0.191046 -0.682241 0.705679
vn 0.208472 -0.734001 0.646321
vn -0.075533 0.935423 -0.345317
vn -0.078951 0.699240 -0.710471
vn 0.026887 0.107364 -0.993835
vn 0.150792 -0.487716 -0.859859
vn 0.208472 -0.734001 -0.646321
vn 0.236641 -0.971587 0.000000
vn 0.163366 -0.668172 0.725822
vn 0.150792 -0.487716 0.859859
vn 0.112980 -0.406171 0.906766
vn 0.205573 -0.978637 0.000000
vn 0.137608 -0.447829 -0.883450
vn 0.163366 -0.668172 -0.725822
vn 0.137577 -0.632679 -0.762078
vn 0.097324 -0.241829 -0.965392
vn 0.047304 0.152623 -0.987121
vn 0.005982 0.643422 -0.765465
vn 0.106326 -0.301370 -0.947539
vn 0.187231 -0.982299 0.000000
vn 0.137577 -0.632649 0.762078
vn 0.137608 -0.447829 0.883450
vn 0.026887 0.107364 0.993835
vn -0.008545 0.078066 0.996887
vn -0.078951 0.699240 0.710471
vn -0.061830 0.656331 0.751915
vn -0.075533 0.935423 0.345317
vn -0.104221 0.935484 0.337626
vn -0.082705 0.996551 0.000000
vn -0.105197 0.994446 0.000000
vn -0.104221 0.935484 -0.337626
vn -0.050233 0.843318 -0.535051
vn -0.065340 0.997833 0.000000
vn -0.070040 0.997528 0.000000
vn -0.019623 0.666219 -0.745445
vn -0.087832 0.996124 0.000000
vn -0.025147 0.486984 -0.873043
vn -0.076296 0.997070 0.000000
vn -0.001923 0.422773 -0.906217
vn -0.045747 0.998932 0.000000
vn 0.041444 0.082186 -0.995727
vn 0.002838 0.999969 0.000000
vn 0.999756 0.021577 -0.000031
vn 0.080691 -0.493545 -0.865963
vn 0.130406 -0.991455 0.000000
vn 0.075930 -0.466933 -0.881008
vn 0.131626 -0.991272 0.000000
vn 0.146825 -0.989135 0.000000
vn 0.097324 -0.241829 0.965392
vn 0.106326 -0.301370 0.947539
vn 0.080691 -0.493515 0.865963
vn 0.075930 -0.466903 0.881008
vn 0.041444 0.082186 0.995727
vn -0.001923 0.422773 0.906217
vn -0.025147 0.486953 0.873043
vn -0.019623 0.666219 0.745476
vn 0.005982 0.643422 0.765465
vn 0.047304 0.152623 0.987121
vn -0.050233 0.843287 0.535051
vn -0.241279 0.604419 0.759239
vn -0.804621 0.590106 0.065706
vn 0.107913 -0.101901 0.988891
vn -0.002228 -0.257393 0.966277
vn -0.241523 -0.187933 0.951994
vn -0.151341 -0.262947 0.952849
vn -0.250587 -0.298776 0.920804
vn -0.470504 -0.099704 0.876736
vn -0.603015 0.060213 0.795434
vn -0.703299 0.387463 0.595965
vn -0.944090 0.096072 0.315287
vn -0.995453 -0.088351 -0.034730
vn -0.964812 -0.257942 0.050844
vn -0.808985 -0.574847 0.122745
vn -0.423048 -0.887204 0.184027
vn -0.231056 -0.952666 0.197516
vn -0.309153 -0.933256 0.182806
vn -0.168249 -0.955718 0.241371
vn -0.480270 -0.875912 0.045808
vn -0.112369 -0.325114 0.938963
vn -0.388287 -0.919919 -0.054353
vn -0.076052 -0.564501 0.821894
vn -0.211158 -0.436995 0.874294
vn -0.214728 -0.504532 0.836238
vn -0.292978 -0.518937 0.803003
vn -0.520188 -0.328867 0.788171
vn -0.331034 -0.047090 0.942412
vn -0.993713 -0.099673 -0.050600
vn -0.921537 -0.384442 -0.054262
vn -0.619800 -0.784356 -0.024140
vn -0.448592 -0.893582 -0.015137
vn -0.519974 -0.854122 -0.008332
vn -0.062716 -0.441939 -0.894833
vn -0.278939 -0.317850 -0.906156
vn -0.208899 -0.410138 -0.887753
vn -0.313822 -0.414899 -0.853999
vn -0.494186 -0.180914 -0.850276
vn -0.300150 -0.066897 -0.951537
vn -0.911344 -0.269906 -0.310709
vn -0.938383 0.066836 -0.339061
vn -0.965148 -0.256081 -0.053560
vn -0.478835 -0.347575 0.806116
vn -0.808985 -0.574847 -0.122715
vn -0.423048 -0.887204 -0.183996
vn -0.052370 -0.696768 0.715354
vn -0.231056 -0.952635 -0.197577
vn -0.062593 -0.639180 0.766472
vn -0.309183 -0.933256 -0.182775
vn 0.095553 -0.718314 0.689108
vn -0.168310 -0.955718 -0.241340
vn 0.010773 -0.522416 0.852596
vn -0.480209 -0.875912 -0.046052
vn -0.388501 0.589618 0.708090
vn 0.380627 0.635029 0.672140
vn 0.108005 -0.101810 0.988922
vn 0.609821 0.530839 0.588458
vn -0.002228 -0.257332 0.966308
vn -0.241523 -0.187902 0.951994
vn -0.151311 -0.262917 0.952849
vn -0.250557 -0.298746 0.920835
vn 0.388348 0.562181 0.730125
vn -0.470473 -0.099704 0.876736
vn 0.468520 0.389874 0.792749
vn -0.603442 0.057741 0.795282
vn 0.372906 0.399304 0.837519
vn -0.607471 0.305399 0.733268
vn 0.347728 0.304147 0.886868
vn 0.863826 -0.022401 0.503250
vn 0.938444 0.345225 -0.008789
vn 0.423597 0.202826 -0.882839
vn 0.741447 0.654347 -0.148442
vn 0.501663 0.832331 -0.235603
vn 0.222266 0.939665 -0.259926
vn 0.193854 0.951903 -0.237159
vn 0.496658 0.852046 -0.165166
vn 0.791345 0.599536 -0.119633
vn 0.599536 0.000977 -0.800317
vn 0.959899 0.001343 0.280313
vn 0.941893 -0.330638 -0.059023
vn 0.999847 -0.006745 -0.015137
vn 0.163213 0.358715 -0.919034
vn 0.415418 0.194159 -0.888638
vn 0.519059 -0.038026 -0.853877
vn 0.423597 0.202795 0.882839
vn 0.501633 0.832362 0.235603
vn 0.163244 0.358715 0.919034
vn 0.222266 0.939695 0.259896
vn 0.496658 0.852077 0.165136
vn 0.519059 -0.037996 0.853877
vn 0.791345 0.599536 0.119602
vn 0.616871 -0.029908 0.786462
vn 0.947203 0.320536 0.001434
vn 0.885250 -0.119877 -0.449324
vn 0.660207 -0.544755 -0.517014
vn 0.649739 -0.760033 -0.011170
vn 0.520676 -0.553758 0.649770
vn 0.741478 0.654286 0.148564
vn 0.593402 0.111087 0.797174
vn 0.627064 0.741234 -0.239418
vn 0.247017 0.931974 -0.265236
vn 0.244667 0.575121 0.780602
vn 0.166204 0.725669 0.667653
vn 0.250160 0.341746 0.905850
vn 0.200293 0.932340 0.300912
vn 0.627003 0.741325 0.239265
vn 0.190893 0.199316 0.961150
vn 0.229316 0.080569 0.970000
vn -0.154790 0.987915 0.000000
vn -0.143834 0.958770 -0.245064
vn -0.384930 0.922941 0.000000
vn -0.143834 0.958739 0.245094
vn -0.374828 0.900662 0.219733
vn -0.075777 0.439131 0.895199
vn -0.599292 0.357433 0.716269
vn -0.067904 0.959410 0.273690
vn -0.073031 0.997314 0.000000
vn -0.067904 0.959410 -0.273690
vn -0.599292 0.357433 -0.716269
vn -0.236427 0.409253 0.881222
vn 0.076266 -0.645466 0.759941
vn -0.399060 0.892880 0.208533
vn -0.392895 0.919553 0.000000
vn -0.374828 0.900662 -0.219733
vn -0.075777 0.439131 -0.895199
vn -0.062380 -0.951872 -0.299966
vn 0.076266 -0.645466 -0.759941
vn -0.800317 -0.383496 -0.460799
vn -0.236427 0.409284 -0.881222
vn -0.399060 0.892880 -0.208533
vn -0.499649 0.866207 0.000000
vn -0.572222 0.466536 0.674429
vn -0.268868 0.277566 0.922300
vn 0.167608 -0.627003 0.760765
vn 0.113987 -0.949705 0.291635
vn 0.315989 -0.905148 0.284219
vn 0.117649 -0.993042 0.000000
vn 0.340922 -0.940062 0.000000
vn 0.315989 -0.905148 -0.284219
vn 0.305643 -0.895321 0.323954
vn 0.305643 -0.895321 -0.323954
vn 0.332835 -0.942961 0.000000
vn -0.461928 -0.614521 0.639454
vn 0.161931 -0.677023 0.717887
vn 0.043031 -0.999054 0.000000
vn 0.113987 -0.949705 -0.291635
vn 0.167608 -0.626972 -0.760765
vn -0.268868 0.277566 -0.922300
vn -0.572222 0.466536 -0.674429
vn -0.999512 0.030366 0.000000
vn -0.324778 -0.945769 0.000000
vn -0.461959 -0.614521 -0.639454
vn 0.161931 -0.677023 -0.717887
vn -0.062349 -0.951872 0.299966
vn -0.800317 -0.383496 0.460799
vn 0.352214 -0.885647 0.302561
vn 0.191565 -0.981475 0.000000
vn 0.337687 -0.941252 0.000000
vn 0.207801 -0.937010 0.280740
vn 0.129063 -0.991607 0.000000
vn 0.156285 -0.959990 0.232215
vn 0.207801 -0.937010 -0.280740
vn 0.156285 -0.959990 -0.232215
vn 0.216132 -0.974242 0.064058
vn 0.203986 -0.978942 0.000000
vn 0.301035 -0.953581 0.000000
vn 0.199591 -0.846431 0.493606
vn -0.001038 -0.965758 0.259346
vn 0.042299 -0.876858 0.478866
vn 0.026856 -0.966613 0.254707
vn 0.276223 -0.868770 0.410993
vn 0.271065 -0.942595 0.194891
vn 0.396527 -0.841975 0.365795
vn 0.410108 -0.890500 0.196936
vn 0.375164 -0.803156 0.462752
vn 0.242775 -0.871853 0.425306
vn -0.015290 -0.959410 -0.281564
vn 0.352214 -0.885647 -0.302561
vn 0.396527 -0.841975 -0.365795
vn 0.399731 -0.916623 0.000000
vn 0.276223 -0.868770 -0.410993
vn 0.263863 -0.964538 0.000000
vn 0.042299 -0.876858 -0.478866
vn -0.002716 -0.999969 0.000000
vn 0.199591 -0.846431 -0.493606
vn 0.242775 -0.871853 -0.425306
vn 0.375164 -0.803156 -0.462752
vn 0.410108 -0.890500 -0.196936
vn 0.271065 -0.942595 -0.194922
vn 0.026856 -0.966613 -0.254738
vn -0.001038 -0.965758 -0.259346
vn 0.216132 -0.974242 -0.064058
vn -0.330607 -0.142094 0.932981
vn 0.045564 -0.187506 0.981201
vn -0.337382 0.042268 0.940397
vn -0.344890 0.085360 0.934721
vn -0.313913 0.005310 0.949431
vn -0.230384 0.082217 0.969604
vn -0.335398 0.127903 0.933348
vn -0.310984 0.163518 0.936216
vn -0.233894 0.197638 0.951933
vn -0.191534 0.191595 0.962584
vn -0.154241 0.169683 0.973327
vn -0.127842 0.134312 0.982635
vn -0.100681 0.077029 0.991913
vn 0.092807 -0.945769 0.311289
vn 0.251717 -0.917692 0.307260
vn 0.090854 -0.493179 0.865139
vn 0.046785 -0.534257 0.843989
vn -0.122990 -0.542802 0.830775
vn -0.332347 -0.502213 0.798303
vn -0.490341 -0.728690 0.478042
vn -0.471969 -0.881588 0.000000
vn -0.490341 -0.728690 -0.478042
vn -0.332316 -0.502182 -0.798303
vn -0.122990 -0.542833 -0.830775
vn 0.046785 -0.534318 -0.843959
vn 0.090854 -0.493179 -0.865139
vn -0.038575 -0.452010 -0.891140
vn 0.251747 -0.917722 -0.307199
vn -0.111454 -0.444319 -0.888882
vn 0.092776 -0.945769 -0.311289
vn -0.155278 -0.486129 -0.859951
vn -0.730338 -0.683035 -0.007843
vn -0.354778 -0.249886 0.900906
vn -0.074404 -0.996979 -0.022034
vn 0.000244 -0.389416 0.921049
vn 0.544816 -0.837489 -0.041627
vn 0.206915 0.412793 0.886990
vn 0.311319 0.184210 0.932249
vn 0.058260 0.211371 0.975646
vn 0.011048 0.261483 0.965117
vn -0.100558 0.200903 0.974425
vn -0.088229 0.155217 0.983917
vn -0.210608 0.161504 0.964110
vn 0.151006 0.549455 0.821741
vn 0.194678 0.930570 0.310007
vn 0.421247 0.642018 0.640553
vn 0.257698 0.301462 0.917966
vn 0.468490 0.453475 0.758171
vn 0.403027 0.906217 0.127659
vn 0.286294 0.943144 0.168706
vn 0.051180 0.998657 0.005066
vn -0.001312 0.995727 0.092196
vn -0.046419 0.996002 -0.075991
vn 0.029298 0.970458 0.239418
vn 0.095248 0.358287 0.928709
vn 0.787866 0.570086 0.232856
vn 0.547899 0.798761 0.248543
vn -0.206519 0.969878 -0.129032
vn -0.363018 -0.295144 -0.883785
vn 0.089908 -0.486740 -0.868892
vn 0.201239 -0.124302 -0.971587
vn -0.230354 0.082217 -0.969604
vn -0.344890 0.085360 -0.934721
vn -0.335368 0.127903 -0.933348
vn -0.310953 0.163762 -0.936186
vn -0.074618 -0.448866 -0.890469
vn -0.306650 -0.384747 -0.870571
vn -0.191534 0.191595 -0.962584
vn -0.233985 0.197638 -0.951903
vn -0.042268 -0.286050 -0.957274
vn 0.064913 -0.336650 -0.939360
vn -0.069247 0.095035 -0.993042
vn -0.337382 0.042268 -0.940397
vn -0.313913 0.005310 -0.949431
vn -0.248024 0.084017 -0.965087
vn -0.182318 0.176641 -0.967223
vn -0.154210 0.169683 -0.973327
vn -0.127842 0.134220 -0.982635
vn -0.100742 0.077029 -0.991913
vn -0.371624 0.107395 -0.922117
vn -0.245125 0.157903 -0.956511
vn -0.214301 0.092593 -0.972350
vn -0.232459 0.082919 -0.969054
vn -0.235450 0.084414 -0.968200
vn -0.438093 -0.141697 -0.887661
vn 0.500931 0.269082 0.822565
vn 0.482711 0.176489 0.857784
vn 0.830439 0.556963 0.010437
vn 0.529496 0.396313 0.749992
vn -0.034028 -0.185217 0.982086
vn 0.625874 0.012757 0.779809
vn 0.527421 0.328379 -0.783532
vn 0.759697 0.649892 0.021973
vn 0.957457 0.283242 0.054659
vn 0.993042 -0.107608 0.047182
vn 0.561632 0.437513 -0.702231
vn -0.478835 -0.347606 -0.806116
vn -0.126713 -0.722190 -0.679952
vn -0.052370 -0.696738 -0.715354
vn -0.062593 -0.639180 -0.766472
vn 0.095553 -0.718314 -0.689108
vn -0.938383 0.066805 0.339000
vn -0.965148 -0.256081 0.053560
vn -0.808954 -0.574847 0.122745
vn -0.231056 -0.952635 0.197607
vn -0.309183 -0.933256 0.182775
vn -0.168310 -0.955718 0.241340
vn 0.993042 -0.107608 -0.047182
vn 0.687460 -0.007813 0.726127
vn 0.979675 -0.199500 -0.019593
vn 0.625874 0.012757 -0.779809
vn 0.957457 0.283242 -0.054628
vn 0.529496 0.396313 -0.749992
vn 0.759697 0.649892 -0.021973
vn 0.830439 0.556963 -0.010407
vn 0.527421 0.328379 0.783563
vn 0.955992 0.292093 -0.027192
vn 0.561602 0.437513 0.702231
vn 0.058138 0.077914 0.995239
vn 0.482711 0.176489 -0.857784
vn 0.500931 0.269082 -0.822565
vn 0.116794 -0.006439 -0.993133
vn 0.614948 -0.133518 -0.777154
vn 0.958831 -0.276284 -0.065279
vn 0.686117 -0.110538 0.719016
vn 0.051210 0.005799 0.998657
vn -0.517014 -0.429548 0.740379
vn -0.006592 -0.107547 0.994171
vn 0.568682 0.387280 0.725639
vn 0.867214 0.496078 -0.042329
vn 0.652730 0.757561 -0.001251
vn -0.690725 -0.024934 0.722648
vn -0.419874 0.332102 0.844600
vn -0.965636 0.259743 -0.005371
vn -0.910337 0.413709 -0.010041
vn -0.433058 0.197485 -0.879421
vn 0.519272 0.379070 0.765893
vn 0.249489 0.604907 0.756157
vn 0.256539 0.564074 0.784814
vn 0.367473 0.436079 0.821436
vn 0.523118 0.231391 0.820215
vn 0.564989 -0.076022 0.821558
vn -0.565081 -0.823145 0.055177
vn -0.445021 -0.216193 -0.869015
vn -0.889676 -0.452315 0.061953
vn -0.193121 -0.141209 -0.970946
vn -0.056764 0.103092 -0.993042
vn 0.265664 0.497604 -0.825709
vn -0.053316 0.544267 -0.837184
vn -0.189245 0.118412 -0.974731
vn 0.069948 -0.994659 0.075838
vn -0.779229 -0.622486 -0.072451
vn -0.546464 0.837214 0.019959
vn 0.010987 0.999756 0.018464
vn 0.546495 0.837123 0.023286
vn 0.877529 0.478988 0.021119
vn 0.520798 0.314524 -0.793603
vn -0.079318 0.148228 -0.985748
vn -0.598956 0.101169 -0.794336
vn -0.992309 0.116062 0.042299
vn -0.456984 0.871731 0.176611
vn -0.137822 0.436598 0.889004
vn -0.530717 0.822108 0.205969
vn -0.093783 0.470962 0.877132
vn 0.036103 0.116855 0.992462
vn 0.169683 0.011292 0.985412
vn 0.026063 0.010559 0.999603
vn -0.125706 -0.469039 0.874172
vn 0.152501 -0.502640 0.850917
vn -0.445723 -0.871700 0.203497
vn -0.036683 -0.993622 0.106540
vn 0.017029 -0.006195 0.999817
vn 0.160222 -0.987030 0.008515
vn -0.757622 -0.606067 0.242134
vn 0.178228 -0.011109 0.983917
vn -0.625050 0.744530 0.234382
vn -0.350536 -0.677816 -0.646260
vn -0.514176 -0.850429 -0.111087
vn 0.472091 -0.878811 -0.069338
vn -0.248543 -0.549303 -0.797754
vn 0.362682 -0.539445 -0.759880
vn 0.830226 -0.462783 -0.310678
vn 0.220954 -0.131321 -0.966369
vn 0.830042 -0.107852 -0.547105
vn 0.387463 0.367901 -0.845271
vn 0.558977 0.403302 -0.724479
vn 0.339793 0.744072 -0.575213
vn 0.338267 0.330363 -0.881130
vn 0.747765 0.663045 0.034303
vn 0.426038 0.406323 -0.808283
vn 0.058016 -0.101901 -0.993072
vn -0.447890 -0.271004 -0.852016
vn 0.268075 0.394147 -0.879055
vn 0.813257 0.580462 0.040590
vn -0.185278 0.189795 -0.964171
vn 0.003571 -0.027985 -0.999573
vn -0.492843 -0.416333 -0.764031
vn -0.325327 -0.399060 -0.857234
vn -0.761254 -0.647633 0.031953
vn -0.721488 -0.691458 0.035890
vn -0.996338 -0.074862 0.040620
vn -0.727744 0.085086 -0.680502
vn -0.891903 -0.450484 -0.039552
vn -0.783776 -0.330973 0.525468
vn -0.748619 -0.360271 -0.556536
vn 0.430464 0.369030 0.823695
vn -0.532914 0.813074 0.234230
vn 0.018586 -0.044588 0.998810
vn -0.693564 0.606830 0.388195
vn -0.113376 -0.138218 0.983886
vn -0.475478 -0.417066 0.774529
vn -0.707511 0.072542 0.702933
vn -0.593158 0.101871 0.798608
vn -0.161229 0.164434 0.973113
vn 0.254250 0.355663 0.899319
vn 0.474532 0.300668 0.827265
vn -0.066195 0.145543 0.987121
vn -0.552232 -0.823176 0.131870
vn 0.158208 -0.970428 0.182226
vn 0.724357 -0.676931 0.130558
vn 0.270760 0.315348 0.909513
vn -0.330668 -0.142155 0.932951
vn 0.045564 -0.187414 0.981201
vn 0.075045 -0.996857 0.024079
vn -0.222297 -0.974517 0.029206
vn -0.223670 -0.638142 -0.736686
vn 0.068545 -0.639912 -0.765343
vn 0.589892 -0.807337 -0.013520
vn 0.465072 -0.848018 -0.253975
vn 0.002075 -0.040529 -0.999146
vn -0.529862 0.443068 -0.723106
vn -0.286142 -0.517869 0.806146
vn -0.218787 -0.623554 0.750511
vn 0.054781 -0.618976 0.783471
vn 0.429273 -0.898190 -0.094577
vn 0.818934 -0.544237 -0.181890
vn 0.846797 -0.531541 -0.019105
vn 0.865017 -0.354350 -0.355174
vn 0.841029 0.058870 -0.537736
vn 0.817988 -0.500473 -0.283547
vn 0.879910 -0.411389 0.237617
vn 0.752922 -0.606067 -0.256325
vn 0.830287 -0.549669 -0.091708
vn 0.557726 -0.810175 -0.180273
vn -0.215155 -0.633351 -0.743309
vn 0.085055 -0.996368 -0.001404
vn -0.551256 -0.593707 -0.586138
vn -0.295724 -0.944884 0.140263
vn -0.038728 -0.576922 0.815851
vn 0.324503 -0.599414 0.731681
vn 0.631458 -0.522965 0.572436
vn 0.749168 -0.297037 0.592029
vn -0.647328 -0.469649 -0.600299
vn -0.722434 -0.477645 -0.499893
vn -0.353801 -0.029359 -0.934843
vn -0.526658 -0.004700 -0.850032
vn -0.616077 0.009125 -0.787622
vn -0.565416 0.547288 -0.617023
vn -0.674276 0.460219 -0.577502
vn -0.384075 0.520615 -0.762505
vn -0.835292 0.410535 -0.365673
vn -0.329661 0.485519 0.809656
vn -0.266274 -0.011872 0.963805
vn -0.161229 -0.021882 0.986663
vn -0.205573 0.571001 0.794763
vn -0.439650 0.897641 0.030152
vn -0.348827 0.506882 -0.788263
vn -0.235511 0.579272 -0.780328
vn -0.284738 0.019837 -0.958373
vn -0.251808 0.967345 0.028596
vn -0.102054 0.534898 0.838710
vn 0.002564 -0.044923 0.998962
vn -0.175970 -0.006561 -0.984344
vn -0.322245 -0.533250 -0.782128
vn -0.105838 0.553728 -0.825922
vn -0.213233 0.976318 0.036103
vn -0.656697 0.400494 0.638966
vn -0.478805 -0.420515 0.770623
vn 0.487564 -0.077212 0.869655
vn 0.015168 0.258278 0.965941
vn -0.087252 0.285623 0.954344
vn -0.776849 0.524552 0.348277
vn -0.518723 0.824091 0.227424
vn -0.875546 0.480880 -0.046083
vn -0.813471 0.469283 0.343516
vn -0.565233 0.824091 0.036287
vn -0.347789 -0.936125 0.051576
vn 0.436201 -0.033631 0.899197
vn 0.038057 0.372692 0.927152
vn -0.188025 0.976318 0.106845
vn -0.319437 0.935942 0.148076
vn 0.211005 0.492569 0.844295
vn 0.346995 -0.021729 0.937590
vn 0.338725 -0.025178 0.940519
vn -0.016999 0.522507 0.852443
vn 0.153264 -0.004975 0.988159
vn -0.751488 0.500534 0.429701
vn -0.869808 0.492630 0.026917
vn -0.692160 0.393750 -0.604816
vn -0.790307 0.290994 -0.539140
vn -0.452834 0.261147 -0.852473
vn -0.929014 0.369915 -0.008362
vn -0.897183 0.394391 0.198706
vn -0.193091 -0.141179 0.970946
vn -0.565081 -0.823176 -0.055177
vn -0.445021 -0.216193 0.869015
vn -0.056764 0.103092 0.993042
vn 0.265664 0.497604 0.825709
vn -0.053316 0.544267 0.837184
vn -0.189215 0.118412 0.974731
vn 0.069918 -0.994659 -0.075686
vn -0.779229 -0.622517 0.072451
vn -0.889676 -0.452315 -0.061983
vn -0.598956 0.101169 0.794336
vn -0.079318 0.148228 0.985748
vn 0.520798 0.314524 0.793603
vn 0.877529 0.478988 -0.021119
vn 0.546495 0.837123 -0.023286
vn 0.010987 0.999756 -0.018464
vn -0.546464 0.837245 -0.019837
vn -0.992309 0.116062 -0.042329
vn 0.724326 -0.676962 -0.130528
vn 0.250160 0.341807 -0.905850
vn 0.695151 0.675497 0.245766
vn 0.045564 -0.187506 -0.981201
vn 0.158177 -0.970458 -0.182134
vn -0.330607 -0.142094 -0.932981
vn -0.552202 -0.823176 -0.131993
vn 0.474532 0.300668 -0.827265
vn 0.243782 0.461104 -0.853175
vn -0.043855 0.496536 -0.866878
vn -0.240181 0.054994 -0.969146
vn -0.202307 -0.132023 -0.970367
vn -0.439161 -0.204871 -0.874722
vn -0.593188 0.101901 -0.798547
vn -0.043367 0.097140 -0.994293
vn -0.066225 0.145543 -0.987121
vn 0.152470 -0.502670 -0.850887
vn -0.036714 -0.993622 -0.106449
vn 0.017029 -0.006195 -0.999817
vn 0.160253 -0.987030 -0.008515
vn -0.757622 -0.606067 -0.242134
vn -0.625080 0.744499 -0.234382
vn -0.456984 0.871731 -0.176611
vn -0.093753 0.470931 -0.877163
vn 0.178228 -0.011109 -0.983917
vn 0.169683 0.011292 -0.985412
vn -0.619160 0.025117 0.784845
vn -0.602527 0.505844 0.617298
vn -0.456374 0.007416 0.889737
vn -0.363323 -0.492904 0.790582
vn 0.373180 0.331217 -0.866604
vn 0.783715 0.609943 0.117130
vn 0.332133 0.515641 -0.789788
vn 0.459212 0.884091 0.086306
vn 0.179327 0.979247 0.094180
vn 0.232398 0.342265 0.910398
vn 0.241829 0.222083 0.944548
vn 0.426038 0.406323 0.808313
vn 0.338267 0.330363 0.881130
vn 0.747795 0.663015 -0.034303
vn 0.268044 0.394147 0.879055
vn -0.185278 0.189795 0.964171
vn 0.813257 0.580462 -0.040590
vn 0.387463 0.367901 0.845271
vn 0.058016 -0.101901 0.993072
vn 0.003571 -0.027985 0.999573
vn -0.727744 0.085086 0.680502
vn -0.996338 -0.074862 -0.040620
vn -0.707511 0.072573 -0.702933
vn -0.161229 0.164434 -0.973113
vn 0.254250 0.355663 -0.899319
vn 0.430433 0.369030 -0.823695
vn 0.018586 -0.044588 -0.998810
vn -0.113376 -0.138218 -0.983886
vn -0.475478 -0.417066 -0.774529
vn -0.721488 -0.691458 -0.035890
vn -0.761254 -0.647633 -0.031953
vn -0.325327 -0.399060 0.857234
vn -0.492843 -0.416333 0.764031
vn -0.891903 -0.450484 0.039552
vn -0.514176 -0.850429 0.111087
vn -0.248573 -0.549303 0.797754
vn -0.447890 -0.271004 0.852016
vn 0.220954 -0.131321 0.966369
vn 0.362651 -0.539445 0.759911
vn -0.456374 0.007416 -0.889737
vn -0.619160 0.025117 -0.784845
vn -0.602557 0.505844 -0.617237
vn -0.363292 -0.492935 -0.790551
vn 0.244697 0.575121 -0.780602
vn 0.627033 0.741264 0.239387
vn 0.166173 0.725669 -0.667653
vn 0.247017 0.931944 0.265419
vn -0.046602 0.955138 0.292398
vn 0.190832 0.199347 0.961150
vn 0.229255 0.080477 0.970000
vn -0.301035 -0.006195 0.953581
vn -0.489425 0.871731 0.022523
vn -0.667135 0.744530 0.023896
vn -0.795312 -0.606067 -0.010712
vn -0.365795 0.470046 0.803247
vn -0.149846 0.013153 0.988617
vn -0.125401 -0.502640 0.855342
vn -0.068606 -0.993622 0.089389
vn 0.149236 -0.987030 0.058901
vn -0.093692 -0.492904 -0.864986
vn -0.338115 0.025117 -0.940764
vn -0.150456 0.007447 -0.988556
vn -0.375530 0.505844 -0.776543
vn 0.270943 -0.264016 0.925657
vn -0.242378 -0.541826 0.804743
vn 0.935667 0.350169 -0.043214
vn 0.683096 0.730125 -0.016144
vn 0.412275 0.909543 -0.052217
vn 0.436995 0.896023 -0.078341
vn 0.683279 0.724631 -0.089267
vn -0.045717 0.102390 0.993683
vn 0.885678 0.175939 -0.429609
vn -0.038179 0.999268 -0.000061
vn 0.243782 0.461104 0.853175
vn -0.043825 0.496536 0.866878
vn -0.043336 0.097171 0.994293
vn -0.202307 -0.131993 0.970367
vn -0.439161 -0.204840 0.874722
vn -0.240150 0.054994 0.969146
vn -0.913450 0.106296 -0.392743
vn -0.339183 -0.023377 0.940397
vn -0.874660 -0.149754 0.460982
vn -0.231635 0.194281 -0.953185
vn -0.206153 0.174657 -0.962798
vn -0.127049 0.183843 -0.974700
vn -0.127293 0.213507 -0.968596
vn -0.199316 0.175573 -0.964049
vn -0.246406 0.148198 -0.957732
vn -0.232795 0.151799 -0.960570
vn -0.208930 0.164739 -0.963927
vn -0.183538 0.235664 -0.954314
vn -0.232276 0.237403 -0.943205
vn -0.289926 0.223121 -0.930662
vn -0.289651 0.206244 -0.934629
vn -0.121738 0.159856 -0.979583
vn -0.143040 0.052644 0.988311
vn -0.244301 -0.268105 0.931883
vn -0.433729 -0.354656 0.828303
vn -0.436232 -0.748772 0.499008
vn -0.848720 -0.266243 0.456893
vn -0.609424 -0.751061 0.253914
vn -0.615253 -0.788293 0.000000
vn -0.483108 -0.875515 0.000000
vn -0.609424 -0.751061 -0.253914
vn -0.482986 -0.869686 -0.101627
vn -0.436232 -0.748772 -0.499008
vn -0.433729 -0.354656 -0.828303
vn -0.482986 -0.869686 0.101627
vn -0.376995 -0.222480 -0.899075
vn -0.848720 -0.266243 -0.456893
vn -0.947508 -0.319620 0.000000
vn -0.247658 0.600543 0.760247
vn -0.204962 -0.004486 0.978729
vn -0.118778 0.654836 0.746330
vn -0.376995 -0.222480 0.899075
vn -0.251534 0.623188 0.740501
vn -0.632710 0.674184 0.380932
vn -0.922666 0.385510 0.000000
vn 0.031861 0.148503 0.988372
vn 0.903623 0.160344 -0.397168
vn 0.044710 0.998993 -0.000183
vn -0.363018 -0.295083 0.883785
vn 0.089908 -0.486679 0.868923
vn 0.201239 -0.124302 0.971587
vn -0.875423 0.241157 -0.418867
vn 0.004700 0.149724 0.988708
vn 0.898465 0.160466 -0.408582
vn 0.044649 0.998993 -0.000183
vn -0.882229 0.241554 -0.404096
vn -0.038514 0.105289 0.993683
vn 0.895749 0.114322 -0.429579
vn 0.030915 0.999512 -0.000031
vn 0.796258 0.460067 -0.392804
vn 0.097903 -0.054750 0.993683
vn 0.627186 -0.778832 -0.000031
vn -0.903958 0.169134 -0.392712
vn -0.605487 -0.669973 -0.429518
vn -0.038392 0.105319 0.993683
vn 0.895718 0.114322 -0.429640
vn 0.030946 0.999512 -0.000061
vn -0.888363 -0.161992 -0.429548
vn 0.911649 -0.120670 -0.392773
vn 0.022431 -0.999725 -0.000031
vn -0.903897 0.169164 -0.392804
vn 0.044008 -0.103092 0.993683
vn -0.046022 0.102237 0.993683
vn 0.885037 0.179266 -0.429548
vn -0.041932 0.999115 -0.000061
vn -0.561418 -0.736137 -0.378002
vn 0.779656 0.433088 -0.452254
vn 0.658559 -0.752495 -0.000092
vn -0.913785 0.102847 -0.392895
vn 0.029267 -0.162999 0.986175
vn -0.051485 0.099643 0.993683
vn 0.874294 0.225806 -0.429609
vn -0.094699 0.995483 -0.000031
vn -0.578875 -0.692953 -0.429701
vn 0.777703 0.490738 -0.392804
vn 0.657063 -0.753807 -0.000061
vn -0.917997 0.054384 -0.392804
vn 0.099826 -0.051027 0.993683
vn -0.046358 0.102054 0.993683
vn 0.884579 0.181951 -0.429395
vn -0.044893 0.998962 -0.000061
vn -0.846065 -0.315531 -0.429640
vn 0.918668 0.041353 -0.392804
vn 0.197729 -0.980255 -0.000031
vn -0.914121 0.100162 -0.392804
vn 0.061464 -0.093722 0.993683
vn -0.045991 0.102237 0.993683
vn 0.885006 0.179296 -0.429640
vn -0.041932 0.999115 -0.000031
vn -0.846492 -0.330424 -0.417402
vn 0.922513 0.059206 -0.381329
vn 0.214667 -0.976684 -0.000031
vn -0.913785 0.102878 -0.392865
vn 0.061037 -0.087771 0.994263
vn -0.047395 0.101505 0.993683
vn 0.882229 0.192450 -0.429640
vn -0.056856 0.998352 -0.000031
vn -0.854732 -0.308420 -0.417432
vn 0.923734 0.035340 -0.381359
vn 0.189306 -0.981903 -0.000092
vn -0.915281 0.089206 -0.392773
vn 0.058779 -0.089358 0.994232
vn -0.047212 0.101718 0.993683
vn 0.882870 0.189245 -0.429762
vn -0.053224 0.998566 -0.000061
vn -0.645070 -0.631886 -0.429609
vn 0.822748 0.410810 -0.392773
vn 0.578722 -0.815516 -0.000031
vn -0.914884 0.092502 -0.392956
vn 0.094272 -0.060671 0.993683
vn -0.047212 0.101657 0.993683
vn 0.882900 0.189276 -0.429670
vn -0.649556 -0.627277 -0.429548
vn 0.825678 0.404981 -0.392682
vn 0.572893 -0.819605 -0.000031
vn -0.914914 0.092502 -0.392834
vn 0.093783 -0.061403 0.993683
vn -0.047578 0.101535 0.993683
vn 0.882199 0.192480 -0.429670
vn -0.056825 0.998383 -0.000061
vn -0.613392 -0.662557 -0.429792
vn 0.801660 0.450392 -0.392956
vn 0.617786 -0.786309 0.000000
vn -0.915250 0.089236 -0.392834
vn 0.097171 -0.055971 0.993683
vn 0.021180 0.103092 0.994415
vn 0.911679 0.095584 -0.399609
vn 0.051302 0.998657 -0.000031
vn -0.799188 -0.420392 -0.429548
vn 0.906034 0.157628 -0.392743
vn 0.320536 -0.947203 -0.000031
vn -0.889126 0.186773 -0.417768
vn 0.072787 -0.085208 0.993683
vn -0.110141 0.109317 0.987854
vn 0.886074 0.096347 -0.453352
vn 0.051271 0.998657 -0.000061
vn -0.616535 -0.690664 -0.377941
vn 0.810724 0.371654 -0.452254
vn 0.598559 -0.801050 -0.000122
vn -0.918851 0.188543 -0.346629
vn 0.016663 -0.164800 0.986175
vn -0.037263 0.105747 0.993683
vn 0.897092 0.103153 -0.429609
vn 0.043397 0.999054 -0.000031
vn -0.888302 -0.161962 -0.429670
vn 0.911618 -0.120701 -0.392834
vn 0.022401 -0.999725 -0.000061
vn -0.901730 0.180395 -0.392834
vn 0.044099 -0.103122 0.993683
vn 0.897061 0.103214 -0.429670
vn 0.043367 0.999054 -0.000031
vn -0.888394 -0.161962 -0.429518
vn 0.911679 -0.120701 -0.392682
vn 0.022401 -0.999725 -0.000031
vn -0.901669 0.180395 -0.392926
vn 0.044099 -0.103092 0.993683
vn -0.035676 0.106357 0.993683
vn 0.898526 0.089511 -0.429640
vn 0.058565 0.998260 -0.000061
vn -0.856746 -0.285195 -0.429640
vn 0.919553 0.008637 -0.392834
vn 0.162694 -0.986663 -0.000031
vn -0.898862 0.194067 -0.392834
vn 0.058077 -0.095859 0.993683
vn -0.035524 0.106326 0.993683
vn 0.898587 0.089511 -0.429548
vn 0.058565 0.998260 -0.000031
vn -0.850093 -0.304575 -0.429548
vn 0.919126 0.029450 -0.392804
vn 0.185034 -0.982727 -0.000031
vn -0.898892 0.194098 -0.392743
vn 0.060305 -0.094516 0.993683
vn 0.028626 0.149174 0.988372
vn 0.899777 0.180639 -0.397137
vn 0.022248 0.999725 -0.000183
vn -0.717063 -0.548875 -0.429579
vn 0.866573 0.307840 -0.392712
vn 0.475356 -0.879757 -0.000031
vn -0.880581 0.221442 -0.418928
vn 0.086123 -0.071718 0.993683
vn 0.028382 0.149113 0.988403
vn 0.899808 0.180548 -0.397107
vn 0.022309 0.999725 -0.000153
vn -0.888333 -0.161931 -0.429609
vn 0.911618 -0.120670 -0.392834
vn 0.022401 -0.999725 -0.000092
vn -0.880581 0.221412 -0.418897
vn 0.044160 -0.103122 0.993683
vn -0.051241 0.099643 0.993683
vn 0.874264 0.225837 -0.429670
vn -0.647389 -0.629414 -0.429731
vn 0.824244 0.407727 -0.392895
vn 0.575640 -0.817682 -0.000031
vn -0.917966 0.054415 -0.392865
vn 0.094028 -0.061068 0.993683
vn -0.033174 0.107150 0.993683
vn 0.900388 0.068453 -0.429640
vn 0.081912 0.996612 -0.000061
vn -0.670492 -0.604846 -0.429640
vn 0.838954 0.376659 -0.392743
vn 0.544694 -0.838618 -0.000061
vn -0.894131 0.215064 -0.392712
vn 0.091678 -0.064547 0.993683
vn -0.039644 0.104892 0.993683
vn 0.894528 0.124027 -0.429395
vn 0.020112 0.999786 -0.000061
vn -0.629566 -0.647267 -0.429701
vn 0.812586 0.430586 -0.392773
vn 0.598254 -0.801263 -0.000092
vn -0.905728 0.159337 -0.392682
vn 0.095645 -0.058473 0.993683
vn -0.039705 0.104892 0.993683
vn 0.894406 0.124058 -0.429640
vn 0.020081 0.999786 -0.000061
vn -0.811396 -0.396222 -0.429640
vn 0.910306 0.130406 -0.392834
vn 0.292001 -0.956389 -0.000061
vn -0.905667 0.159337 -0.392865
vn 0.070284 -0.087344 0.993683
vn -0.045656 0.102420 0.993683
vn 0.885708 0.175939 -0.429548
vn -0.852229 -0.294717 -0.432203
vn 0.919340 0.026124 -0.392499
vn 0.177892 -0.984008 -0.008393
vn -0.913450 0.106265 -0.392773
vn 0.059542 -0.103427 0.992828
vn -0.205023 0.951323 0.230049
vn -0.332133 0.933348 0.136052
vn -0.408063 0.909604 0.078066
vn -0.271706 0.959807 0.069948
vn 0.008759 0.998718 0.049440
vn 0.027009 0.998993 0.034974
vn -0.066073 0.997772 -0.007508
vn -0.855434 -0.324656 -0.403455
vn 0.916318 -0.002167 -0.400403
vn 0.178106 -0.982116 0.060549
vn 0.067202 -0.032197 0.997192
vn -0.840449 -0.330119 -0.429670
vn 0.917783 0.057222 -0.392865
vn 0.214667 -0.976684 -0.000061
vn 0.063204 -0.092654 0.993683
vn -0.046358 0.277352 0.959624
vn 0.884518 0.102512 -0.455031
vn -0.044862 0.983001 -0.177923
vn -0.914151 0.028657 -0.404309
vn -0.693930 -0.577837 -0.429518
vn 0.853175 0.343150 -0.392804
vn 0.511063 -0.859523 -0.000061
vn 0.089114 -0.068056 0.993683
vn -0.032960 0.107089 0.993683
vn 0.900418 0.068453 -0.429548
vn 0.081912 0.996612 -0.000031
vn -0.894070 0.215064 -0.392834
vn -0.715842 -0.550310 -0.429731
vn 0.865871 0.309610 -0.392926
vn 0.477187 -0.878780 -0.000061
vn 0.086276 -0.071596 0.993683
usemtl default02
s 1
f 1/1/1 2/2/2 3/3/3
f 4/4/4 5/5/5 6/6/6
f 7/7/7 4/4/4 6/6/6
f 8/8/8 4/4/4 7/7/7
f 9/9/9 4/4/4 8/8/8
f 10/10/10 4/4/4 9/9/9
f 11/11/11 5/5/5 4/4/4
f 12/12/12 11/11/11 4/4/4
f 4/4/4 10/10/10 12/12/12
f 12/12/12 10/10/10 13/13/13
f 14/14/14 13/13/13 10/10/10
f 14/14/14 10/10/10 9/9/9
f 15/15/15 14/14/14 9/9/9
f 9/9/9 8/8/8 15/15/15
f 15/15/15 8/8/8 16/16/16
f 16/16/16 8/8/8 7/7/7
f 17/17/17 16/16/16 7/7/7
f 5/5/5 18/4/18 6/6/6
f 6/6/6 18/4/18 7/7/7
f 18/4/18 19/8/19 7/7/7
f 7/7/7 19/8/19 17/17/17
f 20/16/20 17/17/17 19/8/19
f 19/8/19 21/9/21 20/16/20
f 20/16/20 21/9/21 22/15/22
f 21/9/21 23/10/23 22/15/22
f 22/15/22 23/10/23 24/14/24
f 24/14/24 23/10/23 12/12/12
f 13/13/13 24/14/24 12/12/12
f 23/10/23 11/11/11 12/12/12
f 11/11/11 23/10/23 18/4/18
f 23/10/23 21/9/21 18/4/18
f 18/4/18 21/9/21 19/8/19
f 5/5/5 11/11/11 18/4/18
f 25/18/25 26/19/26 27/20/27
f 28/21/28 26/19/26 25/18/25
f 28/21/28 29/22/29 26/19/26
f 30/23/30 29/22/29 28/21/28
f 31/24/31 27/20/27 32/25/32
f 25/18/25 27/20/27 31/24/31
f 33/26/33 25/18/25 31/24/31
f 34/27/34 25/18/25 33/26/33
f 34/27/34 28/21/28 25/18/25
f 35/28/35 28/21/28 34/27/34
f 35/28/35 30/23/30 28/21/28
f 36/29/36 30/23/30 35/28/35
f 33/26/33 37/30/37 34/27/34
f 38/31/38 39/32/39 40/33/40
f 39/32/39 41/34/41 40/33/40
f 41/34/41 42/35/42 40/33/40
f 40/33/40 42/35/42 38/31/38
f 38/31/38 42/35/42 43/36/43
f 42/35/42 44/37/44 43/36/43
f 43/36/43 44/37/44 45/38/45
f 44/37/44 46/39/46 45/38/45
f 45/38/45 46/39/46 47/40/47
f 46/39/46 48/41/48 47/40/47
f 47/40/47 48/41/48 36/29/36
f 47/40/47 36/29/36 49/42/49
f 49/42/49 36/29/36 35/28/35
f 49/42/49 35/28/35 50/43/50
f 50/43/50 35/28/35 34/27/34
f 34/27/34 51/44/51 50/43/50
f 37/30/37 51/44/51 34/27/34
f 37/30/37 52/45/52 51/44/51
f 46/39/46 53/46/53 48/41/48
f 42/35/42 53/46/53 46/39/46
f 44/37/44 42/35/42 46/39/46
f 43/36/43 45/38/45 54/47/54
f 52/45/52 55/48/55 51/44/51
f 51/44/51 55/48/55 56/49/56
f 51/44/51 56/49/56 50/43/50
f 50/43/50 56/49/56 57/50/57
f 57/50/57 49/42/49 50/43/50
f 58/51/58 49/42/49 57/50/57
f 58/51/58 47/40/47 49/42/49
f 45/38/45 47/40/47 58/51/58
f 59/52/59 42/35/42 41/34/41
f 53/46/53 42/35/42 59/52/59
f 3/3/3 53/46/53 59/52/59
f 48/41/48 53/46/53 3/3/3
f 60/53/60 48/41/48 3/3/3
f 36/29/36 48/41/48 60/53/60
f 61/54/61 36/29/36 60/53/60
f 62/55/62 36/29/36 61/54/61
f 63/56/63 62/55/62 61/54/61
f 64/57/64 62/55/62 63/56/63
f 14/58/14 64/57/64 63/56/63
f 14/58/14 63/56/63 13/59/13
f 13/59/13 63/56/63 65/60/65
f 13/59/13 65/60/65 24/61/24
f 65/60/65 66/62/66 24/61/24
f 66/62/66 65/60/65 67/63/67
f 68/64/68 66/62/66 67/63/67
f 67/63/67 69/65/69 68/64/68
f 59/52/59 1/1/1 3/3/3
f 63/56/63 61/54/61 65/60/65
f 65/60/65 61/54/61 70/66/70
f 61/54/61 60/53/60 70/66/70
f 70/66/70 60/53/60 3/3/3
f 3/3/3 2/2/2 70/66/70
f 67/63/67 65/60/65 70/66/70
f 70/66/70 71/67/71 67/63/67
f 71/67/71 69/65/69 67/63/67
f 2/2/2 71/67/71 70/66/70
f 72/68/72 73/69/73 69/65/69
f 62/70/62 74/71/74 36/72/36
f 75/73/75 74/71/74 62/70/62
f 76/74/76 74/71/74 75/73/75
f 77/75/77 76/74/76 75/73/75
f 78/76/78 76/74/76 77/75/77
f 78/76/78 77/75/77 79/77/79
f 68/64/68 78/76/78 79/77/79
f 79/77/79 80/78/80 68/64/68
f 80/78/80 66/62/66 68/64/68
f 66/62/66 80/78/80 22/79/22
f 24/61/24 66/62/66 22/79/22
f 81/80/81 62/70/62 64/81/64
f 75/73/75 62/70/62 81/80/81
f 82/82/82 75/73/75 81/80/81
f 77/75/77 75/73/75 82/82/82
f 79/77/79 77/75/77 82/82/82
f 15/83/15 64/81/64 14/84/14
f 64/81/64 15/83/15 81/80/81
f 15/83/15 16/85/16 81/80/81
f 81/80/81 16/85/16 82/82/82
f 16/85/16 17/86/17 82/82/82
f 82/82/82 17/86/17 79/77/79
f 17/86/17 20/87/20 79/77/79
f 20/87/20 80/78/80 79/77/79
f 22/79/22 80/78/80 20/87/20
f 69/65/69 78/76/78 68/64/68
f 78/76/78 69/65/69 83/88/83
f 83/88/83 76/74/76 78/76/78
f 84/89/84 76/74/76 83/88/83
f 76/74/76 84/89/84 29/90/29
f 84/89/84 85/91/85 29/90/29
f 29/90/29 85/91/85 86/92/86
f 85/91/85 87/93/87 86/92/86
f 87/93/87 88/94/88 86/92/86
f 88/94/88 87/93/87 89/95/89
f 90/96/90 88/94/88 89/95/89
f 89/95/89 87/93/87 91/97/91
f 92/98/92 89/95/89 91/97/91
f 89/95/89 92/98/92 54/99/54
f 54/99/54 90/96/90 89/95/89
f 54/99/54 45/100/45 90/96/90
f 45/100/45 93/101/93 90/96/90
f 93/101/93 88/94/88 90/96/90
f 88/94/88 93/101/93 94/102/94
f 86/92/86 88/94/88 94/102/94
f 95/103/95 86/92/86 94/102/94
f 29/90/29 86/92/86 95/103/95
f 29/90/29 95/103/95 26/104/26
f 58/105/58 93/101/93 45/100/45
f 30/106/30 76/74/76 29/90/29
f 74/71/74 30/106/30 36/72/36
f 76/74/76 30/106/30 74/71/74
f 94/102/94 93/101/93 96/107/96
f 93/101/93 58/105/58 96/107/96
f 96/107/96 58/105/58 57/108/57
f 56/109/56 96/107/96 57/108/57
f 97/110/97 96/107/96 56/109/56
f 97/110/97 56/109/56 98/111/98
f 99/112/99 97/110/97 98/111/98
f 99/112/99 98/111/98 100/113/100
f 101/114/101 99/112/99 100/113/100
f 102/115/102 99/112/99 101/114/101
f 103/116/103 99/112/99 102/115/102
f 102/115/102 32/117/32 103/116/103
f 32/117/32 27/118/27 103/116/103
f 103/116/103 27/118/27 26/104/26
f 26/104/26 95/103/95 103/116/103
f 95/103/95 104/119/104 103/116/103
f 95/103/95 94/102/94 104/119/104
f 104/119/104 94/102/94 96/107/96
f 104/119/104 96/107/96 97/110/97
f 104/119/104 97/110/97 99/112/99
f 103/116/103 104/119/104 99/112/99
f 98/111/98 56/109/56 55/120/55
f 98/111/98 55/120/55 105/121/105
f 100/113/100 98/111/98 105/121/105
f 105/121/105 55/120/55 52/122/52
f 106/123/106 107/124/107 108/125/108
f 108/125/108 109/126/109 106/123/106
f 110/127/110 109/126/109 108/125/108
f 84/89/84 107/124/107 85/91/85
f 108/125/108 107/124/107 84/89/84
f 83/88/83 108/125/108 84/89/84
f 69/65/69 108/125/108 83/88/83
f 69/65/69 110/127/110 108/125/108
f 73/69/73 110/127/110 69/65/69
f 111/128/111 110/127/110 73/69/73
f 109/126/109 110/127/110 111/128/111
f 112/129/112 109/126/109 111/128/111
f 113/130/113 109/126/109 112/129/112
f 109/126/109 113/130/113 106/123/106
f 106/123/106 113/130/113 114/131/114
f 114/131/114 92/98/92 106/123/106
f 92/98/92 107/124/107 106/123/106
f 91/97/91 107/124/107 92/98/92
f 87/93/87 107/124/107 91/97/91
f 107/124/107 87/93/87 85/91/85
f 111/128/111 115/132/115 112/129/112
f 112/129/112 116/133/116 113/130/113
f 38/31/38 116/133/116 112/129/112
f 112/129/112 39/32/39 38/31/38
f 115/132/115 39/32/39 112/129/112
f 117/134/117 118/135/118 119/136/119
f 117/134/117 119/136/119 120/137/120
f 121/138/121 117/134/117 120/137/120
f 121/138/121 120/137/120 122/139/122
f 123/140/123 121/138/121 122/141/122
f 124/142/124 125/143/125 126/144/126
f 126/144/126 127/145/127 124/142/124
f 124/142/124 127/145/127 123/140/123
f 127/145/127 121/138/121 123/140/123
f 127/145/127 128/146/128 121/138/121
f 128/146/128 117/134/117 121/138/121
f 128/146/128 129/147/129 117/134/117
f 129/147/129 118/135/118 117/134/117
f 129/147/129 130/148/130 118/135/118
f 130/148/130 131/149/131 118/135/118
f 132/150/132 131/149/131 130/148/130
f 133/151/133 131/149/131 132/150/132
f 134/152/134 133/151/133 132/150/132
f 134/152/134 132/150/132 135/153/135
f 136/154/136 134/152/134 135/153/135
f 137/155/137 125/143/125 124/142/124
f 125/143/125 137/155/137 138/156/138
f 139/157/139 125/143/125 138/156/138
f 138/156/138 137/155/137 140/158/140
f 141/159/141 142/160/142 143/161/143
f 141/159/141 135/162/135 142/160/142
f 144/163/144 135/162/135 141/159/141
f 145/164/145 144/163/144 141/159/141
f 146/165/146 144/163/144 145/164/145
f 147/166/147 146/165/146 145/164/145
f 148/167/148 146/165/146 147/166/147
f 149/168/149 148/167/148 147/166/147
f 150/169/150 148/167/148 149/168/149
f 126/144/126 150/169/150 149/168/149
f 149/168/149 151/170/151 126/144/126
f 126/144/126 151/170/151 127/145/127
f 151/170/151 128/146/128 127/145/127
f 151/170/151 152/171/152 128/146/128
f 152/171/152 129/147/129 128/146/128
f 152/171/152 130/148/130 129/147/129
f 142/172/142 130/148/130 152/171/152
f 132/150/132 130/148/130 142/172/142
f 135/153/135 132/150/132 142/172/142
f 153/173/153 144/163/144 146/165/146
f 154/174/154 144/163/144 153/173/153
f 144/163/144 154/174/154 135/162/135
f 135/162/135 154/174/154 136/175/136
f 155/176/155 123/177/123 122/178/122
f 156/179/156 123/177/123 155/176/155
f 155/176/155 157/180/157 156/179/156
f 157/180/157 158/181/158 156/179/156
f 157/180/157 136/175/136 158/181/158
f 136/175/136 154/174/154 158/181/158
f 158/181/158 154/174/154 159/182/159
f 159/182/159 154/174/154 153/173/153
f 159/182/159 153/173/153 160/183/160
f 160/183/160 153/173/153 161/184/161
f 153/173/153 146/165/146 161/184/161
f 161/184/161 146/165/146 162/185/162
f 146/165/146 148/167/148 162/185/162
f 162/185/162 148/167/148 163/186/163
f 148/167/148 150/169/150 163/186/163
f 163/186/163 150/169/150 139/157/139
f 150/169/150 125/143/125 139/157/139
f 125/143/125 150/169/150 126/144/126
f 164/187/164 158/181/158 159/182/159
f 156/179/156 158/181/158 164/187/164
f 124/188/124 123/177/123 156/179/156
f 124/188/124 156/179/156 137/189/137
f 137/189/137 156/179/156 164/187/164
f 140/190/140 137/189/137 164/187/164
f 140/190/140 164/187/164 165/191/165
f 164/187/164 159/182/159 165/191/165
f 165/191/165 159/182/159 160/183/160
f 166/147/166 167/146/167 168/134/168
f 168/134/168 169/135/169 166/147/166
f 170/192/170 171/193/171 172/194/172
f 171/193/171 173/195/173 172/194/172
f 172/194/172 173/195/173 174/196/174
f 173/195/173 175/197/175 174/196/174
f 174/196/174 175/197/175 176/198/176
f 175/197/175 177/149/177 176/198/176
f 176/198/176 177/149/177 169/135/169
f 177/149/177 178/148/178 169/135/169
f 169/135/169 178/148/178 166/147/166
f 178/148/178 179/171/179 166/147/166
f 166/147/166 179/171/179 167/146/167
f 179/171/179 180/170/180 167/146/167
f 167/146/167 180/170/180 181/145/181
f 181/145/181 182/138/182 167/146/167
f 167/146/167 182/138/182 168/134/168
f 168/134/168 182/138/182 183/137/183
f 184/136/184 168/134/168 183/137/183
f 184/136/184 169/135/169 168/134/168
f 171/193/171 175/197/175 173/195/173
f 183/137/183 182/138/182 185/139/185
f 185/141/185 182/138/182 186/140/186
f 186/140/186 182/138/182 181/145/181
f 187/142/187 186/140/186 181/145/181
f 181/145/181 188/144/188 187/142/187
f 180/170/180 188/144/188 181/145/181
f 180/170/180 189/168/189 188/144/188
f 190/161/190 189/168/189 180/170/180
f 179/171/179 190/161/190 180/170/180
f 191/160/191 190/161/190 179/171/179
f 187/142/187 192/143/192 193/155/193
f 188/144/188 192/143/192 187/142/187
f 188/144/188 194/169/194 192/143/192
f 189/168/189 194/169/194 188/144/188
f 195/167/195 194/169/194 189/168/189
f 195/167/195 189/168/189 196/166/196
f 196/166/196 189/168/189 190/161/190
f 196/166/196 190/161/190 197/159/197
f 197/159/197 190/161/190 191/160/191
f 191/160/191 198/162/198 197/159/197
f 193/155/193 199/156/199 200/158/200
f 192/143/192 199/156/199 193/155/193
f 192/143/192 201/157/201 199/156/199
f 194/169/194 201/157/201 192/143/192
f 201/157/201 194/169/194 202/186/202
f 202/186/202 194/169/194 195/167/195
f 203/185/203 202/186/202 195/167/195
f 203/185/203 195/167/195 204/165/204
f 204/165/204 195/167/195 196/166/196
f 204/165/204 196/166/196 205/164/205
f 205/164/205 196/166/196 197/159/197
f 197/159/197 206/163/206 205/164/205
f 198/162/198 206/163/206 197/159/197
f 206/163/206 198/162/198 207/174/207
f 207/174/207 198/162/198 208/175/208
f 208/175/208 209/181/209 207/174/207
f 208/175/208 210/180/210 209/181/209
f 210/180/210 211/179/211 209/181/209
f 211/179/211 212/187/212 209/181/209
f 193/189/193 212/187/212 211/179/211
f 200/190/200 212/187/212 193/189/193
f 206/163/206 204/165/204 205/164/205
f 213/173/213 204/165/204 206/163/206
f 207/174/207 213/173/213 206/163/206
f 214/182/214 213/173/213 207/174/207
f 209/181/209 214/182/214 207/174/207
f 210/180/210 215/176/215 211/179/211
f 216/184/216 203/185/203 204/165/204
f 204/165/204 213/173/213 216/184/216
f 216/184/216 213/173/213 217/183/217
f 213/173/213 214/182/214 217/183/217
f 212/187/212 214/182/214 209/181/209
f 214/182/214 212/187/212 218/191/218
f 218/191/218 212/187/212 200/190/200
f 217/183/217 214/182/214 218/191/218
f 211/179/211 187/188/187 193/189/193
f 186/177/186 187/188/187 211/179/211
f 211/179/211 215/176/215 186/177/186
f 186/177/186 215/176/215 185/178/185
f 219/199/219 220/200/220 221/201/221
f 221/201/221 220/200/220 222/202/222
f 222/202/222 220/200/220 223/203/223
f 224/204/224 221/201/221 222/202/222
f 184/205/184 183/206/183 225/207/225
f 225/207/225 183/206/183 224/204/224
f 183/206/183 221/201/221 224/204/224
f 185/208/185 221/201/221 183/206/183
f 215/209/215 221/201/221 185/208/185
f 219/199/219 221/201/221 215/209/215
f 210/210/210 219/199/219 215/209/215
f 191/172/191 226/150/226 198/153/198
f 226/150/226 227/152/227 198/153/198
f 198/153/198 227/152/227 208/154/208
f 227/152/227 228/211/228 208/154/208
f 208/154/208 228/211/228 210/210/210
f 228/211/228 219/199/219 210/210/210
f 228/211/228 229/212/229 219/199/219
f 229/212/229 220/200/220 219/199/219
f 229/212/229 230/213/230 220/200/220
f 220/200/220 230/213/230 223/203/223
f 223/203/223 230/213/230 231/214/231
f 223/203/223 231/214/231 232/215/232
f 232/215/232 231/214/231 233/216/233
f 232/215/232 233/216/233 234/217/234
f 234/217/234 233/216/233 235/218/235
f 234/217/234 235/218/235 236/219/236
f 236/219/236 235/218/235 170/192/170
f 235/218/235 171/193/171 170/192/170
f 226/150/226 237/151/237 227/152/227
f 179/171/179 178/148/178 191/172/191
f 178/148/178 226/150/226 191/172/191
f 178/148/178 177/149/177 226/150/226
f 177/149/177 237/151/237 226/150/226
f 177/149/177 175/197/175 237/151/237
f 237/151/237 175/197/175 238/220/238
f 238/220/238 175/197/175 171/193/171
f 239/221/239 238/220/238 171/193/171
f 235/218/235 239/221/239 171/193/171
f 233/216/233 239/221/239 235/218/235
f 233/216/233 240/222/240 239/221/239
f 240/222/240 238/220/238 239/221/239
f 241/223/241 238/220/238 240/222/240
f 237/151/237 238/220/238 241/223/241
f 237/151/237 241/223/241 242/224/242
f 237/151/237 242/224/242 227/152/227
f 227/152/227 242/224/242 228/211/228
f 242/224/242 229/212/229 228/211/228
f 242/224/242 241/223/241 229/212/229
f 241/223/241 230/213/230 229/212/229
f 230/213/230 241/223/241 231/214/231
f 231/214/231 241/223/241 233/216/233
f 241/223/241 240/222/240 233/216/233
f 243/225/243 244/226/244 245/227/245
f 246/227/246 244/226/244 243/225/243
f 246/227/246 247/228/247 244/226/244
f 248/229/248 247/228/247 246/227/246
f 249/230/249 248/229/248 246/227/246
f 250/231/250 248/229/248 249/230/249
f 248/229/248 251/232/251 247/228/247
f 252/233/252 251/232/251 248/229/248
f 250/231/250 252/233/252 248/229/248
f 253/234/253 252/233/252 250/231/250
f 253/234/253 254/235/254 252/233/252
f 255/236/255 254/235/254 253/234/253
f 256/237/256 255/236/255 253/234/253
f 257/238/257 255/236/255 256/237/256
f 256/237/256 258/239/258 257/238/257
f 258/239/258 259/240/259 257/238/257
f 260/241/260 261/242/261 257/238/257
f 262/243/262 260/241/260 257/238/257
f 257/238/257 259/240/259 262/243/262
f 259/240/259 263/244/263 262/243/262
f 264/231/264 265/229/265 266/233/266
f 267/230/267 265/229/265 264/231/264
f 245/227/245 265/229/265 267/230/267
f 245/227/245 268/228/268 265/229/265
f 244/226/244 268/228/268 245/227/245
f 244/226/244 269/245/269 268/228/268
f 247/228/247 269/245/269 244/226/244
f 247/228/247 270/246/270 269/245/269
f 251/232/251 270/246/270 247/228/247
f 251/232/251 271/247/271 270/246/270
f 272/248/272 271/247/271 251/232/251
f 252/233/252 272/248/272 251/232/251
f 273/249/273 272/248/272 252/233/252
f 254/235/254 273/249/273 252/233/252
f 274/250/274 273/249/273 254/235/254
f 255/236/255 274/250/274 254/235/254
f 261/242/261 274/250/274 255/236/255
f 257/238/257 261/242/261 255/236/255
f 270/246/270 271/247/271 275/251/275
f 276/252/276 270/246/270 275/251/275
f 269/245/269 270/246/270 276/252/276
f 277/246/277 269/245/269 276/252/276
f 268/228/268 269/245/269 277/246/277
f 278/232/278 268/228/268 277/246/277
f 265/229/265 268/228/268 278/232/278
f 266/233/266 265/229/265 278/232/278
f 279/253/279 280/254/280 273/249/273
f 273/249/273 280/254/280 272/248/272
f 280/254/280 281/255/281 272/248/272
f 272/248/272 281/255/281 271/247/271
f 271/247/271 281/255/281 282/256/282
f 275/251/275 271/247/271 282/256/282
f 282/256/282 283/257/283 275/251/275
f 283/257/283 284/258/284 275/251/275
f 275/251/275 284/258/284 276/252/276
f 284/258/284 285/251/285 276/252/276
f 276/252/276 285/251/285 277/246/277
f 285/251/285 286/247/286 277/246/277
f 277/246/277 286/247/286 278/232/278
f 286/247/286 287/248/287 278/232/278
f 278/232/278 287/248/287 266/233/266
f 287/248/287 288/249/288 266/233/266
f 266/233/266 288/249/288 289/235/289
f 288/249/288 290/250/290 289/235/289
f 282/256/282 281/255/281 291/259/291
f 292/260/292 293/261/293 294/262/294
f 294/262/294 293/261/293 295/263/295
f 295/263/295 296/264/296 294/262/294
f 297/257/297 296/264/296 295/263/295
f 296/264/296 297/257/297 284/258/284
f 284/258/284 297/257/297 285/251/285
f 297/257/297 298/256/298 285/251/285
f 285/251/285 298/256/298 286/247/286
f 298/256/298 223/255/223 286/247/286
f 286/247/286 223/255/223 287/248/287
f 223/255/223 232/254/232 287/248/287
f 232/254/232 288/249/288 287/248/287
f 234/253/234 288/249/288 232/254/232
f 234/253/234 290/250/290 288/249/288
f 236/265/236 290/250/290 234/253/234
f 236/265/236 299/242/299 290/250/290
f 300/266/300 299/242/299 236/265/236
f 300/266/300 301/267/301 299/242/299
f 298/256/298 297/257/297 295/263/295
f 295/263/295 302/268/302 298/256/298
f 293/261/293 302/268/302 295/263/295
f 293/261/293 303/269/303 302/268/302
f 304/270/304 303/269/303 293/261/293
f 292/260/292 304/270/304 293/261/293
f 305/271/305 304/270/304 292/260/292
f 306/272/306 305/271/305 292/260/292
f 307/273/307 305/271/305 306/272/306
f 308/274/308 307/273/307 306/272/306
f 306/272/306 309/275/309 308/274/308
f 309/275/309 310/276/310 308/274/308
f 308/274/308 310/276/310 311/277/311
f 311/277/311 312/278/312 308/274/308
f 313/241/313 312/278/312 311/277/311
f 313/241/313 301/267/301 312/278/312
f 299/242/299 301/267/301 313/241/313
f 312/278/312 307/273/307 308/274/308
f 314/279/314 301/267/301 300/266/300
f 301/267/301 314/279/314 312/278/312
f 312/278/312 314/279/314 315/280/315
f 312/278/312 315/280/315 307/273/307
f 307/273/307 315/280/315 169/281/169
f 307/273/307 169/281/169 305/271/305
f 305/271/305 169/281/169 184/282/184
f 305/271/305 184/282/184 304/270/304
f 304/270/304 184/282/184 225/283/225
f 304/270/304 225/283/225 303/269/303
f 303/269/303 225/283/225 224/284/224
f 303/269/303 224/284/224 302/268/302
f 302/268/302 224/284/224 222/259/222
f 302/268/302 222/259/222 298/256/298
f 298/256/298 222/259/222 223/255/223
f 292/260/292 316/285/316 306/272/306
f 316/285/316 317/286/317 306/272/306
f 317/286/317 309/275/309 306/272/306
f 309/275/309 317/286/317 318/287/318
f 319/288/319 309/275/309 318/287/318
f 310/276/310 309/275/309 319/288/319
f 320/289/320 310/276/310 319/288/319
f 311/277/311 310/276/310 320/289/320
f 321/290/321 311/277/311 320/289/320
f 313/241/313 311/277/311 321/290/321
f 322/291/322 313/241/313 321/290/321
f 321/290/321 323/292/323 322/291/322
f 323/292/323 324/293/324 322/291/322
f 324/293/324 323/292/323 325/294/325
f 324/293/324 325/294/325 326/292/326
f 326/292/326 325/294/325 327/295/327
f 326/292/326 327/295/327 328/296/328
f 328/296/328 327/295/327 329/297/329
f 330/298/330 320/289/320 319/288/319
f 289/235/289 290/250/290 331/236/331
f 290/250/290 299/242/299 331/236/331
f 331/236/331 299/242/299 332/238/332
f 299/242/299 313/241/313 332/238/332
f 332/238/332 313/241/313 333/243/333
f 333/243/333 313/241/313 322/291/322
f 334/299/334 333/243/333 322/291/322
f 322/291/322 324/293/324 334/299/334
f 324/293/324 335/291/335 334/299/334
f 324/293/324 326/292/326 335/291/335
f 335/291/335 326/292/326 336/290/336
f 326/292/326 328/296/328 336/290/336
f 336/290/336 328/296/328 337/289/337
f 328/296/328 329/297/329 337/289/337
f 337/289/337 329/297/329 338/298/338
f 329/297/329 339/300/339 338/298/338
f 338/298/338 339/300/339 340/301/340
f 339/300/339 341/302/341 340/301/340
f 338/298/338 342/288/342 337/289/337
f 342/288/342 343/276/343 337/289/337
f 343/276/343 344/277/344 337/289/337
f 337/289/337 344/277/344 336/290/336
f 344/277/344 260/241/260 336/290/336
f 336/290/336 260/241/260 335/291/335
f 335/291/335 260/241/260 262/243/262
f 334/299/334 335/291/335 262/243/262
f 262/243/262 263/244/263 334/299/334
f 263/244/263 333/243/333 334/299/334
f 345/240/345 333/243/333 263/244/263
f 332/238/332 333/243/333 345/240/345
f 346/239/346 332/238/332 345/240/345
f 347/237/347 332/238/332 346/239/346
f 332/238/332 347/237/347 331/236/331
f 331/236/331 347/237/347 348/234/348
f 331/236/331 348/234/348 289/235/289
f 289/235/289 348/234/348 266/233/266
f 348/234/348 264/231/264 266/233/266
f 349/303/349 350/304/350 351/305/351
f 352/306/352 349/303/349 351/305/351
f 351/305/351 353/303/353 352/306/352
f 353/303/353 354/307/354 352/306/352
f 355/285/355 354/307/354 353/303/353
f 354/307/354 355/285/355 356/286/356
f 356/286/356 355/285/355 357/272/357
f 356/286/356 357/272/357 358/275/358
f 358/275/358 357/272/357 359/274/359
f 358/275/358 359/274/359 343/276/343
f 343/276/343 359/274/359 344/277/344
f 359/274/359 360/278/360 344/277/344
f 344/277/344 360/278/360 260/241/260
f 360/278/360 361/267/361 260/241/260
f 260/241/260 361/267/361 261/242/261
f 362/308/362 363/304/363 351/305/351
f 363/304/363 353/303/353 351/305/351
f 364/260/364 353/303/353 363/304/363
f 364/260/364 355/285/355 353/303/353
f 357/272/357 355/285/355 364/260/364
f 365/271/365 357/272/357 364/260/364
f 366/273/366 357/272/357 365/271/365
f 357/272/357 366/273/366 359/274/359
f 359/274/359 366/273/366 360/278/360
f 364/260/364 367/270/367 365/271/365
f 368/284/368 369/268/369 291/259/291
f 368/284/368 370/269/370 369/268/369
f 371/283/371 370/269/370 368/284/368
f 370/269/370 371/283/371 367/270/367
f 367/270/367 371/283/371 119/282/119
f 367/270/367 119/282/119 365/271/365
f 365/271/365 119/282/119 118/281/118
f 118/281/118 366/273/366 365/271/365
f 372/280/372 366/273/366 118/281/118
f 366/273/366 372/280/372 360/278/360
f 372/280/372 373/279/373 360/278/360
f 360/278/360 373/279/373 361/267/361
f 373/279/373 374/266/374 361/267/361
f 361/267/361 374/266/374 261/242/261
f 374/266/374 375/265/375 261/242/261
f 261/242/261 375/265/375 274/250/274
f 375/265/375 279/253/279 274/250/274
f 274/250/274 279/253/279 273/249/273
f 351/305/351 350/304/350 362/308/362
f 350/304/350 376/309/376 362/308/362
f 362/308/362 376/309/376 363/304/363
f 376/309/376 377/262/377 363/304/363
f 363/304/363 377/262/377 364/260/364
f 377/262/377 378/261/378 364/260/364
f 378/261/378 367/270/367 364/260/364
f 378/261/378 370/269/370 367/270/367
f 370/269/370 378/261/378 369/268/369
f 369/268/369 378/261/378 379/263/379
f 378/261/378 377/262/377 379/263/379
f 379/263/379 377/262/377 380/264/380
f 377/262/377 376/309/376 380/264/380
f 380/264/380 376/309/376 381/310/381
f 382/311/382 383/312/383 384/313/384
f 317/286/317 383/312/383 382/311/382
f 385/307/385 383/312/383 317/286/317
f 316/285/316 385/307/385 317/286/317
f 349/303/349 385/307/385 316/285/316
f 292/260/292 349/303/349 316/285/316
f 350/304/350 349/303/349 292/260/292
f 294/262/294 350/304/350 292/260/292
f 376/309/376 350/304/350 294/262/294
f 296/264/296 376/309/376 294/262/294
f 381/310/381 376/309/376 296/264/296
f 284/258/284 381/310/381 296/264/296
f 380/264/380 381/310/381 284/258/284
f 283/257/283 380/264/380 284/258/284
f 379/263/379 380/264/380 283/257/283
f 282/256/282 379/263/379 283/257/283
f 369/268/369 379/263/379 282/256/282
f 291/259/291 369/268/369 282/256/282
f 386/314/386 382/311/382 387/315/387
f 388/316/388 382/311/382 386/314/386
f 317/286/317 382/311/382 388/316/388
f 318/287/318 317/286/317 388/316/388
f 389/296/389 323/292/323 321/290/321
f 320/289/320 389/296/389 321/290/321
f 390/297/390 389/296/389 320/289/320
f 390/297/390 320/289/320 330/298/330
f 391/300/391 390/297/390 330/298/330
f 330/298/330 392/301/392 391/300/391
f 392/301/392 393/302/393 391/300/391
f 394/317/394 393/302/393 392/301/392
f 395/318/395 393/302/393 394/317/394
f 396/319/396 395/318/395 394/317/394
f 396/319/396 397/320/397 395/318/395
f 398/321/398 397/320/397 396/319/396
f 397/320/397 398/321/398 399/322/399
f 398/321/398 400/323/400 399/322/399
f 399/322/399 400/323/400 401/324/401
f 400/323/400 387/315/387 401/324/401
f 387/315/387 384/313/384 401/324/401
f 387/315/387 382/311/382 384/313/384
f 327/295/327 402/325/402 329/297/329
f 329/297/329 402/325/402 339/300/339
f 402/325/402 403/326/403 339/300/339
f 339/300/339 403/326/403 341/302/341
f 341/302/341 403/326/403 404/327/404
f 404/327/404 403/326/403 405/328/405
f 405/328/405 406/329/406 404/327/404
f 407/327/407 406/329/406 405/328/405
f 408/326/408 407/327/407 405/328/405
f 393/302/393 407/327/407 408/326/408
f 391/300/391 393/302/393 408/326/408
f 408/326/408 409/325/409 391/300/391
f 409/325/409 390/297/390 391/300/391
f 410/295/410 390/297/390 409/325/409
f 389/296/389 390/297/390 410/295/410
f 323/292/323 389/296/389 410/295/410
f 323/292/323 410/295/410 325/294/325
f 325/294/325 410/295/410 411/330/411
f 325/294/325 411/330/411 327/295/327
f 327/295/327 411/330/411 402/325/402
f 411/330/411 412/331/412 402/325/402
f 402/325/402 412/331/412 403/326/403
f 403/326/403 412/331/412 405/328/405
f 405/328/405 412/331/412 408/326/408
f 412/331/412 409/325/409 408/326/408
f 411/330/411 409/325/409 412/331/412
f 410/295/410 409/325/409 411/330/411
f 413/332/413 400/333/400 398/334/398
f 413/332/413 398/334/398 414/335/414
f 414/335/414 398/334/398 396/336/396
f 396/336/396 415/337/415 414/335/414
f 394/338/394 415/337/415 396/336/396
f 415/337/415 394/338/394 416/339/416
f 394/338/394 392/340/392 416/339/416
f 417/341/417 418/342/418 419/343/419
f 417/341/417 419/343/419 420/344/420
f 421/345/421 417/341/417 420/344/420
f 420/344/420 422/346/422 421/345/421
f 422/346/422 423/347/423 421/345/421
f 424/348/424 423/347/423 422/346/422
f 423/347/423 424/348/424 318/349/318
f 318/349/318 424/348/424 319/350/319
f 319/350/319 424/348/424 330/351/330
f 424/348/424 425/352/425 330/351/330
f 330/351/330 425/352/425 392/340/392
f 392/340/392 425/352/425 426/353/426
f 416/339/416 392/340/392 426/353/426
f 416/339/416 426/353/426 427/354/427
f 415/337/415 416/339/416 427/354/427
f 415/337/415 427/354/427 428/355/428
f 415/337/415 428/355/428 414/335/414
f 414/335/414 428/355/428 429/356/429
f 423/347/423 417/341/417 421/345/421
f 427/354/427 426/353/426 430/357/430
f 427/354/427 430/357/430 428/355/428
f 429/356/429 413/332/413 414/335/414
f 429/356/429 419/343/419 413/332/413
f 428/355/428 419/343/419 429/356/429
f 420/344/420 419/343/419 428/355/428
f 428/355/428 430/357/430 420/344/420
f 430/357/430 431/358/431 420/344/420
f 426/353/426 431/358/431 430/357/430
f 426/353/426 425/352/425 431/358/431
f 425/352/425 424/348/424 431/358/431
f 431/358/431 424/348/424 422/346/422
f 431/358/431 422/346/422 420/344/420
f 432/359/432 433/360/433 388/361/388
f 433/360/433 434/362/434 388/361/388
f 388/361/388 434/362/434 318/349/318
f 434/362/434 435/363/435 318/349/318
f 318/349/318 435/363/435 423/347/423
f 435/363/435 436/364/436 423/347/423
f 423/347/423 436/364/436 417/341/417
f 436/364/436 437/365/437 417/341/417
f 417/341/417 437/365/437 418/342/418
f 437/365/437 438/366/438 418/342/418
f 418/342/418 438/366/438 439/367/439
f 438/366/438 440/368/440 439/367/439
f 439/367/439 440/368/440 441/369/441
f 441/369/441 418/342/418 439/367/439
f 442/370/442 418/342/418 441/369/441
f 418/342/418 442/370/442 419/343/419
f 419/343/419 442/370/442 443/371/443
f 419/343/419 443/371/443 413/332/413
f 444/372/444 442/370/442 441/369/441
f 442/370/442 444/372/444 445/373/445
f 446/374/446 442/370/442 445/373/445
f 443/371/443 442/370/442 446/374/446
f 436/364/436 435/363/435 447/375/447
f 437/365/437 436/364/436 447/375/447
f 447/375/447 448/376/448 437/365/437
f 448/376/448 449/377/449 437/365/437
f 437/365/437 449/377/449 438/366/438
f 413/332/413 443/371/443 446/374/446
f 446/374/446 400/333/400 413/332/413
f 446/374/446 450/378/450 400/333/400
f 446/374/446 445/373/445 450/378/450
f 445/373/445 451/379/451 450/378/450
f 445/373/445 444/372/444 451/379/451
f 444/372/444 452/380/452 451/379/451
f 451/379/451 452/380/452 453/381/453
f 452/380/452 454/382/454 453/381/453
f 453/381/453 454/382/454 455/383/455
f 387/384/387 453/381/453 455/383/455
f 387/384/387 455/383/455 386/385/386
f 451/379/451 453/381/453 387/384/387
f 450/378/450 451/379/451 387/384/387
f 400/333/400 450/378/450 387/384/387
f 456/386/456 457/387/457 458/388/458
f 457/387/457 459/389/459 458/388/458
f 457/387/457 460/390/460 459/389/459
f 460/390/460 461/391/461 459/389/459
f 459/389/459 461/391/461 462/392/462
f 461/391/461 463/393/463 462/392/462
f 462/392/462 463/393/463 440/368/440
f 438/366/438 462/392/462 440/368/440
f 459/389/459 462/392/462 438/366/438
f 458/388/458 459/389/459 438/366/438
f 449/377/449 458/388/458 438/366/438
f 456/386/456 458/388/458 449/377/449
f 448/376/448 456/386/456 449/377/449
f 464/394/464 456/386/456 448/376/448
f 447/375/447 464/394/464 448/376/448
f 433/360/433 464/394/464 447/375/447
f 434/362/434 433/360/433 447/375/447
f 447/375/447 435/363/435 434/362/434
f 465/395/465 466/396/466 463/393/463
f 461/391/461 465/395/465 463/393/463
f 467/397/467 468/398/468 469/399/469
f 470/400/470 468/398/468 467/397/467
f 471/401/471 470/400/470 467/397/467
f 466/396/466 470/400/470 471/401/471
f 470/400/470 466/396/466 472/402/472
f 466/396/466 465/395/465 472/402/472
f 472/402/472 465/395/465 473/403/473
f 465/395/465 461/391/461 473/403/473
f 473/403/473 461/391/461 474/404/474
f 461/391/461 460/390/460 474/404/474
f 474/404/474 460/390/460 475/405/475
f 460/390/460 457/387/457 475/405/475
f 475/405/475 457/387/457 476/406/476
f 457/387/457 456/386/456 476/406/476
f 476/406/476 456/386/456 477/407/477
f 456/386/456 464/394/464 477/407/477
f 477/407/477 464/394/464 432/359/432
f 464/394/464 433/360/433 432/359/432
f 468/398/468 470/400/470 472/402/472
f 468/398/468 472/402/472 478/408/478
f 472/402/472 473/403/473 478/408/478
f 478/408/478 473/403/473 479/409/479
f 479/409/479 473/403/473 454/410/454
f 454/410/454 473/403/473 474/404/474
f 454/410/454 474/404/474 475/405/475
f 454/410/454 475/405/475 476/406/476
f 476/406/476 455/411/455 454/410/454
f 477/407/477 455/411/455 476/406/476
f 432/359/432 455/411/455 477/407/477
f 386/412/386 455/411/455 432/359/432
f 388/361/388 386/412/386 432/359/432
f 480/348/480 481/347/481 482/349/482
f 342/350/342 480/348/480 482/349/482
f 338/351/338 480/348/480 342/350/342
f 483/352/483 480/348/480 338/351/338
f 340/340/340 483/352/483 338/351/338
f 484/379/484 485/373/485 486/378/486
f 485/373/485 487/374/487 486/378/486
f 486/378/486 487/374/487 488/333/488
f 487/374/487 489/332/489 488/333/488
f 488/333/488 489/332/489 490/334/490
f 489/332/489 491/335/491 490/334/490
f 490/334/490 491/335/491 492/336/492
f 491/335/491 493/337/493 492/336/492
f 492/336/492 493/337/493 494/338/494
f 494/338/494 493/337/493 495/339/495
f 340/340/340 494/338/494 495/339/495
f 495/339/495 496/353/496 340/340/340
f 496/353/496 483/352/483 340/340/340
f 496/353/496 497/358/497 483/352/483
f 497/358/497 480/348/480 483/352/483
f 497/358/497 498/346/498 480/348/480
f 498/346/498 481/347/481 480/348/480
f 498/346/498 499/345/499 481/347/481
f 487/374/487 500/371/500 489/332/489
f 501/344/501 499/345/499 498/346/498
f 501/344/501 498/346/498 497/358/497
f 502/357/502 501/344/501 497/358/497
f 502/357/502 497/358/497 496/353/496
f 503/354/503 502/357/502 496/353/496
f 503/354/503 496/353/496 495/339/495
f 495/339/495 493/337/493 503/354/503
f 493/337/493 504/355/504 503/354/503
f 491/335/491 504/355/504 493/337/493
f 504/355/504 501/344/501 502/357/502
f 503/354/503 504/355/504 502/357/502
f 499/345/499 505/341/505 481/347/481
f 501/344/501 505/341/505 499/345/499
f 506/343/506 505/341/505 501/344/501
f 504/355/504 506/343/506 501/344/501
f 507/356/507 506/343/506 504/355/504
f 507/356/507 504/355/504 491/335/491
f 489/332/489 507/356/507 491/335/491
f 506/343/506 507/356/507 489/332/489
f 500/371/500 506/343/506 489/332/489
f 508/370/508 506/343/506 500/371/500
f 487/374/487 508/370/508 500/371/500
f 485/373/485 508/370/508 487/374/487
f 509/372/509 508/370/508 485/373/485
f 509/372/509 485/373/485 484/379/484
f 510/380/510 509/372/509 484/379/484
f 511/369/511 508/370/508 509/372/509
f 512/342/512 511/369/511 513/367/513
f 512/342/512 508/370/508 511/369/511
f 506/343/506 508/370/508 512/342/512
f 505/341/505 506/343/506 512/342/512
f 514/412/514 515/361/515 516/359/516
f 516/359/516 515/361/515 517/360/517
f 517/360/517 515/361/515 518/362/518
f 518/362/518 515/361/515 482/349/482
f 482/349/482 519/363/519 518/362/518
f 481/347/481 519/363/519 482/349/482
f 481/347/481 520/364/520 519/363/519
f 481/347/481 505/341/505 520/364/520
f 505/341/505 521/365/521 520/364/520
f 521/365/521 505/341/505 512/342/512
f 521/365/521 512/342/512 522/366/522
f 522/366/522 512/342/512 513/367/513
f 513/367/513 523/368/523 522/366/522
f 513/367/513 511/369/511 523/368/523
f 511/369/511 524/413/524 523/368/523
f 524/413/524 511/369/511 525/414/525
f 524/413/524 525/414/525 526/415/526
f 527/416/527 524/413/524 526/415/526
f 522/366/522 528/388/528 529/377/529
f 529/377/529 521/365/521 522/366/522
f 529/377/529 528/388/528 530/386/530
f 530/386/530 531/376/531 529/377/529
f 531/376/531 521/365/521 529/377/529
f 521/365/521 531/376/531 532/375/532
f 520/364/520 521/365/521 532/375/532
f 519/363/519 520/364/520 532/375/532
f 519/363/519 532/375/532 518/362/518
f 518/362/518 532/375/532 517/360/517
f 532/375/532 533/394/533 517/360/517
f 532/375/532 531/376/531 533/394/533
f 533/394/533 531/376/531 530/386/530
f 534/407/534 533/394/533 530/386/530
f 533/394/533 534/407/534 516/359/516
f 517/360/517 533/394/533 516/359/516
f 54/417/54 535/418/535 536/419/536
f 537/420/537 535/418/535 54/417/54
f 535/418/535 537/420/537 538/421/538
f 537/420/537 539/422/539 538/421/538
f 538/421/538 539/422/539 540/423/540
f 539/422/539 541/393/541 540/423/540
f 540/423/540 541/393/541 523/368/523
f 541/393/541 542/392/542 523/368/523
f 523/368/523 542/392/542 522/366/522
f 542/392/542 543/389/543 522/366/522
f 522/366/522 543/389/543 528/388/528
f 543/389/543 544/387/544 528/388/528
f 528/388/528 544/387/544 530/386/530
f 544/387/544 545/406/545 530/386/530
f 530/386/530 545/406/545 534/407/534
f 534/407/534 545/406/545 546/411/546
f 516/359/516 534/407/534 546/411/546
f 546/411/546 514/412/514 516/359/516
f 547/424/547 539/422/539 537/420/537
f 547/424/547 537/420/537 92/425/92
f 92/425/92 537/420/537 54/417/54
f 548/396/548 539/422/539 547/424/547
f 539/422/539 548/396/548 541/393/541
f 541/393/541 548/396/548 549/395/549
f 549/395/549 550/391/550 541/393/541
f 541/393/541 550/391/550 542/392/542
f 542/392/542 550/391/550 543/389/543
f 543/389/543 550/391/550 551/390/551
f 543/389/543 551/390/551 544/387/544
f 552/405/552 545/406/545 544/387/544
f 544/387/544 551/390/551 552/405/552
f 551/390/551 553/404/553 552/405/552
f 550/391/550 553/404/553 551/390/551
f 554/403/554 553/404/553 550/391/550
f 549/395/549 554/403/554 550/391/550
f 549/395/549 555/402/555 554/403/554
f 548/396/548 555/402/555 549/395/549
f 556/400/556 555/402/555 548/396/548
f 556/400/556 548/396/548 557/401/557
f 556/400/556 557/401/557 558/397/558
f 558/397/558 557/401/557 559/426/559
f 559/426/559 113/427/113 558/397/558
f 559/426/559 114/428/114 113/427/113
f 92/425/92 114/428/114 559/426/559
f 559/426/559 547/424/547 92/425/92
f 557/401/557 547/424/547 559/426/559
f 557/401/557 548/396/548 547/424/547
f 546/411/546 545/406/545 560/410/560
f 560/410/560 545/406/545 552/405/552
f 552/405/552 553/404/553 560/410/560
f 553/404/553 554/403/554 560/410/560
f 560/410/560 554/403/554 561/409/561
f 554/403/554 562/408/562 561/409/561
f 555/402/555 562/408/562 554/403/554
f 563/398/563 562/408/562 555/402/555
f 563/398/563 555/402/555 556/400/556
f 563/398/563 556/400/556 558/397/558
f 564/399/564 563/398/563 558/397/558
f 558/397/558 113/427/113 564/399/564
f 113/427/113 116/429/116 564/399/564
f 143/161/143 142/160/142 152/171/152
f 143/161/143 152/171/152 151/170/151
f 149/168/149 143/161/143 151/170/151
f 147/166/147 143/161/143 149/168/149
f 147/166/147 141/159/141 143/161/143
f 145/164/145 141/159/141 147/166/147
f 565/430/565 566/431/566 567/432/567
f 565/430/565 567/432/567 568/433/568
f 569/434/569 565/430/565 568/433/568
f 570/435/570 569/434/569 568/433/568
f 571/436/571 565/430/565 569/434/569
f 571/436/571 572/437/572 565/430/565
f 565/430/565 572/437/572 566/431/566
f 572/437/572 573/438/573 566/431/566
f 566/431/566 573/438/573 574/439/574
f 566/431/566 574/439/574 575/440/575
f 567/432/567 566/431/566 575/440/575
f 575/440/575 574/439/574 576/441/576
f 577/442/577 578/443/578 579/444/579
f 580/445/580 578/443/578 577/442/577
f 580/445/580 581/446/581 578/443/578
f 582/447/582 581/446/581 580/445/580
f 583/448/583 581/446/581 582/447/582
f 583/448/583 582/447/582 584/449/584
f 585/450/585 583/448/583 584/449/584
f 579/444/579 586/451/586 587/452/587
f 578/443/578 586/451/586 579/444/579
f 578/443/578 588/453/588 586/451/586
f 581/446/581 588/453/588 578/443/578
f 589/454/589 588/453/588 581/446/581
f 589/454/589 581/446/581 583/448/583
f 585/450/585 589/454/589 583/448/583
f 587/452/587 590/455/590 591/456/591
f 586/451/586 590/455/590 587/452/587
f 586/451/586 592/457/592 590/455/590
f 588/453/588 592/457/592 586/451/586
f 593/458/593 592/457/592 588/453/588
f 593/458/593 588/453/588 589/454/589
f 585/450/585 593/458/593 589/454/589
f 280/215/280 594/214/594 281/203/281
f 595/223/595 596/224/596 597/212/597
f 595/223/595 597/212/597 598/213/598
f 594/214/594 595/223/595 598/213/598
f 599/200/599 594/214/594 598/213/598
f 281/203/281 594/214/594 599/200/599
f 291/202/291 281/203/281 599/200/599
f 600/201/600 291/202/291 599/200/599
f 599/200/599 601/199/601 600/201/600
f 597/212/597 601/199/601 599/200/599
f 597/212/597 602/211/602 601/199/601
f 596/224/596 602/211/602 597/212/597
f 598/213/598 597/212/597 599/200/599
f 119/205/119 371/207/371 120/206/120
f 371/207/371 368/204/368 120/206/120
f 120/206/120 368/204/368 600/201/600
f 122/208/122 120/206/120 600/201/600
f 600/201/600 155/209/155 122/208/122
f 601/199/601 155/209/155 600/201/600
f 601/199/601 157/210/157 155/209/155
f 602/211/602 157/210/157 601/199/601
f 157/210/157 602/211/602 136/154/136
f 602/211/602 134/152/134 136/154/136
f 602/211/602 596/224/596 134/152/134
f 596/224/596 133/151/133 134/152/134
f 133/151/133 596/224/596 595/223/595
f 368/204/368 291/202/291 600/201/600
f 603/198/603 604/197/604 605/196/605
f 605/196/605 604/197/604 606/195/606
f 607/194/607 605/196/605 606/195/606
f 606/195/606 608/193/608 607/194/607
f 607/194/607 608/193/608 609/192/609
f 609/192/609 608/193/608 610/218/610
f 609/192/609 610/218/610 279/217/279
f 279/217/279 610/218/610 280/215/280
f 610/218/610 611/216/611 280/215/280
f 611/216/611 594/214/594 280/215/280
f 611/216/611 612/222/612 594/214/594
f 612/222/612 595/223/595 594/214/594
f 595/223/595 612/222/612 613/220/613
f 613/220/613 133/151/133 595/223/595
f 604/197/604 133/151/133 613/220/613
f 604/197/604 131/149/131 133/151/133
f 131/149/131 604/197/604 603/198/603
f 118/135/118 131/149/131 603/198/603
f 606/195/606 604/197/604 613/220/613
f 613/220/613 608/193/608 606/195/606
f 613/220/613 614/221/614 608/193/608
f 608/193/608 614/221/614 610/218/610
f 610/218/610 614/221/614 611/216/611
f 614/221/614 612/222/612 611/216/611
f 612/222/612 614/221/614 613/220/613
f 118/135/118 603/198/603 372/459/372
f 372/459/372 603/198/603 373/460/373
f 603/198/603 605/196/605 373/460/373
f 373/460/373 605/196/605 374/461/374
f 374/461/374 605/196/605 607/194/607
f 374/461/374 607/194/607 375/219/375
f 375/219/375 607/194/607 609/192/609
f 375/219/375 609/192/609 279/217/279
f 615/462/615 616/463/616 617/464/617
f 618/465/618 616/463/616 615/462/615
f 618/465/618 619/466/619 616/463/616
f 620/467/620 619/466/619 618/465/618
f 621/468/621 620/467/620 618/465/618
f 622/469/622 620/467/620 621/468/621
f 623/470/623 622/469/622 621/468/621
f 624/471/624 622/469/622 623/470/623
f 625/472/625 624/471/624 623/470/623
f 626/473/626 618/465/618 615/462/615
f 621/468/621 618/465/618 626/473/626
f 626/473/626 623/470/623 621/468/621
f 626/473/626 627/474/627 623/470/623
f 623/470/623 627/474/627 625/475/625
f 628/476/628 629/477/629 630/478/630
f 628/476/628 630/478/630 631/479/631
f 628/476/628 631/479/631 632/480/632
f 631/479/631 633/481/633 632/480/632
f 632/480/632 633/481/633 634/482/634
f 635/483/635 634/482/634 633/481/633
f 636/484/636 634/482/634 635/483/635
f 637/485/637 636/484/636 635/483/635
f 638/486/638 636/484/636 637/485/637
f 637/485/637 573/487/573 638/486/638
f 573/487/573 639/488/639 638/486/638
f 638/486/638 639/488/639 640/489/640
f 639/488/639 641/490/641 640/489/640
f 629/477/629 642/491/642 630/478/630
f 643/492/643 642/491/642 629/477/629
f 644/493/644 643/492/643 629/477/629
f 645/494/645 638/486/638 640/489/640
f 636/484/636 638/486/638 645/494/645
f 646/495/646 636/484/636 645/494/645
f 634/482/634 636/484/636 646/495/646
f 647/496/647 634/482/634 646/495/646
f 632/480/632 634/482/634 647/496/647
f 648/497/648 632/480/632 647/496/647
f 628/476/628 632/480/632 648/497/648
f 648/497/648 649/498/649 628/476/628
f 650/499/650 641/490/641 651/500/651
f 640/489/640 641/490/641 650/499/650
f 652/501/652 640/489/640 650/499/650
f 645/494/645 640/489/640 652/501/652
f 653/502/653 645/494/645 652/501/652
f 645/494/645 653/502/653 646/495/646
f 653/502/653 654/503/654 646/495/646
f 646/495/646 654/503/654 647/496/647
f 655/504/655 647/496/647 654/503/654
f 648/497/648 647/496/647 655/504/655
f 656/505/656 648/497/648 655/504/655
f 656/505/656 649/498/649 648/497/648
f 657/506/657 649/498/649 656/505/656
f 658/507/658 649/498/649 657/506/657
f 591/508/591 659/509/659 587/510/587
f 591/508/591 660/511/660 659/509/659
f 659/509/659 660/511/660 661/512/661
f 661/512/661 660/511/660 662/513/662
f 662/513/662 663/514/663 661/512/661
f 662/513/662 664/515/664 663/514/663
f 664/515/664 665/516/665 663/514/663
f 666/517/666 665/516/665 664/515/664
f 666/517/666 667/518/667 665/516/665
f 666/517/666 668/519/668 667/518/667
f 668/519/668 669/520/669 667/518/667
f 668/519/668 670/521/670 669/520/669
f 670/521/670 671/522/671 669/520/669
f 670/521/670 644/493/644 671/522/671
f 644/493/644 658/507/658 671/522/671
f 649/498/649 658/507/658 644/493/644
f 629/477/629 649/498/649 644/493/644
f 649/498/649 629/477/629 628/476/628
f 672/523/672 217/524/217 673/525/673
f 671/522/671 672/523/672 673/525/673
f 671/522/671 673/525/673 674/526/674
f 669/520/669 671/522/671 674/526/674
f 669/520/669 674/526/674 675/527/675
f 667/518/667 669/520/669 675/527/675
f 667/518/667 675/527/675 676/528/676
f 665/516/665 667/518/667 676/528/676
f 665/516/665 676/528/676 677/529/677
f 663/514/663 665/516/665 677/529/677
f 678/530/678 663/514/663 677/529/677
f 661/512/661 663/514/663 678/530/678
f 679/531/679 661/512/661 678/530/678
f 659/509/659 661/512/661 679/531/679
f 680/532/680 659/509/659 679/531/679
f 587/510/587 659/509/659 680/532/680
f 579/533/579 587/510/587 680/532/680
f 681/534/681 579/533/579 680/532/680
f 577/535/577 579/533/579 681/534/681
f 217/524/217 218/536/218 673/525/673
f 218/536/218 200/537/200 682/538/682
f 673/525/673 218/536/218 682/538/682
f 683/539/683 673/525/673 682/538/682
f 674/526/674 673/525/673 683/539/683
f 675/527/675 674/526/674 683/539/683
f 675/527/675 683/539/683 684/540/684
f 675/527/675 684/540/684 676/528/676
f 676/528/676 684/540/684 685/541/685
f 677/529/677 676/528/676 685/541/685
f 686/542/686 677/529/677 685/541/685
f 678/530/678 677/529/677 686/542/686
f 687/543/687 678/530/678 686/542/686
f 679/531/679 678/530/678 687/543/687
f 688/544/688 679/531/679 687/543/687
f 680/532/680 679/531/679 688/544/688
f 681/534/681 680/532/680 688/544/688
f 689/545/689 690/546/690 691/547/621
f 691/547/621 692/548/691 689/545/689
f 689/545/689 692/548/691 693/549/692
f 692/548/691 694/550/693 693/549/692
f 693/549/692 694/550/693 695/551/694
f 696/552/695 695/551/694 694/550/693
f 697/553/696 698/554/697 699/555/698
f 699/555/698 700/556/699 697/553/696
f 699/555/698 701/557/700 700/556/699
f 701/557/700 702/558/701 700/556/699
f 703/559/702 702/558/701 701/557/700
f 702/558/701 703/559/702 704/560/703
f 704/560/703 703/559/702 705/561/704
f 690/546/690 689/562/689 706/563/705
f 707/564/706 690/546/690 706/563/705
f 689/562/689 693/549/692 708/565/707
f 706/563/705 689/562/689 708/565/707
f 706/563/705 708/565/707 709/566/708
f 708/565/707 710/567/709 709/566/708
f 709/566/708 710/567/709 711/568/710
f 710/567/709 712/569/711 711/568/710
f 711/568/710 712/569/711 713/570/712
f 710/567/709 695/551/694 712/569/711
f 693/549/692 695/551/694 710/567/709
f 708/565/707 693/549/692 710/567/709
f 315/459/315 176/198/176 169/135/169
f 174/196/174 176/198/176 315/459/315
f 314/460/314 174/196/174 315/459/315
f 172/194/172 174/196/174 314/460/314
f 300/461/300 172/194/172 314/460/314
f 170/192/170 172/194/172 300/461/300
f 236/219/236 170/192/170 300/461/300
f 714/571/713 715/572/714 716/573/681
f 715/572/714 717/574/715 716/573/681
f 716/573/681 717/574/715 718/575/716
f 717/574/715 719/576/717 718/575/716
f 718/575/716 719/576/717 720/577/687
f 719/576/717 721/578/718 720/577/687
f 720/577/687 721/578/718 722/579/719
f 721/578/718 723/580/677 722/579/719
f 723/580/677 724/581/720 722/579/719
f 725/582/676 724/581/720 723/580/677
f 726/583/721 724/581/720 725/582/676
f 727/584/722 726/583/721 725/582/676
f 728/585/723 726/583/721 727/584/722
f 729/586/724 728/585/723 727/584/722
f 730/587/725 728/585/723 729/586/724
f 730/587/725 731/588/726 728/585/723
f 731/588/726 730/587/725 162/589/162
f 163/590/163 731/588/726 162/589/162
f 162/589/162 730/587/725 161/591/161
f 139/592/139 732/593/727 163/590/163
f 732/593/727 731/588/726 163/590/163
f 731/588/726 732/593/727 733/594/728
f 731/588/726 733/594/728 728/585/723
f 728/585/723 733/594/728 726/583/721
f 733/594/728 734/595/729 726/583/721
f 726/583/721 734/595/729 724/581/720
f 724/581/720 734/595/729 735/596/730
f 722/579/719 724/581/720 735/596/730
f 736/597/731 722/579/719 735/596/730
f 720/577/687 722/579/719 736/597/731
f 737/598/732 720/577/687 736/597/731
f 718/575/716 720/577/687 737/598/732
f 738/599/733 718/575/716 737/598/732
f 716/573/681 718/575/716 738/599/733
f 739/600/734 716/573/681 738/599/733
f 714/571/713 716/573/681 739/600/734
f 740/601/735 714/571/713 739/600/734
f 740/601/735 739/600/734 741/602/736
f 741/602/736 739/600/734 742/603/737
f 743/604/738 740/601/735 741/602/736
f 735/596/730 734/595/729 744/605/739
f 745/606/740 735/596/730 744/605/739
f 736/597/731 735/596/730 745/606/740
f 746/607/741 736/597/731 745/606/740
f 737/598/732 736/597/731 746/607/741
f 747/608/742 737/598/732 746/607/741
f 738/599/733 737/598/732 747/608/742
f 742/603/737 738/599/733 747/608/742
f 739/600/734 738/599/733 742/603/737
f 748/609/743 749/610/744 750/611/745
f 751/612/746 749/610/744 748/609/743
f 751/612/746 752/613/747 749/610/744
f 753/614/748 752/613/747 751/612/746
f 753/614/748 754/615/749 752/613/747
f 755/616/750 754/615/749 753/614/748
f 755/616/750 756/617/751 754/615/749
f 757/618/752 756/617/751 755/616/750
f 757/618/752 758/619/753 756/617/751
f 759/620/754 758/619/753 757/618/752
f 759/620/754 760/621/755 758/619/753
f 761/622/756 760/621/755 759/620/754
f 761/622/756 762/623/757 760/621/755
f 763/624/758 762/623/757 761/622/756
f 764/625/759 763/624/758 761/622/756
f 733/594/728 763/624/758 764/625/759
f 744/605/739 733/594/728 764/625/759
f 734/595/729 733/594/728 744/605/739
f 765/626/760 751/612/746 748/609/743
f 766/627/761 751/612/746 765/626/760
f 766/627/761 753/614/748 751/612/746
f 767/628/762 753/614/748 766/627/761
f 767/628/762 755/616/750 753/614/748
f 768/629/763 755/616/750 767/628/762
f 768/629/763 757/618/752 755/616/750
f 769/630/764 757/618/752 768/629/763
f 769/630/764 759/620/754 757/618/752
f 770/631/765 759/620/754 769/630/764
f 770/631/765 761/622/756 759/620/754
f 771/632/766 761/622/756 770/631/765
f 761/622/756 771/632/766 764/625/759
f 772/633/767 773/634/768 774/635/769
f 772/633/767 774/635/769 775/636/770
f 775/636/770 774/635/769 776/637/771
f 775/636/770 776/637/771 777/638/772
f 777/638/772 776/637/771 778/639/773
f 777/638/772 778/639/773 779/640/774
f 779/640/774 778/639/773 780/641/775
f 779/640/774 780/641/775 781/642/776
f 781/642/776 780/641/775 782/643/777
f 782/643/777 783/644/778 781/642/776
f 784/645/779 783/644/778 782/643/777
f 762/623/757 784/645/779 782/643/777
f 763/624/758 784/645/779 762/623/757
f 763/624/758 785/646/780 784/645/779
f 786/647/781 785/646/780 763/624/758
f 732/593/727 786/647/781 763/624/758
f 733/594/728 732/593/727 763/624/758
f 787/648/782 775/636/770 788/649/783
f 788/649/783 775/636/770 777/638/772
f 788/649/783 777/638/772 789/650/784
f 789/650/784 777/638/772 779/640/774
f 789/650/784 779/640/774 790/651/785
f 790/651/785 779/640/774 781/642/776
f 781/642/776 791/652/786 790/651/785
f 783/644/778 791/652/786 781/642/776
f 783/644/778 792/653/787 791/652/786
f 784/645/779 792/653/787 783/644/778
f 784/645/779 793/654/788 792/653/787
f 794/655/789 793/654/788 784/645/779
f 785/646/780 794/655/789 784/645/779
f 794/655/789 785/646/780 140/656/140
f 140/656/140 785/646/780 138/657/138
f 785/646/780 786/647/781 138/657/138
f 138/657/138 786/647/781 139/592/139
f 786/647/781 732/593/727 139/592/139
f 795/658/790 762/623/757 782/643/777
f 782/643/777 796/659/791 795/658/790
f 780/641/775 796/659/791 782/643/777
f 780/641/775 797/660/792 796/659/791
f 778/639/773 797/660/792 780/641/775
f 778/639/773 798/661/793 797/660/792
f 776/637/771 798/661/793 778/639/773
f 776/637/771 799/662/794 798/661/793
f 774/635/769 799/662/794 776/637/771
f 774/635/769 800/663/795 799/662/794
f 773/634/768 800/663/795 774/635/769
f 773/634/768 696/664/695 800/663/795
f 695/665/694 696/664/695 773/634/768
f 712/666/711 695/665/694 773/634/768
f 712/666/711 773/634/768 772/633/767
f 713/667/712 712/666/711 772/633/767
f 713/667/712 772/633/767 787/648/782
f 787/648/782 772/633/767 775/636/770
f 801/668/796 802/669/797 803/670/798
f 804/671/799 801/668/796 803/670/798
f 805/672/800 801/668/796 804/671/799
f 805/672/800 806/673/801 801/668/796
f 807/674/802 806/673/801 805/672/800
f 807/674/802 808/675/803 806/673/801
f 809/676/804 808/675/803 807/674/802
f 809/676/804 810/677/805 808/675/803
f 811/678/806 810/677/805 809/676/804
f 810/677/805 811/678/806 812/679/807
f 812/679/807 811/678/806 813/680/808
f 812/679/807 813/680/808 814/681/809
f 814/681/809 813/680/808 815/682/810
f 816/683/811 814/681/809 815/682/810
f 817/684/812 818/685/813 819/686/814
f 819/686/814 818/685/813 820/687/815
f 821/685/816 819/686/814 820/687/815
f 822/684/817 819/686/814 821/685/816
f 821/688/816 823/689/818 822/684/817
f 823/689/818 821/688/816 824/686/819
f 821/688/816 820/687/815 824/686/819
f 824/686/819 820/687/815 818/688/813
f 818/688/813 825/689/820 824/686/819
f 817/684/812 825/689/820 818/688/813
f 826/690/821 822/684/817 827/691/822
f 828/692/823 829/693/824 830/694/825
f 828/692/823 830/694/825 831/695/826
f 831/695/826 830/694/825 832/696/827
f 831/695/826 832/696/827 833/697/828
f 833/697/828 832/696/827 834/698/829
f 833/697/828 834/698/829 835/699/830
f 835/699/830 834/698/829 836/700/831
f 835/699/830 836/700/831 837/701/832
f 837/701/832 836/700/831 838/702/833
f 837/701/832 838/702/833 826/690/821
f 826/690/821 838/702/833 839/703/834
f 826/690/821 839/703/834 822/684/817
f 822/684/817 839/703/834 819/686/814
f 839/703/834 817/684/812 819/686/814
f 840/690/835 817/684/812 839/703/834
f 840/690/835 841/691/836 817/684/812
f 838/702/833 840/690/835 839/703/834
f 842/701/837 840/690/835 838/702/833
f 836/700/831 842/701/837 838/702/833
f 843/699/838 842/701/837 836/700/831
f 834/698/829 843/699/838 836/700/831
f 844/697/839 843/699/838 834/698/829
f 832/696/827 844/697/839 834/698/829
f 845/695/840 844/697/839 832/696/827
f 830/694/825 845/695/840 832/696/827
f 846/692/841 845/695/840 830/694/825
f 829/693/824 846/692/841 830/694/825
f 847/704/842 846/692/841 829/693/824
f 848/705/843 847/704/842 829/693/824
f 848/705/843 829/693/824 849/706/844
f 848/705/843 849/706/844 850/707/845
f 850/707/845 849/706/844 851/705/846
f 849/706/844 829/693/824 851/705/846
f 851/705/846 829/693/824 852/704/847
f 852/704/847 829/693/824 828/692/823
f 853/708/848 854/709/849 855/710/850
f 855/710/850 856/711/851 853/708/848
f 856/711/851 857/712/852 853/708/848
f 857/712/852 856/711/851 858/713/853
f 858/713/853 856/711/851 859/714/854
f 856/711/851 855/710/850 859/714/854
f 859/714/854 855/710/850 860/715/855
f 853/708/848 857/712/852 861/716/856
f 862/713/857 863/712/858 864/717/859
f 865/718/860 862/713/857 864/717/859
f 862/713/857 865/718/860 866/714/861
f 866/714/861 865/718/860 867/719/862
f 866/714/861 867/719/862 868/715/863
f 868/715/863 867/719/862 869/720/864
f 868/715/863 869/720/864 870/721/865
f 870/721/865 869/720/864 871/722/866
f 871/722/866 872/720/867 870/721/865
f 872/720/867 860/715/855 870/721/865
f 873/719/868 860/715/855 872/720/867
f 859/714/854 860/715/855 873/719/868
f 874/718/869 859/714/854 873/719/868
f 858/713/853 859/714/854 874/718/869
f 875/717/870 858/713/853 874/718/869
f 857/712/852 858/713/853 875/717/870
f 876/723/871 857/712/852 875/717/870
f 861/716/856 857/712/852 876/723/871
f 874/718/869 877/724/872 875/717/870
f 874/718/869 878/725/873 877/724/872
f 879/726/874 878/725/873 874/718/869
f 873/719/868 879/726/874 874/718/869
f 879/726/874 880/727/875 878/725/873
f 878/725/873 880/727/875 881/728/876
f 878/725/873 881/728/876 877/724/872
f 877/724/872 881/728/876 882/729/877
f 877/724/872 882/729/877 875/717/870
f 882/729/877 883/730/878 875/717/870
f 875/717/870 883/730/878 876/723/871
f 883/730/878 884/731/879 876/723/871
f 876/723/871 884/731/879 885/732/880
f 884/731/879 886/733/881 885/732/880
f 885/732/880 886/733/881 887/734/882
f 886/733/881 888/735/883 887/734/882
f 887/734/882 888/735/883 889/736/884
f 888/735/883 890/737/885 889/736/884
f 890/737/885 891/738/886 889/736/884
f 889/736/884 891/738/886 892/739/887
f 891/738/886 893/740/888 892/739/887
f 892/739/887 893/740/888 894/741/889
f 895/742/890 889/736/884 892/739/887
f 887/734/882 889/736/884 895/742/890
f 881/728/876 807/674/802 882/729/877
f 882/729/877 807/674/802 883/730/878
f 807/674/802 805/672/800 883/730/878
f 883/730/878 805/672/800 804/671/799
f 883/730/878 804/671/799 884/731/879
f 804/671/799 803/670/798 884/731/879
f 884/731/879 803/670/798 886/733/881
f 803/670/798 802/669/797 886/733/881
f 802/669/797 827/743/822 886/733/881
f 886/733/881 827/743/822 888/735/883
f 827/743/822 890/737/885 888/735/883
f 885/732/880 861/716/856 876/723/871
f 896/744/891 861/716/856 885/732/880
f 887/734/882 896/744/891 885/732/880
f 897/745/892 896/744/891 887/734/882
f 895/742/890 897/745/892 887/734/882
f 898/746/893 897/745/892 895/742/890
f 892/739/887 898/746/893 895/742/890
f 899/747/894 898/746/893 892/739/887
f 892/739/887 894/741/889 899/747/894
f 894/741/889 900/748/895 899/747/894
f 894/741/889 901/749/896 900/748/895
f 901/749/896 902/750/897 900/748/895
f 901/749/896 903/751/898 902/750/897
f 902/750/897 903/751/898 904/752/899
f 903/751/898 905/753/900 904/752/899
f 904/752/899 905/753/900 906/754/901
f 905/753/900 907/755/902 906/754/901
f 906/754/901 907/755/902 908/756/903
f 897/745/892 909/757/904 896/744/891
f 906/754/901 908/756/903 910/758/905
f 911/759/906 906/754/901 910/758/905
f 904/752/899 906/754/901 911/759/906
f 912/760/907 904/752/899 911/759/906
f 902/750/897 904/752/899 912/760/907
f 900/748/895 902/750/897 912/760/907
f 900/748/895 912/760/907 913/761/908
f 899/747/894 900/748/895 913/761/908
f 913/761/908 914/762/909 899/747/894
f 911/759/906 910/758/905 915/763/910
f 916/764/911 911/759/906 915/763/910
f 912/760/907 911/759/906 916/764/911
f 913/761/908 912/760/907 916/764/911
f 898/746/893 909/757/904 897/745/892
f 898/746/893 917/765/912 909/757/904
f 899/747/894 917/765/912 898/746/893
f 899/747/894 918/766/913 917/765/912
f 899/747/894 914/762/909 918/766/913
f 914/762/909 253/767/253 918/766/913
f 253/767/253 914/762/909 256/768/256
f 256/768/256 914/762/909 913/761/908
f 256/768/256 913/761/908 258/769/258
f 258/769/258 913/761/908 916/764/911
f 258/769/258 916/764/911 259/770/259
f 259/770/259 916/764/911 915/763/910
f 259/770/259 915/763/910 919/771/914
f 915/763/910 910/758/905 919/771/914
f 910/758/905 920/772/915 919/771/914
f 910/758/905 908/756/903 920/772/915
f 908/756/903 921/758/916 920/772/915
f 908/756/903 922/754/917 921/758/916
f 918/766/913 253/767/253 250/773/250
f 348/767/348 347/768/347 923/762/918
f 347/768/347 924/761/919 923/762/918
f 347/768/347 346/769/346 924/761/919
f 924/761/919 346/769/346 925/764/920
f 924/761/919 925/764/920 926/760/921
f 926/760/921 925/764/920 927/759/922
f 925/764/920 928/763/923 927/759/922
f 927/759/922 928/763/923 921/758/916
f 921/758/916 928/763/923 929/771/924
f 920/772/915 921/758/916 929/771/924
f 920/772/915 929/771/924 930/774/925
f 919/771/914 920/772/915 930/774/925
f 263/775/263 919/771/914 930/774/925
f 919/771/914 263/775/263 259/770/259
f 346/769/346 345/770/345 925/764/920
f 925/764/920 345/770/345 928/763/923
f 929/771/924 928/763/923 345/770/345
f 263/775/263 929/771/924 345/770/345
f 930/774/925 929/771/924 263/775/263
f 921/758/916 922/754/917 927/759/922
f 922/754/917 931/752/926 927/759/922
f 927/759/922 931/752/926 926/760/921
f 931/752/926 932/750/927 926/760/921
f 926/760/921 932/750/927 933/748/928
f 933/748/928 924/761/919 926/760/921
f 934/747/929 924/761/919 933/748/928
f 924/761/919 934/747/929 923/762/918
f 923/762/918 934/747/929 935/766/930
f 923/762/918 935/766/930 348/767/348
f 348/767/348 935/766/930 264/773/264
f 264/773/264 935/766/930 936/776/931
f 264/773/264 936/776/931 267/777/267
f 936/776/931 937/778/932 267/777/267
f 267/777/267 937/778/932 245/779/245
f 937/778/932 243/780/243 245/779/245
f 937/778/932 938/781/933 243/780/243
f 938/781/933 939/778/934 243/780/243
f 940/782/935 941/776/936 939/778/934
f 942/783/937 939/778/934 938/781/933
f 942/783/937 940/782/935 939/778/934
f 854/709/849 940/782/935 942/783/937
f 854/709/849 943/784/938 940/782/935
f 943/784/938 854/709/849 853/708/848
f 944/785/939 943/784/938 853/708/848
f 853/708/848 861/716/856 944/785/939
f 944/785/939 861/716/856 896/744/891
f 896/744/891 945/786/940 944/785/939
f 909/757/904 945/786/940 896/744/891
f 909/757/904 943/784/938 945/786/940
f 940/782/935 943/784/938 909/757/904
f 917/765/912 940/782/935 909/757/904
f 918/766/913 940/782/935 917/765/912
f 940/782/935 918/766/913 941/776/936
f 941/776/936 918/766/913 250/773/250
f 941/776/936 250/773/250 249/777/249
f 939/778/934 941/776/936 249/777/249
f 939/778/934 249/777/249 246/779/246
f 243/780/243 939/778/934 246/779/246
f 945/786/940 943/784/938 944/785/939
f 854/709/849 942/783/937 946/787/941
f 947/788/942 854/709/849 946/787/941
f 855/710/850 854/709/849 947/788/942
f 948/789/943 855/710/850 947/788/942
f 860/715/855 855/710/850 948/789/943
f 870/721/865 860/715/855 948/789/943
f 948/789/943 868/715/863 870/721/865
f 949/710/944 868/715/863 948/789/943
f 949/710/944 866/714/861 868/715/863
f 950/711/945 866/714/861 949/710/944
f 950/711/945 862/713/857 866/714/861
f 863/712/858 862/713/857 950/711/945
f 863/712/858 950/711/945 951/708/946
f 951/708/946 950/711/945 949/710/944
f 952/709/947 951/708/946 949/710/944
f 952/709/947 949/710/944 947/788/942
f 946/787/941 952/709/947 947/788/942
f 953/783/948 952/709/947 946/787/941
f 947/788/942 949/710/944 948/789/943
f 951/708/946 952/709/947 954/784/949
f 952/709/947 953/783/948 955/782/950
f 954/784/949 952/709/947 955/782/950
f 955/782/950 956/757/951 954/784/949
f 957/765/952 956/757/951 955/782/950
f 958/716/953 863/712/858 951/708/946
f 958/716/953 951/708/946 959/785/954
f 959/785/954 951/708/946 954/784/949
f 954/784/949 960/786/955 959/785/954
f 956/757/951 960/786/955 954/784/949
f 960/786/955 956/757/951 961/744/956
f 956/757/951 962/745/957 961/744/956
f 962/745/957 956/757/951 963/746/958
f 963/746/958 956/757/951 957/765/952
f 963/746/958 957/765/952 934/747/929
f 934/747/929 957/765/952 935/766/930
f 957/765/952 955/782/950 935/766/930
f 935/766/930 955/782/950 936/776/931
f 955/782/950 937/778/932 936/776/931
f 955/782/950 953/783/948 937/778/932
f 953/783/948 938/781/933 937/778/932
f 938/781/933 953/783/948 946/787/941
f 946/787/941 942/783/937 938/781/933
f 961/744/956 958/716/953 959/785/954
f 959/785/954 960/786/955 961/744/956
f 964/753/959 931/752/926 922/754/917
f 965/751/960 931/752/926 964/753/959
f 931/752/926 965/751/960 932/750/927
f 932/750/927 965/751/960 966/749/961
f 932/750/927 966/749/961 933/748/928
f 933/748/928 966/749/961 967/741/962
f 967/741/962 934/747/929 933/748/928
f 968/739/963 934/747/929 967/741/962
f 968/739/963 963/746/958 934/747/929
f 969/742/964 963/746/958 968/739/963
f 969/742/964 962/745/957 963/746/958
f 970/734/965 962/745/957 969/742/964
f 961/744/956 962/745/957 970/734/965
f 970/734/965 971/732/966 961/744/956
f 971/732/966 958/716/953 961/744/956
f 971/732/966 972/723/967 958/716/953
f 972/723/967 863/712/858 958/716/953
f 864/717/859 863/712/858 972/723/967
f 973/790/968 965/751/960 964/753/959
f 974/724/969 865/718/860 864/717/859
f 974/724/969 864/717/859 975/729/970
f 975/729/970 864/717/859 976/730/971
f 864/717/859 972/723/967 976/730/971
f 976/730/971 972/723/967 977/731/972
f 977/731/972 972/723/967 971/732/966
f 978/733/973 977/731/972 971/732/966
f 978/733/973 971/732/966 970/734/965
f 979/735/974 978/733/973 970/734/965
f 979/735/974 970/734/965 980/736/975
f 970/734/965 969/742/964 980/736/975
f 980/736/975 969/742/964 968/739/963
f 966/749/961 981/740/976 967/741/962
f 967/741/962 981/740/976 968/739/963
f 981/740/976 982/738/977 968/739/963
f 968/739/963 982/738/977 980/736/975
f 982/738/977 983/737/978 980/736/975
f 980/736/975 983/737/978 979/735/974
f 983/737/978 841/743/836 979/735/974
f 841/743/836 978/733/973 979/735/974
f 984/669/979 978/733/973 841/743/836
f 985/670/980 978/733/973 984/669/979
f 985/670/980 977/731/972 978/733/973
f 986/671/981 977/731/972 985/670/980
f 976/730/971 977/731/972 986/671/981
f 976/730/971 986/671/981 987/672/982
f 988/674/983 976/730/971 987/672/982
f 975/729/970 976/730/971 988/674/983
f 989/728/984 975/729/970 988/674/983
f 974/724/969 975/729/970 989/728/984
f 990/791/985 983/737/978 982/738/977
f 991/792/986 992/793/987 981/740/976
f 993/794/988 992/793/987 991/792/986
f 994/795/989 992/793/987 993/794/988
f 995/796/990 992/793/987 994/795/989
f 992/793/987 995/796/990 981/740/976
f 981/740/976 995/796/990 982/738/977
f 995/796/990 996/797/991 982/738/977
f 982/738/977 996/797/991 990/791/985
f 996/797/991 997/798/992 990/791/985
f 990/791/985 997/798/992 983/737/978
f 997/798/992 841/743/836 983/737/978
f 998/799/993 841/743/836 997/798/992
f 999/800/994 841/743/836 998/799/993
f 1000/801/995 999/800/994 998/799/993
f 998/799/993 1001/802/996 1000/801/995
f 1000/801/995 1001/802/996 1002/803/997
f 1001/802/996 1003/804/998 1002/803/997
f 1002/803/997 1003/804/998 1004/805/999
f 1003/804/998 1005/806/1000 1004/805/999
f 1003/804/998 1006/807/1001 1005/806/1000
f 1005/806/1000 1006/807/1001 1007/808/1002
f 1008/809/1003 1005/806/1000 1007/808/1002
f 1009/810/1004 1005/806/1000 1008/809/1003
f 1005/806/1000 1009/810/1004 1010/811/1005
f 1011/812/1006 997/798/992 996/797/991
f 1012/813/1007 997/798/992 1011/812/1006
f 1012/813/1007 998/799/993 997/798/992
f 1013/814/1008 998/799/993 1012/813/1007
f 1014/815/1009 998/799/993 1013/814/1008
f 1015/816/1010 998/799/993 1014/815/1009
f 998/799/993 1015/816/1010 1001/802/996
f 1015/816/1010 1016/817/1011 1001/802/996
f 1001/802/996 1016/817/1011 1003/804/998
f 1016/817/1011 1017/818/1012 1003/804/998
f 1017/818/1012 1006/807/1001 1003/804/998
f 1006/807/1001 1017/818/1012 1018/819/1013
f 1007/808/1002 1006/807/1001 1018/819/1013
f 1018/819/1013 1019/820/1014 1007/808/1002
f 1019/820/1014 1008/809/1003 1007/808/1002
f 1020/821/1015 1008/809/1003 1019/820/1014
f 1020/821/1015 1009/810/1004 1008/809/1003
f 1021/822/1016 1009/810/1004 1020/821/1015
f 1009/810/1004 1021/822/1016 1010/811/1005
f 1021/822/1016 1022/823/1017 1010/811/1005
f 1022/823/1017 1021/822/1016 1023/824/1018
f 1023/824/1018 1021/822/1016 1020/821/1015
f 1024/825/1019 1020/821/1015 1019/820/1014
f 1024/825/1019 1019/820/1014 1018/819/1013
f 1025/826/1020 1016/817/1011 1026/827/1021
f 1016/817/1011 1015/816/1010 1026/827/1021
f 1026/827/1021 1015/816/1010 1027/828/1022
f 1015/816/1010 1014/815/1009 1027/828/1022
f 1027/828/1022 1014/815/1009 1028/829/1023
f 1014/815/1009 1013/814/1008 1028/829/1023
f 1028/829/1023 1013/814/1008 1029/830/1024
f 1013/814/1008 1012/813/1007 1029/830/1024
f 1029/830/1024 1012/813/1007 1030/831/1025
f 1012/813/1007 1011/812/1006 1030/831/1025
f 1030/831/1025 1011/812/1006 1031/832/1026
f 1011/812/1006 1032/833/1027 1031/832/1026
f 1032/833/1027 1033/834/1028 1031/832/1026
f 1032/833/1027 1034/835/1029 1033/834/1028
f 1033/834/1028 1034/835/1029 1035/836/1030
f 1035/836/1030 1034/835/1029 1036/837/1031
f 1037/838/1032 1035/836/1030 1036/837/1031
f 1036/837/1031 1038/839/1033 1037/838/1032
f 1030/831/1025 1031/832/1026 1039/840/1034
f 1040/841/1035 1030/831/1025 1039/840/1034
f 1041/842/1036 1030/831/1025 1040/841/1035
f 1030/831/1025 1041/842/1036 1029/830/1024
f 1041/842/1036 1042/843/1037 1029/830/1024
f 1029/830/1024 1042/843/1037 1043/844/1038
f 1029/830/1024 1043/844/1038 1028/829/1023
f 1028/829/1023 1043/844/1038 1044/845/1039
f 1028/829/1023 1044/845/1039 1027/828/1022
f 1027/828/1022 1044/845/1039 1045/846/1040
f 1027/828/1022 1045/846/1040 1026/827/1021
f 1026/827/1021 1045/846/1040 1046/847/1041
f 1026/827/1021 1046/847/1041 1025/826/1020
f 1025/826/1020 1046/847/1041 1047/848/1042
f 1025/826/1020 1047/848/1042 1048/849/1043
f 1048/849/1043 1047/848/1042 1049/850/1044
f 1047/848/1042 1050/851/1045 1049/850/1044
f 1050/851/1045 1051/852/1046 1049/850/1044
f 1049/850/1044 1051/852/1046 1037/838/1032
f 1051/852/1046 1052/853/1047 1037/838/1032
f 1052/853/1047 1035/836/1030 1037/838/1032
f 1053/854/1048 1035/836/1030 1052/853/1047
f 1033/834/1028 1035/836/1030 1053/854/1048
f 1031/832/1026 1033/834/1028 1053/854/1048
f 1039/840/1034 1031/832/1026 1053/854/1048
f 1054/855/1049 1055/856/1050 1056/857/1051
f 1056/857/1051 1055/856/1050 1057/858/1052
f 1057/858/1052 1055/856/1050 1058/859/1053
f 1059/860/1054 1057/858/1052 1058/859/1053
f 1059/860/1054 1058/859/1053 1060/861/1055
f 1059/860/1054 1060/861/1055 1020/821/1015
f 1061/862/1056 1059/860/1054 1020/821/1015
f 1061/862/1056 1020/821/1015 1024/825/1019
f 1062/863/1057 1061/862/1056 1024/825/1019
f 1062/863/1057 1024/825/1019 1018/819/1013
f 1018/819/1013 1017/818/1012 1062/863/1057
f 1017/818/1012 1056/857/1051 1062/863/1057
f 1054/855/1049 1056/857/1051 1017/818/1012
f 1016/817/1011 1054/855/1049 1017/818/1012
f 1063/864/1058 1054/855/1049 1016/817/1011
f 1063/864/1058 1016/817/1011 1025/826/1020
f 1048/849/1043 1063/864/1058 1025/826/1020
f 1057/858/1052 1059/860/1054 1061/862/1056
f 1062/863/1057 1057/858/1052 1061/862/1056
f 1056/857/1051 1057/858/1052 1062/863/1057
f 1055/856/1050 1064/865/1059 1058/859/1053
f 1037/838/1032 1038/839/1033 1049/850/1044
f 1038/839/1033 1065/866/1060 1049/850/1044
f 1049/850/1044 1065/866/1060 1048/849/1043
f 1065/866/1060 1063/864/1058 1048/849/1043
f 1063/864/1058 1065/866/1060 1066/867/1061
f 1054/855/1049 1063/864/1058 1066/867/1061
f 1066/867/1061 1067/868/1062 1054/855/1049
f 1067/868/1062 1055/856/1050 1054/855/1049
f 1055/856/1050 1067/868/1062 1068/869/1063
f 1064/865/1059 1055/856/1050 1068/869/1063
f 1064/865/1059 1068/869/1063 1069/870/1064
f 1070/871/1065 1064/865/1059 1069/870/1064
f 1071/872/1066 1064/865/1059 1070/871/1065
f 1058/859/1053 1064/865/1059 1071/872/1066
f 1058/859/1053 1071/872/1066 1072/873/1067
f 1060/861/1055 1058/859/1053 1072/873/1067
f 1060/861/1055 1072/873/1067 1073/874/1068
f 1020/821/1015 1060/861/1055 1073/874/1068
f 1074/875/1069 1071/872/1066 1070/871/1065
f 1075/876/1070 1071/872/1066 1074/875/1069
f 1072/873/1067 1071/872/1066 1075/876/1070
f 1072/873/1067 1075/876/1070 1076/877/1071
f 1073/874/1068 1072/873/1067 1076/877/1071
f 1073/874/1068 1076/877/1071 1077/878/1072
f 1077/878/1072 1076/877/1071 1078/879/1073
f 1076/877/1071 1079/880/1074 1078/879/1073
f 1076/877/1071 1080/881/1075 1079/880/1074
f 1074/875/1069 1080/881/1075 1076/877/1071
f 1076/877/1071 1075/876/1070 1074/875/1069
f 1081/882/1076 1082/883/1077 1083/884/1078
f 1084/885/1079 1081/882/1076 1083/884/1078
f 1066/867/1061 1084/885/1079 1083/884/1078
f 1083/884/1078 1085/886/1080 1066/867/1061
f 1085/886/1080 1067/868/1062 1066/867/1061
f 1067/868/1062 1085/886/1080 1086/887/1081
f 1068/869/1063 1067/868/1062 1086/887/1081
f 1068/869/1063 1086/887/1081 1087/888/1082
f 1069/870/1064 1068/869/1063 1087/888/1082
f 1087/888/1082 1070/871/1065 1069/870/1064
f 1088/889/1083 1070/871/1065 1087/888/1082
f 1070/871/1065 1088/889/1083 1074/875/1069
f 1074/875/1069 1088/889/1083 1089/890/1084
f 1074/875/1069 1089/890/1084 1080/881/1075
f 1080/881/1075 1089/890/1084 1090/891/1085
f 1080/881/1075 1090/891/1085 1079/880/1074
f 1079/880/1074 1090/891/1085 1091/892/1086
f 1079/880/1074 1091/892/1086 1078/879/1073
f 1092/893/1087 1093/894/1088 1090/891/1085
f 1089/890/1084 1092/893/1087 1090/891/1085
f 1091/892/1086 1094/895/1089 1095/896/1090
f 1091/892/1086 1096/897/1091 1094/895/1089
f 1078/879/1073 1091/892/1086 1095/896/1090
f 1078/879/1073 1095/896/1090 1097/898/1092
f 1095/896/1090 1094/895/1089 1097/898/1092
f 1094/895/1089 1098/899/1093 1097/898/1092
f 1099/900/1094 1098/899/1093 1094/895/1089
f 1099/900/1094 1100/901/1095 1098/899/1093
f 1101/902/1096 1100/901/1095 1099/900/1094
f 1102/903/1097 1101/902/1096 1099/900/1094
f 1103/904/1098 1101/902/1096 1102/903/1097
f 1103/904/1098 1102/903/1097 1104/905/1099
f 1105/906/1100 1103/904/1098 1104/905/1099
f 1104/905/1099 1096/897/1091 1105/906/1100
f 1105/906/1100 1096/897/1091 1106/907/1101
f 1106/907/1101 1096/897/1091 1091/892/1086
f 1091/892/1086 1107/908/1102 1106/907/1101
f 1090/891/1085 1107/908/1102 1091/892/1086
f 1108/909/1103 1107/908/1102 1090/891/1085
f 1090/891/1085 1093/894/1088 1108/909/1103
f 1097/898/1092 1100/901/1095 1078/879/1073
f 1098/899/1093 1100/901/1095 1097/898/1092
f 1109/910/1104 1099/900/1094 1094/895/1089
f 1102/903/1097 1099/900/1094 1109/910/1104
f 1104/905/1099 1102/903/1097 1109/910/1104
f 1094/895/1089 1104/905/1099 1109/910/1104
f 1108/909/1103 1110/891/1105 1111/908/1106
f 1111/908/1106 1112/911/1107 1108/909/1103
f 1112/911/1107 1107/908/1102 1108/909/1103
f 1112/911/1107 1101/902/1096 1107/908/1102
f 1101/902/1096 1103/904/1098 1107/908/1102
f 1107/908/1102 1103/904/1098 1113/912/1108
f 1113/912/1108 1103/904/1098 1105/906/1100
f 1106/907/1101 1113/912/1108 1105/906/1100
f 1107/908/1102 1113/912/1108 1106/907/1101
f 1114/913/1109 1101/902/1096 1112/911/1107
f 1096/897/1091 1104/905/1099 1094/895/1089
f 1115/902/1110 1112/911/1107 1111/908/1106
f 1115/902/1110 1114/913/1109 1112/911/1107
f 1116/914/1111 1114/913/1109 1115/902/1110
f 1116/914/1111 1115/902/1110 1117/915/1112
f 1117/915/1112 1115/902/1110 1118/901/1113
f 1117/915/1112 1118/901/1113 1119/823/1114
f 1120/904/1115 1111/908/1106 1121/912/1116
f 1120/904/1115 1115/902/1110 1111/908/1106
f 1120/904/1115 1122/903/1117 1115/902/1110
f 1122/903/1117 1123/900/1118 1115/902/1110
f 1115/902/1110 1123/900/1118 1118/901/1113
f 1123/900/1118 1124/899/1119 1118/901/1113
f 1125/806/1120 1126/809/1121 1127/808/1122
f 1125/806/1120 1128/810/1123 1126/809/1121
f 1126/809/1121 1128/810/1123 1129/821/1124
f 1129/821/1124 1128/810/1123 1130/822/1125
f 1129/821/1124 1130/822/1125 1131/824/1126
f 1131/824/1126 1130/822/1125 1119/823/1114
f 1119/823/1114 1132/879/1127 1131/824/1126
f 1119/823/1114 1118/901/1113 1132/879/1127
f 1118/901/1113 1133/898/1128 1132/879/1127
f 1118/901/1113 1124/899/1119 1133/898/1128
f 1124/899/1119 1134/895/1129 1133/898/1128
f 1124/899/1119 1123/900/1118 1134/895/1129
f 1134/895/1129 1123/900/1118 1135/910/1130
f 1123/900/1118 1122/903/1117 1135/910/1130
f 1122/903/1117 1136/905/1131 1135/910/1130
f 1136/905/1131 1122/903/1117 1120/904/1115
f 1137/906/1132 1136/905/1131 1120/904/1115
f 1121/912/1116 1137/906/1132 1120/904/1115
f 1135/910/1130 1136/905/1131 1134/895/1129
f 1138/878/1133 1129/821/1124 1131/824/1126
f 1131/824/1126 1132/879/1127 1138/878/1133
f 1130/822/1125 1139/811/1134 1119/823/1114
f 1128/810/1123 1139/811/1134 1130/822/1125
f 1139/811/1134 1128/810/1123 1125/806/1120
f 1136/905/1131 1140/897/1135 1134/895/1129
f 1140/897/1135 1136/905/1131 1137/906/1132
f 1141/907/1136 1140/897/1135 1137/906/1132
f 1142/892/1137 1140/897/1135 1141/907/1136
f 1134/895/1129 1140/897/1135 1142/892/1137
f 1134/895/1129 1142/892/1137 1143/896/1138
f 1133/898/1128 1134/895/1129 1143/896/1138
f 1132/879/1127 1133/898/1128 1143/896/1138
f 1143/896/1138 1142/892/1137 1132/879/1127
f 1142/892/1137 1144/880/1139 1132/879/1127
f 1132/879/1127 1144/880/1139 1145/877/1140
f 1138/878/1133 1132/879/1127 1145/877/1140
f 1145/877/1140 1146/874/1141 1138/878/1133
f 1146/874/1141 1129/821/1124 1138/878/1133
f 1147/861/1142 1129/821/1124 1146/874/1141
f 1148/873/1143 1147/861/1142 1146/874/1141
f 1148/873/1143 1146/874/1141 1145/877/1140
f 1145/877/1140 1149/876/1144 1148/873/1143
f 1141/907/1136 1137/906/1132 1121/912/1116
f 1111/908/1106 1141/907/1136 1121/912/1116
f 1111/908/1106 1142/892/1137 1141/907/1136
f 1110/891/1105 1142/892/1137 1111/908/1106
f 1110/891/1105 1144/880/1139 1142/892/1137
f 1150/881/1145 1144/880/1139 1110/891/1105
f 1144/880/1139 1150/881/1145 1145/877/1140
f 1145/877/1140 1150/881/1145 1151/875/1146
f 1151/875/1146 1149/876/1144 1145/877/1140
f 1151/875/1146 1152/872/1147 1149/876/1144
f 1149/876/1144 1152/872/1147 1148/873/1143
f 1148/873/1143 1152/872/1147 1153/859/1148
f 1153/859/1148 1147/861/1142 1148/873/1143
f 1153/859/1148 1154/860/1149 1147/861/1142
f 1154/860/1149 1129/821/1124 1147/861/1142
f 1129/821/1124 1154/860/1149 1155/862/1150
f 1129/821/1124 1155/862/1150 1156/825/1151
f 1156/825/1151 1155/862/1150 1157/863/1152
f 1150/881/1145 1158/890/1153 1151/875/1146
f 1158/890/1153 1150/881/1145 1110/891/1105
f 1155/862/1150 1159/858/1154 1157/863/1152
f 1155/862/1150 1154/860/1149 1159/858/1154
f 1154/860/1149 1153/859/1148 1159/858/1154
f 1093/894/1088 1110/891/1105 1108/909/1103
f 1093/894/1088 1092/893/1087 1110/891/1105
f 1110/891/1105 1092/893/1087 1158/890/1153
f 1158/890/1153 1092/893/1087 1160/889/1155
f 1151/875/1146 1158/890/1153 1160/889/1155
f 1160/889/1155 1161/871/1156 1151/875/1146
f 1161/871/1156 1152/872/1147 1151/875/1146
f 1161/871/1156 1162/865/1157 1152/872/1147
f 1152/872/1147 1162/865/1157 1153/859/1148
f 1153/859/1148 1162/865/1157 1163/856/1158
f 1159/858/1154 1153/859/1148 1163/856/1158
f 1159/858/1154 1163/856/1158 1164/857/1159
f 1157/863/1152 1159/858/1154 1164/857/1159
f 1157/863/1152 1164/857/1159 1165/818/1160
f 1166/819/1161 1157/863/1152 1165/818/1160
f 1165/818/1160 1167/807/1162 1166/819/1161
f 1167/807/1162 1127/808/1122 1166/819/1161
f 1167/807/1162 1125/806/1120 1127/808/1122
f 1164/857/1159 1163/856/1158 1168/855/1163
f 1165/818/1160 1164/857/1159 1168/855/1163
f 1168/855/1163 1169/868/1164 1170/867/1165
f 1163/856/1158 1169/868/1164 1168/855/1163
f 1163/856/1158 1171/869/1166 1169/868/1164
f 1162/865/1157 1171/869/1166 1163/856/1158
f 1171/869/1166 1162/865/1157 1172/870/1167
f 1172/870/1167 1162/865/1157 1161/871/1156
f 1169/868/1164 1173/886/1168 1170/867/1165
f 1169/868/1164 1174/887/1169 1173/886/1168
f 1171/869/1166 1174/887/1169 1169/868/1164
f 1174/887/1169 1171/869/1166 1175/888/1170
f 1171/869/1166 1172/870/1167 1175/888/1170
f 1175/888/1170 1172/870/1167 1161/871/1156
f 1175/888/1170 1161/871/1156 1160/889/1155
f 1176/916/1171 1175/888/1170 1160/889/1155
f 1160/889/1155 1092/893/1087 1176/916/1171
f 1092/893/1087 1088/889/1083 1176/916/1171
f 1088/889/1083 1092/893/1087 1089/890/1084
f 1177/885/1172 1178/882/1173 1179/837/1174
f 1180/839/1175 1177/885/1172 1179/837/1174
f 1181/866/1176 1177/885/1172 1180/839/1175
f 1181/866/1176 1170/867/1165 1177/885/1172
f 1182/864/1177 1170/867/1165 1181/866/1176
f 1170/867/1165 1182/864/1177 1168/855/1163
f 1182/864/1177 1183/817/1178 1168/855/1163
f 1168/855/1163 1183/817/1178 1165/818/1160
f 1183/817/1178 1184/804/1179 1165/818/1160
f 1165/818/1160 1184/804/1179 1167/807/1162
f 1184/804/1179 1125/806/1120 1167/807/1162
f 1185/917/1180 1186/918/1181 1187/919/1182
f 1186/918/1181 1185/917/1180 1188/920/1183
f 1188/920/1183 1185/917/1180 1189/812/1184
f 1188/920/1183 1189/812/1184 1190/833/1185
f 1189/812/1184 1191/832/1186 1190/833/1185
f 1190/833/1185 1191/832/1186 1192/834/1187
f 1192/834/1187 1193/835/1188 1190/833/1185
f 1194/836/1189 1193/835/1188 1192/834/1187
f 1194/836/1189 1179/837/1174 1193/835/1188
f 1195/838/1190 1179/837/1174 1194/836/1189
f 1195/838/1190 1180/839/1175 1179/837/1174
f 1196/850/1191 1180/839/1175 1195/838/1190
f 1196/850/1191 1181/866/1176 1180/839/1175
f 1197/849/1192 1181/866/1176 1196/850/1191
f 1197/849/1192 1182/864/1177 1181/866/1176
f 1198/826/1193 1182/864/1177 1197/849/1192
f 1198/826/1193 1183/817/1178 1182/864/1177
f 1199/827/1194 1183/817/1178 1198/826/1193
f 1185/917/1180 1200/797/1195 1189/812/1184
f 1185/917/1180 1187/919/1182 1200/797/1195
f 893/740/888 901/749/896 894/741/889
f 1201/792/1196 901/749/896 893/740/888
f 903/751/898 901/749/896 1201/792/1196
f 903/751/898 1201/792/1196 1202/794/1197
f 1202/794/1197 1203/921/1198 903/751/898
f 1204/922/1199 1203/921/1198 1202/794/1197
f 1204/922/1199 1205/923/1200 1203/921/1198
f 1205/923/1200 1204/922/1199 1206/795/1201
f 1207/924/1202 1205/923/1200 1206/795/1201
f 1207/924/1202 1206/795/1201 1208/925/1203
f 1208/925/1203 1209/926/1204 1207/924/1202
f 1188/920/1183 1209/926/1204 1208/925/1203
f 1210/927/1205 1209/926/1204 1188/920/1183
f 1190/833/1185 1210/927/1205 1188/920/1183
f 1193/835/1188 1210/927/1205 1190/833/1185
f 1193/835/1188 1211/928/1206 1210/927/1205
f 1178/882/1173 1211/928/1206 1193/835/1188
f 1179/837/1174 1178/882/1173 1193/835/1188
f 1211/928/1206 1209/926/1204 1210/927/1205
f 1208/925/1203 1186/918/1181 1188/920/1183
f 1206/795/1201 1186/918/1181 1208/925/1203
f 1212/796/1207 1186/918/1181 1206/795/1201
f 1212/796/1207 1206/795/1201 1213/793/1208
f 1206/795/1201 1204/922/1199 1202/794/1197
f 1213/793/1208 1206/795/1201 1202/794/1197
f 1202/794/1197 1201/792/1196 1213/793/1208
f 1201/792/1196 893/740/888 1213/793/1208
f 1213/793/1208 893/740/888 1212/796/1207
f 893/740/888 891/738/886 1212/796/1207
f 907/755/902 1214/929/1209 1215/930/1210
f 1216/931/1211 1214/929/1209 907/755/902
f 1216/931/1211 1217/932/1212 1214/929/1209
f 1218/933/1213 1217/932/1212 1216/931/1211
f 1219/790/1214 1218/933/1213 1216/931/1211
f 1220/934/1215 1218/933/1213 1219/790/1214
f 1205/923/1200 1220/934/1215 1219/790/1214
f 1221/935/1216 1220/934/1215 1205/923/1200
f 1221/935/1216 1205/923/1200 1207/924/1202
f 1209/926/1204 1221/935/1216 1207/924/1202
f 1222/936/1217 1221/935/1216 1209/926/1204
f 1211/928/1206 1222/936/1217 1209/926/1204
f 1223/883/1218 1222/936/1217 1211/928/1206
f 1178/882/1173 1223/883/1218 1211/928/1206
f 1224/884/1219 1223/883/1218 1178/882/1173
f 1177/885/1172 1224/884/1219 1178/882/1173
f 1170/867/1165 1224/884/1219 1177/885/1172
f 1170/867/1165 1173/886/1168 1224/884/1219
f 1220/934/1215 1221/935/1216 1218/933/1213
f 1218/933/1213 1221/935/1216 1225/937/1220
f 1218/933/1213 1226/938/1221 1217/932/1212
f 1227/939/1222 1226/938/1221 1218/933/1213
f 1225/937/1220 1227/939/1222 1218/933/1213
f 1228/940/1223 1227/939/1222 1225/937/1220
f 1221/935/1216 1228/940/1223 1225/937/1220
f 1222/936/1217 1228/940/1223 1221/935/1216
f 1229/941/1224 1222/936/1217 1223/883/1218
f 1229/941/1224 1230/942/1225 1222/936/1217
f 1230/942/1225 1231/943/1226 1222/936/1217
f 1222/936/1217 1231/943/1226 1228/940/1223
f 1231/943/1226 1232/944/1227 1228/940/1223
f 1228/940/1223 1232/944/1227 1227/939/1222
f 1233/945/1228 1227/939/1222 1232/944/1227
f 1226/938/1221 1227/939/1222 1233/945/1228
f 1232/944/1227 1231/943/1226 1230/942/1225
f 1224/884/1219 1229/946/1224 1223/883/1218
f 1174/887/1169 1175/888/1170 1176/916/1171
f 1176/916/1171 1234/947/1229 1174/887/1169
f 1234/947/1229 1235/948/1230 1174/887/1169
f 1232/949/1227 1235/948/1230 1234/947/1229
f 1230/950/1225 1235/948/1230 1232/949/1227
f 1235/948/1230 1230/950/1225 1236/951/1231
f 1230/950/1225 1229/946/1224 1236/951/1231
f 1236/951/1231 1229/946/1224 1237/952/1232
f 1237/952/1232 1229/946/1224 1224/884/1219
f 1173/886/1168 1237/952/1232 1224/884/1219
f 1235/948/1230 1237/952/1232 1173/886/1168
f 1174/887/1169 1235/948/1230 1173/886/1168
f 1237/952/1232 1235/948/1230 1236/951/1231
f 1233/953/1228 1234/947/1229 1238/949/1233
f 1232/949/1227 1234/947/1229 1233/953/1228
f 1176/916/1171 1088/889/1083 1087/888/1082
f 1087/888/1082 1086/887/1081 1176/916/1171
f 1086/887/1081 1234/947/1229 1176/916/1171
f 1234/947/1229 1086/887/1081 1239/948/1234
f 1234/947/1229 1239/948/1234 1238/949/1233
f 1238/949/1233 1239/948/1234 1240/950/1235
f 1239/948/1234 1241/951/1236 1240/950/1235
f 1240/950/1235 1241/951/1236 1242/946/1237
f 1241/951/1236 1243/952/1238 1242/946/1237
f 1242/946/1237 1243/952/1238 1083/884/1078
f 1243/952/1238 1085/886/1080 1083/884/1078
f 1085/886/1080 1243/952/1238 1239/948/1234
f 1086/887/1081 1085/886/1080 1239/948/1234
f 1239/948/1234 1243/952/1238 1241/951/1236
f 1083/884/1078 1082/883/1077 1242/946/1237
f 1244/954/1239 1245/955/1240 1246/956/1241
f 1246/956/1241 1247/957/1242 1244/954/1239
f 1248/958/1243 1247/957/1242 1246/956/1241
f 1249/959/1244 1247/957/1242 1248/958/1243
f 1249/959/1244 1248/958/1243 1250/957/1245
f 1250/957/1245 1248/958/1243 1246/956/1241
f 1246/956/1241 1251/954/1246 1250/957/1245
f 1245/955/1240 1251/954/1246 1246/956/1241
f 349/303/349 352/306/352 385/307/385
f 385/307/385 352/306/352 383/312/383
f 352/306/352 1252/960/1247 383/312/383
f 383/312/383 1252/960/1247 1253/961/1248
f 1252/960/1247 1254/962/1249 1253/961/1248
f 1253/961/1248 1254/962/1249 1255/963/1250
f 1254/962/1249 1256/964/1251 1255/963/1250
f 1256/964/1251 1257/965/1252 1255/963/1250
f 1255/963/1250 1257/965/1252 1258/966/1253
f 1257/965/1252 1259/967/1254 1258/966/1253
f 1258/966/1253 1259/967/1254 1260/968/1255
f 1259/967/1254 1261/969/1256 1260/968/1255
f 1260/968/1255 1261/969/1256 1262/970/1257
f 1261/969/1256 1249/959/1244 1262/970/1257
f 1262/970/1257 1249/959/1244 401/324/401
f 1249/959/1244 1250/957/1245 401/324/401
f 401/324/401 1250/957/1245 399/322/399
f 1250/957/1245 1251/954/1246 399/322/399
f 399/322/399 1251/954/1246 397/320/397
f 1260/968/1255 1255/963/1250 1258/966/1253
f 1253/961/1248 1255/963/1250 1260/968/1255
f 1262/970/1257 1253/961/1248 1260/968/1255
f 383/312/383 1253/961/1248 1262/970/1257
f 384/313/384 383/312/383 1262/970/1257
f 401/324/401 384/313/384 1262/970/1257
f 1244/954/1239 1263/322/1258 1264/320/1259
f 1247/957/1242 1263/322/1258 1244/954/1239
f 1265/324/1260 1263/322/1258 1247/957/1242
f 1265/324/1260 1247/957/1242 1249/959/1244
f 1266/970/1261 1265/324/1260 1249/959/1244
f 1249/959/1244 1261/969/1256 1266/970/1261
f 1261/969/1256 1267/968/1262 1266/970/1261
f 1259/967/1254 1267/968/1262 1261/969/1256
f 1268/966/1263 1267/968/1262 1259/967/1254
f 1257/965/1252 1268/966/1263 1259/967/1254
f 1269/963/1264 1268/966/1263 1257/965/1252
f 1256/964/1251 1269/963/1264 1257/965/1252
f 1269/963/1264 1256/964/1251 1254/962/1249
f 1270/961/1265 1269/963/1264 1254/962/1249
f 1252/960/1247 1270/961/1265 1254/962/1249
f 1271/312/1266 1270/961/1265 1252/960/1247
f 352/306/352 1271/312/1266 1252/960/1247
f 354/307/354 1271/312/1266 352/306/352
f 1271/312/1266 354/307/354 356/286/356
f 1269/963/1264 1267/968/1262 1268/966/1263
f 1267/968/1262 1269/963/1264 1270/961/1265
f 1266/970/1261 1267/968/1262 1270/961/1265
f 1271/312/1266 1266/970/1261 1270/961/1265
f 1272/313/1267 1266/970/1261 1271/312/1266
f 1272/313/1267 1265/324/1260 1266/970/1261
f 340/301/340 341/302/341 494/317/494
f 341/302/341 1273/318/1268 494/317/494
f 494/317/494 1273/318/1268 492/319/492
f 1264/320/1259 492/319/492 1273/318/1268
f 490/321/490 492/319/492 1264/320/1259
f 1264/320/1259 1263/322/1258 490/321/490
f 490/321/490 1263/322/1258 488/323/488
f 488/323/488 1263/322/1258 1265/324/1260
f 1274/315/1269 488/323/488 1265/324/1260
f 1272/313/1267 1274/315/1269 1265/324/1260
f 1274/315/1269 1272/313/1267 1275/311/1270
f 1275/311/1270 1272/313/1267 1271/312/1266
f 1275/311/1270 1271/312/1266 515/316/515
f 515/316/515 1271/312/1266 356/286/356
f 515/316/515 356/286/356 482/287/482
f 482/287/482 356/286/356 358/275/358
f 482/287/482 358/275/358 342/288/342
f 342/288/342 358/275/358 343/276/343
f 514/314/514 1274/315/1269 1275/311/1270
f 514/314/514 1275/311/1270 515/316/515
f 1244/971/1239 1276/972/1271 1245/973/1240
f 1277/974/1272 1276/972/1271 1278/975/1273
f 1278/975/1273 1276/972/1271 1279/974/1274
f 1279/974/1274 1276/972/1271 1244/971/1239
f 1244/971/1239 1264/976/1259 1279/974/1274
f 1279/974/1274 1264/976/1259 1280/977/1275
f 1264/976/1259 1273/978/1268 1280/977/1275
f 1280/977/1275 1273/978/1268 1281/979/1276
f 1273/978/1268 341/980/341 1281/979/1276
f 1281/979/1276 341/980/341 1282/981/1277
f 341/980/341 404/982/404 1282/981/1277
f 1283/983/1278 1279/974/1274 1280/977/1275
f 1278/975/1273 1279/974/1274 1283/983/1278
f 1284/984/1279 1278/975/1273 1283/983/1278
f 1285/983/1280 1278/975/1273 1284/984/1279
f 1286/985/1281 1285/983/1280 1284/984/1279
f 404/982/404 406/986/406 1287/987/1282
f 1282/981/1277 404/982/404 1287/987/1282
f 1287/987/1282 1288/988/1283 1282/981/1277
f 1282/981/1277 1288/988/1283 1281/979/1276
f 1281/979/1276 1288/988/1283 1289/989/1284
f 1289/989/1284 1280/977/1275 1281/979/1276
f 1290/990/1285 1280/977/1275 1289/989/1284
f 1290/990/1285 1283/983/1278 1280/977/1275
f 1291/985/1286 1283/983/1278 1290/990/1285
f 1291/985/1286 1284/984/1279 1283/983/1278
f 1292/991/1287 1284/984/1279 1291/985/1286
f 1284/984/1279 1292/991/1287 1286/985/1281
f 1286/985/1281 1292/991/1287 1293/992/1288
f 1293/992/1288 1294/990/1289 1286/985/1281
f 1294/990/1289 1285/983/1280 1286/985/1281
f 1294/990/1289 1295/977/1290 1285/983/1280
f 1295/977/1290 1277/974/1272 1285/983/1280
f 1285/983/1280 1277/974/1272 1278/975/1273
f 1292/991/1287 1296/993/1291 1293/992/1288
f 1297/994/1292 1290/990/1285 1289/989/1284
f 1298/992/1293 1290/990/1285 1297/994/1292
f 1298/992/1293 1291/985/1286 1290/990/1285
f 1292/991/1287 1291/985/1286 1298/992/1293
f 1296/993/1291 1292/991/1287 1298/992/1293
f 1296/993/1291 1298/992/1293 1299/995/1294
f 1299/995/1294 1298/992/1293 1297/994/1292
f 1297/994/1292 1300/996/1295 1299/995/1294
f 1301/997/1296 1300/996/1295 1297/994/1292
f 1289/989/1284 1301/997/1296 1297/994/1292
f 1288/988/1283 1301/997/1296 1289/989/1284
f 1301/997/1296 1302/998/1297 1300/996/1295
f 1300/996/1295 1302/998/1297 1303/999/1298
f 1300/996/1295 1303/999/1298 1299/995/1294
f 1299/995/1294 1303/999/1298 1304/1000/1299
f 1304/1000/1299 1296/993/1291 1299/995/1294
f 1296/993/1291 1304/1000/1299 1305/995/1300
f 1293/992/1288 1296/993/1291 1305/995/1300
f 1305/995/1300 1306/994/1301 1293/992/1288
f 1306/994/1301 1294/990/1289 1293/992/1288
f 1294/990/1289 1306/994/1301 1307/989/1302
f 1307/989/1302 1295/977/1290 1294/990/1289
f 1307/989/1302 1308/979/1303 1295/977/1290
f 1309/988/1304 1308/979/1303 1307/989/1302
f 1308/979/1303 1309/988/1304 1310/981/1305
f 1310/981/1305 1309/988/1304 1311/987/1306
f 1309/988/1304 1312/1001/1307 1311/987/1306
f 1311/987/1306 1312/1001/1307 1313/1002/1308
f 1312/1001/1307 1314/1003/1309 1313/1002/1308
f 1276/972/1271 1251/971/1246 1245/973/1240
f 1276/972/1271 1277/974/1272 1251/971/1246
f 1251/971/1246 1277/974/1272 397/976/397
f 397/976/397 1277/974/1272 1295/977/1290
f 397/976/397 1295/977/1290 395/978/395
f 395/978/395 1295/977/1290 1308/979/1303
f 395/978/395 1308/979/1303 393/980/393
f 393/980/393 1308/979/1303 1310/981/1305
f 393/980/393 1310/981/1305 407/982/407
f 407/982/407 1310/981/1305 1311/987/1306
f 407/982/407 1311/987/1306 406/986/406
f 406/986/406 1311/987/1306 1313/1002/1308
f 1287/987/1282 406/986/406 1313/1002/1308
f 1313/1002/1308 1315/1001/1310 1287/987/1282
f 1315/1001/1310 1288/988/1283 1287/987/1282
f 1316/1004/1311 1288/988/1283 1315/1001/1310
f 1301/997/1296 1288/988/1283 1316/1004/1311
f 1302/998/1297 1301/997/1296 1316/1004/1311
f 1314/1003/1309 1315/1001/1310 1313/1002/1308
f 1315/1001/1310 1314/1003/1309 1316/1004/1311
f 1314/1003/1309 1317/1005/1312 1316/1004/1311
f 1316/1004/1311 1317/1005/1312 1302/998/1297
f 1317/1005/1312 1318/1006/1313 1302/998/1297
f 1302/998/1297 1318/1006/1313 1319/1007/1314
f 1319/1007/1314 1318/1006/1313 1320/1008/1315
f 1321/1009/1316 1319/1007/1314 1320/1008/1315
f 1320/1008/1315 1322/1010/1317 1321/1009/1316
f 1321/1009/1316 1322/1010/1317 1323/1011/1318
f 1323/1011/1318 1322/1010/1317 1324/1012/1319
f 1324/1012/1319 1325/1013/1320 1323/1011/1318
f 1326/1014/1321 1325/1013/1320 1324/1012/1319
f 1326/1014/1321 1327/1015/1322 1325/1013/1320
f 1328/1016/1323 1319/1007/1314 1321/1009/1316
f 1325/1013/1320 1327/1015/1322 1329/1017/1324
f 1330/1018/1325 1325/1013/1320 1329/1017/1324
f 1323/1011/1318 1325/1013/1320 1330/1018/1325
f 1330/1018/1325 1321/1009/1316 1323/1011/1318
f 1330/1018/1325 1328/1016/1323 1321/1009/1316
f 1331/1019/1326 1328/1016/1323 1330/1018/1325
f 1328/1016/1323 1331/1019/1326 1332/1020/1327
f 1304/1000/1299 1328/1016/1323 1332/1020/1327
f 1303/999/1298 1328/1016/1323 1304/1000/1299
f 1303/999/1298 1319/1007/1314 1328/1016/1323
f 1302/998/1297 1319/1007/1314 1303/999/1298
f 1329/1017/1324 1331/1019/1326 1330/1018/1325
f 1333/996/1328 1306/994/1301 1305/995/1300
f 1334/999/1329 1333/996/1328 1305/995/1300
f 1305/995/1300 1304/1000/1299 1334/999/1329
f 1304/1000/1299 1335/1016/1330 1334/999/1329
f 1304/1000/1299 1332/1020/1327 1335/1016/1330
f 1332/1020/1327 1331/1019/1326 1335/1016/1330
f 1331/1019/1326 1336/1018/1331 1335/1016/1330
f 1336/1018/1331 1331/1019/1326 1329/1017/1324
f 1337/1013/1332 1336/1018/1331 1329/1017/1324
f 1329/1017/1324 1327/1015/1322 1337/1013/1332
f 1338/1011/1333 1336/1018/1331 1337/1013/1332
f 1336/1018/1331 1338/1011/1333 1339/1009/1334
f 1335/1016/1330 1336/1018/1331 1339/1009/1334
f 1335/1016/1330 1339/1009/1334 1340/1007/1335
f 1334/999/1329 1335/1016/1330 1340/1007/1335
f 1340/1007/1335 1341/998/1336 1334/999/1329
f 1341/998/1336 1333/996/1328 1334/999/1329
f 1333/996/1328 1341/998/1336 1342/997/1337
f 1342/997/1337 1341/998/1336 1343/1004/1338
f 1327/1015/1322 1326/1014/1321 1337/1013/1332
f 1337/1013/1332 1326/1014/1321 1324/1012/1319
f 1324/1012/1319 1338/1011/1333 1337/1013/1332
f 1322/1010/1317 1338/1011/1333 1324/1012/1319
f 1339/1009/1334 1338/1011/1333 1322/1010/1317
f 1339/1009/1334 1322/1010/1317 1320/1008/1315
f 1340/1007/1335 1339/1009/1334 1320/1008/1315
f 1320/1008/1315 1318/1006/1313 1340/1007/1335
f 1318/1006/1313 1341/998/1336 1340/1007/1335
f 1318/1006/1313 1317/1005/1312 1341/998/1336
f 1341/998/1336 1317/1005/1312 1343/1004/1338
f 1343/1004/1338 1317/1005/1312 1314/1003/1309
f 1343/1004/1338 1314/1003/1309 1312/1001/1307
f 1309/988/1304 1343/1004/1338 1312/1001/1307
f 1342/997/1337 1343/1004/1338 1309/988/1304
f 1307/989/1302 1342/997/1337 1309/988/1304
f 1306/994/1301 1342/997/1337 1307/989/1302
f 1306/994/1301 1333/996/1328 1342/997/1337
f 140/537/140 165/536/165 794/538/789
f 1344/525/1339 793/539/788 794/538/789
f 165/536/165 1344/525/1339 794/538/789
f 160/524/160 1344/525/1339 165/536/165
f 1344/525/1339 160/524/160 1345/523/1340
f 713/535/712 787/534/782 1346/533/1341
f 1346/533/1341 787/534/782 1347/532/1342
f 788/544/783 1347/532/1342 787/534/782
f 1348/531/1343 1347/532/1342 788/544/783
f 789/543/784 1348/531/1343 788/544/783
f 1348/531/1343 789/543/784 1349/530/1344
f 1349/530/1344 789/543/784 790/542/785
f 1349/530/1344 790/542/785 1350/529/1345
f 1350/529/1345 790/542/785 791/541/786
f 791/541/786 1351/528/1346 1350/529/1345
f 791/541/786 792/540/787 1351/528/1346
f 1351/528/1346 792/540/787 1352/527/1347
f 793/539/788 1352/527/1347 792/540/787
f 793/539/788 1353/526/1348 1352/527/1347
f 793/539/788 1344/525/1339 1353/526/1348
f 1353/526/1348 1344/525/1339 1354/522/1349
f 1354/522/1349 1344/525/1339 1345/523/1340
f 1345/523/1340 1355/507/1350 1354/522/1349
f 1356/520/1351 1353/526/1348 1354/522/1349
f 1352/527/1347 1353/526/1348 1356/520/1351
f 1357/518/1352 1352/527/1347 1356/520/1351
f 1351/528/1346 1352/527/1347 1357/518/1352
f 1358/516/1353 1351/528/1346 1357/518/1352
f 1350/529/1345 1351/528/1346 1358/516/1353
f 1359/514/1354 1350/529/1345 1358/516/1353
f 1349/530/1344 1350/529/1345 1359/514/1354
f 1360/512/1355 1349/530/1344 1359/514/1354
f 1348/531/1343 1349/530/1344 1360/512/1355
f 1361/509/1356 1348/531/1343 1360/512/1355
f 1347/532/1342 1348/531/1343 1361/509/1356
f 1362/510/1357 1347/532/1342 1361/509/1356
f 1346/533/1341 1347/532/1342 1362/510/1357
f 1354/522/1349 796/521/791 1356/520/1351
f 796/521/791 797/519/792 1356/520/1351
f 797/519/792 1357/518/1352 1356/520/1351
f 797/519/792 798/517/793 1357/518/1352
f 798/517/793 1358/516/1353 1357/518/1352
f 799/515/794 1358/516/1353 798/517/793
f 1359/514/1354 1358/516/1353 799/515/794
f 800/513/795 1359/514/1354 799/515/794
f 1360/512/1355 1359/514/1354 800/513/795
f 696/511/695 1360/512/1355 800/513/795
f 1361/509/1356 1360/512/1355 696/511/695
f 696/511/695 694/508/693 1361/509/1356
f 694/508/693 1362/510/1357 1361/509/1356
f 705/490/704 1363/488/1358 1364/489/1359
f 1364/489/1359 1363/488/1358 1365/486/1360
f 1363/488/1358 750/487/745 1365/486/1360
f 1365/486/1360 750/487/745 749/485/744
f 1365/486/1360 749/485/744 1366/484/1361
f 1366/484/1361 749/485/744 752/483/747
f 1366/484/1361 752/483/747 1367/482/1362
f 1367/482/1362 752/483/747 754/481/749
f 1367/482/1362 754/481/749 1368/480/1363
f 1368/480/1363 754/481/749 756/479/751
f 756/479/751 1369/476/1364 1368/480/1363
f 758/478/753 1369/476/1364 756/479/751
f 1370/477/1365 1369/476/1364 758/478/753
f 1371/498/1366 1369/476/1364 1370/477/1365
f 795/493/790 1371/498/1366 1370/477/1365
f 1355/507/1350 1371/498/1366 795/493/790
f 1354/522/1349 1355/507/1350 795/493/790
f 795/493/790 796/521/791 1354/522/1349
f 760/491/755 1370/477/1365 758/478/753
f 762/492/757 1370/477/1365 760/491/755
f 795/493/790 1370/477/1365 762/492/757
f 1371/498/1366 1372/497/1367 1369/476/1364
f 1369/476/1364 1372/497/1367 1368/480/1363
f 1368/480/1363 1372/497/1367 1373/496/1368
f 1373/496/1368 1367/482/1362 1368/480/1363
f 1374/495/1369 1367/482/1362 1373/496/1368
f 1374/495/1369 1366/484/1361 1367/482/1362
f 1375/494/1370 1366/484/1361 1374/495/1369
f 1375/494/1370 1365/486/1360 1366/484/1361
f 1364/489/1359 1365/486/1360 1375/494/1370
f 705/490/704 1376/499/1371 704/500/703
f 1376/499/1371 705/490/704 1364/489/1359
f 1376/499/1371 1364/489/1359 1377/501/1372
f 1377/501/1372 1364/489/1359 1375/494/1370
f 1375/494/1370 1378/502/1373 1377/501/1372
f 1378/502/1373 1375/494/1370 1374/495/1369
f 1378/502/1373 1374/495/1369 1379/503/1374
f 1379/503/1374 1374/495/1369 1373/496/1368
f 1373/496/1368 1380/504/1375 1379/503/1374
f 1372/497/1367 1380/504/1375 1373/496/1368
f 1372/497/1367 1381/505/1376 1380/504/1375
f 1381/505/1376 1372/497/1367 1371/498/1366
f 1382/506/1377 1381/505/1376 1371/498/1366
f 1371/498/1366 1355/507/1350 1382/506/1377
f 1345/523/1340 1383/1021/1378 1355/507/1350
f 1355/507/1350 1383/1021/1378 1382/506/1377
f 1383/1021/1378 1384/1022/1379 1382/506/1377
f 1382/506/1377 1384/1022/1379 1385/1023/1380
f 1384/1022/1379 1386/1024/668 1385/1023/1380
f 1386/1024/668 1384/1022/1379 1387/1025/1381
f 1386/1024/668 1387/1025/1381 1388/1026/666
f 1388/1026/666 1387/1025/1381 1389/1027/1382
f 1389/1027/1382 1390/1028/1383 1388/1026/666
f 1391/1029/1384 1390/1028/1383 1389/1027/1382
f 1391/1029/1384 1392/1030/1385 1390/1028/1383
f 1393/1031/1386 1392/1030/1385 1391/1029/1384
f 1393/1031/1386 1394/1032/1387 1392/1030/1385
f 1395/1033/1388 1394/1032/1387 1393/1031/1386
f 1395/1033/1388 1396/1034/1389 1394/1032/1387
f 1397/1035/1390 1396/1034/1389 1395/1033/1388
f 1345/523/1340 160/524/160 161/1036/161
f 1345/523/1340 161/1036/161 730/1037/725
f 730/1037/725 1383/1021/1378 1345/523/1340
f 729/1038/724 1383/1021/1378 730/1037/725
f 729/1038/724 1384/1022/1379 1383/1021/1378
f 727/1039/722 1384/1022/1379 729/1038/724
f 1384/1022/1379 727/1039/722 1387/1025/1381
f 1387/1025/1381 727/1039/722 725/1040/676
f 1387/1025/1381 725/1040/676 1389/1027/1382
f 1389/1027/1382 725/1040/676 723/1041/677
f 723/1041/677 1391/1029/1384 1389/1027/1382
f 721/1042/718 1391/1029/1384 723/1041/677
f 721/1042/718 1393/1031/1386 1391/1029/1384
f 1393/1031/1386 721/1042/718 719/1043/717
f 719/1043/717 1395/1033/1388 1393/1031/1386
f 717/1044/715 1395/1033/1388 719/1043/717
f 717/1044/715 1397/1035/1390 1395/1033/1388
f 1397/1035/1390 717/1044/715 715/1045/714
f 1398/587/1391 203/589/203 216/591/216
f 1399/573/1392 1400/572/1393 1401/571/1394
f 1402/574/1395 1400/572/1393 1399/573/1392
f 1403/575/783 1402/574/1395 1399/573/1392
f 1404/576/1396 1402/574/1395 1403/575/783
f 1405/577/784 1404/576/1396 1403/575/783
f 1406/578/1397 1404/576/1396 1405/577/784
f 1407/579/785 1406/578/1397 1405/577/784
f 1408/580/1398 1406/578/1397 1407/579/785
f 1409/581/1399 1408/580/1398 1407/579/785
f 1410/582/1400 1408/580/1398 1409/581/1399
f 1411/583/1401 1410/582/1400 1409/581/1399
f 1412/584/1402 1410/582/1400 1411/583/1401
f 1413/585/1403 1412/584/1402 1411/583/1401
f 1414/586/1404 1412/584/1402 1413/585/1403
f 1398/587/1391 1414/586/1404 1413/585/1403
f 1413/585/1403 1415/588/1405 1398/587/1391
f 1415/588/1405 203/589/203 1398/587/1391
f 1415/588/1405 202/590/202 203/589/203
f 1416/594/1406 1415/588/1405 1413/585/1403
f 1411/583/1401 1416/594/1406 1413/585/1403
f 1417/595/1407 1416/594/1406 1411/583/1401
f 1409/581/1399 1417/595/1407 1411/583/1401
f 1418/602/1408 1419/601/1409 617/604/617
f 1420/600/1410 1419/601/1409 1418/602/1408
f 1419/601/1409 1420/600/1410 1401/571/1394
f 1401/571/1394 1420/600/1410 1399/573/1392
f 1420/600/1410 1421/599/1411 1399/573/1392
f 1399/573/1392 1421/599/1411 1403/575/783
f 1421/599/1411 1422/598/1412 1403/575/783
f 1403/575/783 1422/598/1412 1405/577/784
f 1422/598/1412 1423/597/1413 1405/577/784
f 1405/577/784 1423/597/1413 1407/579/785
f 1423/597/1413 1424/596/1414 1407/579/785
f 1407/579/785 1424/596/1414 1409/581/1399
f 1424/596/1414 1417/595/1407 1409/581/1399
f 1417/595/1407 1424/596/1414 1425/605/1415
f 1416/594/1406 1417/595/1407 1425/605/1415
f 1426/625/1416 1416/594/1406 1425/605/1415
f 1426/625/1416 1427/624/1417 1416/594/1406
f 1428/622/1418 1427/624/1417 1426/625/1416
f 1429/603/1419 1420/600/1410 1418/602/1408
f 1421/599/1411 1420/600/1410 1429/603/1419
f 1430/608/771 1421/599/1411 1429/603/1419
f 1422/598/1412 1421/599/1411 1430/608/771
f 1431/607/1420 1422/598/1412 1430/608/771
f 1423/597/1413 1422/598/1412 1431/607/1420
f 1432/606/1421 1423/597/1413 1431/607/1420
f 1424/596/1414 1423/597/1413 1432/606/1421
f 1425/605/1415 1424/596/1414 1432/606/1421
f 1433/634/1422 1434/633/1423 1435/635/1424
f 1434/633/1423 1436/636/1425 1435/635/1424
f 1435/635/1424 1436/636/1425 1437/637/742
f 1436/636/1425 1438/638/732 1437/637/742
f 1437/637/742 1438/638/732 1439/639/741
f 1438/638/732 1440/640/1426 1439/639/741
f 1439/639/741 1440/640/1426 1441/641/1427
f 1440/640/1426 1442/642/1428 1441/641/1427
f 1441/641/1427 1442/642/1428 1443/643/1429
f 1442/642/1428 1444/644/1430 1443/643/1429
f 1443/643/1429 1444/644/1430 1445/645/1431
f 643/623/643 1443/643/1429 1445/645/1431
f 1445/645/1431 1427/624/1417 643/623/643
f 1445/645/1431 1446/646/1432 1427/624/1417
f 1446/646/1432 1447/647/1433 1427/624/1417
f 1427/624/1417 1447/647/1433 1448/593/1434
f 1427/624/1417 1448/593/1434 1416/594/1406
f 1416/594/1406 1448/593/1434 1415/588/1405
f 1448/593/1434 202/590/202 1415/588/1405
f 1448/593/1434 201/592/201 202/590/202
f 1447/647/1433 201/592/201 1448/593/1434
f 1447/647/1433 199/657/199 201/592/201
f 1446/646/1432 199/657/199 1447/647/1433
f 1446/646/1432 200/656/200 199/657/199
f 682/655/682 200/656/200 1446/646/1432
f 682/655/682 1446/646/1432 1445/645/1431
f 683/654/683 682/655/682 1445/645/1431
f 1445/645/1431 684/653/684 683/654/683
f 1444/644/1430 684/653/684 1445/645/1431
f 1444/644/1430 685/652/685 684/653/684
f 1442/642/1428 685/652/685 1444/644/1430
f 1442/642/1428 686/651/686 685/652/685
f 1440/640/1426 686/651/686 1442/642/1428
f 1440/640/1426 687/650/687 686/651/686
f 1438/638/732 687/650/687 1440/640/1426
f 1438/638/732 688/649/688 687/650/687
f 1436/636/1425 688/649/688 1438/638/732
f 1436/636/1425 681/648/681 688/649/688
f 1434/633/1423 681/648/681 1436/636/1425
f 1434/633/1423 577/667/577 681/648/681
f 1449/666/1435 577/667/577 1434/633/1423
f 1449/666/1435 1434/633/1423 1433/634/1422
f 1450/665/1436 1449/666/1435 1433/634/1422
f 1433/634/1422 660/664/660 1450/665/1436
f 662/663/662 660/664/660 1433/634/1422
f 1435/635/1424 662/663/662 1433/634/1422
f 664/662/664 662/663/662 1435/635/1424
f 1437/637/742 664/662/664 1435/635/1424
f 666/661/666 664/662/664 1437/637/742
f 1439/639/741 666/661/666 1437/637/742
f 668/660/668 666/661/666 1439/639/741
f 1441/641/1427 668/660/668 1439/639/741
f 670/659/670 668/660/668 1441/641/1427
f 1443/643/1429 670/659/670 1441/641/1427
f 644/658/644 670/659/670 1443/643/1429
f 644/658/644 1443/643/1429 643/623/643
f 1451/1046/1437 617/1047/617 1419/1048/1409
f 615/1049/615 617/1047/617 1451/1046/1437
f 1452/1050/1438 615/1049/615 1451/1046/1437
f 626/1051/626 615/1049/615 1452/1050/1438
f 627/1052/627 626/1051/626 1452/1050/1438
f 1453/1053/1439 1419/1048/1409 1401/1054/1394
f 1451/1046/1437 1419/1048/1409 1453/1053/1439
f 1454/1055/1440 1451/1046/1437 1453/1053/1439
f 1452/1050/1438 1451/1046/1437 1454/1055/1440
f 1455/1056/1441 1452/1050/1438 1454/1055/1440
f 627/1052/627 1452/1050/1438 1455/1056/1441
f 625/1057/625 627/1052/627 1455/1056/1441
f 582/566/582 1456/565/1442 584/563/584
f 1457/567/1443 1456/565/1442 582/566/582
f 580/568/580 1457/567/1443 582/566/582
f 584/563/584 593/546/593 585/564/585
f 1458/562/1444 593/546/593 584/563/584
f 1456/565/1442 1458/562/1444 584/563/584
f 1459/549/1445 1458/562/1444 1456/565/1442
f 1457/567/1443 1459/549/1445 1456/565/1442
f 1450/551/1436 1459/549/1445 1457/567/1443
f 1449/569/1435 1450/551/1436 1457/567/1443
f 1449/569/1435 1457/567/1443 580/568/580
f 577/570/577 1449/569/1435 580/568/580
f 1460/1058/1446 1461/1059/1447 1462/1060/1448
f 1462/1060/1448 1463/1059/1449 1460/1058/1446
f 1464/1061/1450 1463/1059/1449 1462/1060/1448
f 1464/1061/1450 1465/1062/1451 1463/1059/1449
f 1465/1062/1451 1466/1063/1452 1463/1059/1449
f 1463/1059/1449 1466/1063/1452 1467/1064/1453
f 1463/1059/1449 1467/1064/1453 1460/1058/1446
f 1460/1058/1446 1467/1064/1453 1468/1065/1454
f 1468/1065/1454 1469/1064/1455 1460/1058/1446
f 1469/1064/1455 1461/1059/1447 1460/1058/1446
f 1470/1063/1456 1461/1059/1447 1469/1064/1455
f 1471/1066/1457 1472/1067/1458 1465/1062/1451
f 1471/1066/1457 1465/1062/1451 1464/1061/1450
f 1473/1068/1459 1471/1066/1457 1464/1061/1450
f 1473/1068/1459 1464/1061/1450 1474/1069/1460
f 1474/1069/1460 1464/1061/1450 1462/1060/1448
f 1462/1060/1448 1475/1061/1461 1474/1069/1460
f 1461/1059/1447 1475/1061/1461 1462/1060/1448
f 1476/1062/1462 1475/1061/1461 1461/1059/1447
f 1476/1062/1462 1461/1059/1447 1470/1063/1456
f 1477/1070/1463 1478/1067/1464 1479/1071/1465
f 1478/1067/1464 1476/1062/1462 1479/1071/1465
f 1478/1067/1464 1480/1066/1466 1476/1062/1462
f 1480/1066/1466 1475/1061/1461 1476/1062/1462
f 1480/1066/1466 1481/1068/1467 1475/1061/1461
f 1475/1061/1461 1481/1068/1467 1474/1069/1460
f 1474/1069/1460 1481/1068/1467 1482/1072/1468
f 1482/1072/1468 1473/1068/1459 1474/1069/1460
f 1483/1073/1469 1473/1068/1459 1482/1072/1468
f 1483/1073/1469 1484/1074/1470 1473/1068/1459
f 1484/1074/1470 1471/1066/1457 1473/1068/1459
f 1484/1074/1470 1485/1075/1471 1471/1066/1457
f 1485/1075/1471 1472/1067/1458 1471/1066/1457
f 1485/1075/1471 1486/1076/1472 1472/1067/1458
f 1487/1077/1473 1486/1076/1472 1485/1075/1471
f 1487/1077/1473 1488/1058/1474 1486/1076/1472
f 1489/1060/1475 1488/1058/1474 1487/1077/1473
f 1489/1060/1475 1490/1077/1476 1488/1058/1474
f 1491/1078/1477 1489/1060/1475 1487/1077/1473
f 1479/1071/1465 1476/1062/1462 1470/1063/1456
f 1489/1060/1475 1492/1078/1478 1490/1077/1476
f 1493/1069/1479 1492/1078/1478 1489/1060/1475
f 1493/1069/1479 1489/1060/1475 1491/1078/1477
f 1493/1069/1479 1491/1078/1477 1494/1079/1480
f 1494/1079/1480 1491/1078/1477 1495/1080/1481
f 1491/1078/1477 1487/1077/1473 1495/1080/1481
f 1495/1080/1481 1487/1077/1473 1485/1075/1471
f 1495/1080/1481 1485/1075/1471 1484/1074/1470
f 1495/1080/1481 1484/1074/1470 1483/1073/1469
f 1494/1079/1480 1495/1080/1481 1483/1073/1469
f 1496/1065/1482 1497/1076/1483 1477/1070/1463
f 1497/1076/1483 1478/1067/1464 1477/1070/1463
f 1497/1076/1483 1498/1075/1484 1478/1067/1464
f 1498/1075/1484 1480/1066/1466 1478/1067/1464
f 1498/1075/1484 1499/1074/1485 1480/1066/1466
f 1499/1074/1485 1481/1068/1467 1480/1066/1466
f 1481/1068/1467 1499/1074/1485 1500/1073/1486
f 1481/1068/1467 1500/1073/1486 1482/1072/1468
f 1482/1072/1468 1500/1073/1486 1501/1081/1487
f 1501/1081/1487 1483/1073/1469 1482/1072/1468
f 1494/1079/1480 1483/1073/1469 1501/1081/1487
f 1502/1082/1488 1494/1079/1480 1501/1081/1487
f 1502/1082/1488 1493/1069/1479 1494/1079/1480
f 1503/1079/1489 1493/1069/1479 1502/1082/1488
f 1503/1079/1489 1492/1078/1478 1493/1069/1479
f 1504/1080/1490 1492/1078/1478 1503/1079/1489
f 1492/1078/1478 1504/1080/1490 1490/1077/1476
f 1490/1077/1476 1504/1080/1490 1498/1075/1484
f 1501/1081/1487 1503/1079/1489 1502/1082/1488
f 1500/1073/1486 1503/1079/1489 1501/1081/1487
f 1504/1080/1490 1499/1074/1485 1498/1075/1484
f 1499/1074/1485 1504/1080/1490 1500/1073/1486
f 1500/1073/1486 1504/1080/1490 1503/1079/1489
f 1490/1077/1476 1498/1075/1484 1497/1076/1483
f 1488/1058/1474 1490/1077/1476 1497/1076/1483
f 1488/1058/1474 1497/1076/1483 1496/1065/1482
f 1488/1058/1474 1496/1065/1482 1486/1076/1472
f 1486/1076/1472 1496/1065/1482 1505/1070/1491
f 1486/1076/1472 1505/1070/1491 1472/1067/1458
f 1472/1067/1458 1505/1070/1491 1506/1071/1492
f 1472/1067/1458 1506/1071/1492 1465/1062/1451
f 1465/1062/1451 1506/1071/1492 1466/1063/1452
f 1450/551/1436 660/552/660 591/550/591
f 591/550/591 1459/549/1445 1450/551/1436
f 590/548/590 1459/549/1445 591/550/591
f 590/548/590 1458/545/1444 1459/549/1445
f 592/547/592 1458/545/1444 590/548/590
f 593/546/593 1458/545/1444 592/547/592
f 1507/1083/1493 1508/702/1494 1509/700/1495
f 1510/1084/1496 1508/702/1494 1507/1083/1493
f 1510/1084/1496 1511/703/1497 1508/702/1494
f 1512/1085/1498 1511/703/1497 1510/1084/1496
f 1511/703/1497 1512/1085/1498 824/686/819
f 824/686/819 1512/1085/1498 823/689/818
f 1511/703/1497 1513/1084/1499 1508/702/1494
f 1514/1085/1500 1513/1084/1499 1511/703/1497
f 824/686/819 1514/1085/1500 1511/703/1497
f 825/689/820 1514/1085/1500 824/686/819
f 1515/705/1501 1516/693/1502 1517/706/1503
f 1518/1086/1504 1516/693/1502 1515/705/1501
f 1519/704/1505 1518/1086/1504 1515/705/1501
f 1520/1087/1506 1518/1086/1504 1519/704/1505
f 1521/692/1507 1520/1087/1506 1519/704/1505
f 1522/1088/1508 1520/1087/1506 1521/692/1507
f 1523/695/1509 1522/1088/1508 1521/692/1507
f 1524/1089/1510 1522/1088/1508 1523/695/1509
f 1525/697/1511 1524/1089/1510 1523/695/1509
f 1507/1083/1493 1524/1089/1510 1525/697/1511
f 1526/699/1512 1507/1083/1493 1525/697/1511
f 1510/1084/1496 1507/1083/1493 1526/699/1512
f 1527/701/1513 1510/1084/1496 1526/699/1512
f 1512/1085/1498 1510/1084/1496 1527/701/1513
f 1528/690/1514 1512/1085/1498 1527/701/1513
f 823/689/818 1512/1085/1498 1528/690/1514
f 822/684/817 823/689/818 1528/690/1514
f 827/691/822 822/684/817 1528/690/1514
f 1513/1084/1499 1529/1083/1515 1508/702/1494
f 1508/702/1494 1529/1083/1515 1509/700/1495
f 1529/1083/1515 1530/1089/1516 1509/700/1495
f 1509/700/1495 1530/1089/1516 1531/698/1517
f 1530/1089/1516 1532/1088/1518 1531/698/1517
f 1531/698/1517 1532/1088/1518 1533/696/1519
f 1532/1088/1518 1534/1087/1520 1533/696/1519
f 1533/696/1519 1534/1087/1520 1535/694/1521
f 1534/1087/1520 1536/1086/1522 1535/694/1521
f 1535/694/1521 1536/1086/1522 1516/693/1502
f 1518/1086/1504 1535/694/1521 1516/693/1502
f 1520/1087/1506 1535/694/1521 1518/1086/1504
f 1520/1087/1506 1533/696/1519 1535/694/1521
f 1522/1088/1508 1533/696/1519 1520/1087/1506
f 1522/1088/1508 1531/698/1517 1533/696/1519
f 1524/1089/1510 1531/698/1517 1522/1088/1508
f 1524/1089/1510 1509/700/1495 1531/698/1517
f 1507/1083/1493 1509/700/1495 1524/1089/1510
f 841/691/836 999/690/994 817/684/812
f 817/684/812 999/690/994 825/689/820
f 825/689/820 999/690/994 1514/1085/1500
f 1514/1085/1500 999/690/994 1537/701/1523
f 1514/1085/1500 1537/701/1523 1513/1084/1499
f 1513/1084/1499 1537/701/1523 1538/699/1524
f 1513/1084/1499 1538/699/1524 1529/1083/1515
f 1529/1083/1515 1538/699/1524 1539/697/1525
f 1529/1083/1515 1539/697/1525 1530/1089/1516
f 1530/1089/1516 1539/697/1525 1540/695/1526
f 1530/1089/1516 1540/695/1526 1532/1088/1518
f 1532/1088/1518 1540/695/1526 1541/692/1527
f 1532/1088/1518 1541/692/1527 1534/1087/1520
f 1534/1087/1520 1541/692/1527 1542/704/1528
f 1534/1087/1520 1542/704/1528 1536/1086/1522
f 1536/1086/1522 1542/704/1528 1543/705/1529
f 1536/1086/1522 1543/705/1529 1516/693/1502
f 1516/693/1502 1543/705/1529 1517/706/1503
f 620/467/620 1400/1090/1393 619/466/619
f 1544/1091/1530 1400/1090/1393 620/467/620
f 622/469/622 1544/1091/1530 620/467/620
f 1545/1092/1531 1544/1091/1530 622/469/622
f 1545/1092/1531 622/469/622 624/471/624
f 1545/1092/1531 624/471/624 1455/1093/1441
f 1455/1093/1441 624/471/624 625/472/625
f 1046/1094/1041 1045/1095/1040 1546/1096/1532
f 1547/1097/1533 1046/1094/1041 1546/1096/1532
f 1045/1095/1040 1044/1098/1039 1548/1099/1534
f 1546/1096/1532 1045/1095/1040 1548/1099/1534
f 1549/1100/1535 1546/1096/1532 1548/1099/1534
f 1547/1097/1533 1546/1096/1532 1549/1100/1535
f 1549/1100/1535 1550/1101/1536 1547/1097/1533
f 1550/1101/1536 1046/1094/1041 1547/1097/1533
f 1046/1094/1041 1550/1101/1536 1047/1102/1042
f 1047/1102/1042 1550/1101/1536 1551/1103/1537
f 1047/1102/1042 1551/1103/1537 1050/1104/1045
f 1050/1104/1045 1551/1103/1537 1549/1100/1535
f 1552/1105/1538 1050/1104/1045 1549/1100/1535
f 1549/1100/1535 1553/1106/1539 1552/1105/1538
f 1553/1106/1539 1051/1107/1046 1552/1105/1538
f 1052/1108/1047 1051/1107/1046 1553/1106/1539
f 1554/1109/1540 1052/1108/1047 1553/1106/1539
f 1555/1110/1541 1052/1108/1047 1554/1109/1540
f 1549/1100/1535 1555/1110/1541 1554/1109/1540
f 1556/1111/1542 1555/1110/1541 1549/1100/1535
f 1051/1107/1046 1050/1104/1045 1552/1105/1538
f 1554/1109/1540 1553/1106/1539 1549/1100/1535
f 1551/1103/1537 1550/1101/1536 1549/1100/1535
f 1040/1112/1035 1549/1100/1535 1041/1113/1036
f 1041/1113/1036 1549/1100/1535 1042/1114/1037
f 1549/1100/1535 1043/1115/1038 1042/1114/1037
f 1044/1098/1039 1043/1115/1038 1549/1100/1535
f 1548/1099/1534 1044/1098/1039 1549/1100/1535
f 1040/1112/1035 1556/1111/1542 1549/1100/1535
f 1039/1116/1034 1556/1111/1542 1040/1112/1035
f 1556/1111/1542 1039/1116/1034 1555/1110/1541
f 1039/1116/1034 1053/1117/1048 1555/1110/1541
f 1555/1110/1541 1053/1117/1048 1052/1108/1047
f 1557/1118/1543 999/800/994 1000/801/995
f 1002/803/997 1557/1118/1543 1000/801/995
f 1558/1119/1544 1557/1118/1543 1002/803/997
f 1004/805/999 1558/1119/1544 1002/803/997
f 1539/1120/1525 1558/1119/1544 1004/805/999
f 1559/1121/1545 1539/1120/1525 1004/805/999
f 1540/1122/1526 1539/1120/1525 1559/1121/1545
f 1560/1123/1546 1540/1122/1526 1559/1121/1545
f 1541/1124/1527 1540/1122/1526 1560/1123/1546
f 1561/1125/1547 1541/1124/1527 1560/1123/1546
f 1542/1126/1528 1541/1124/1527 1561/1125/1547
f 1562/1127/1548 1542/1126/1528 1561/1125/1547
f 1543/1128/1529 1542/1126/1528 1562/1127/1548
f 1563/1129/1549 1543/1128/1529 1562/1127/1548
f 1517/1130/1503 1543/1128/1529 1563/1129/1549
f 1564/1131/1550 1517/1130/1503 1563/1129/1549
f 1565/1129/1551 1517/1130/1503 1564/1131/1550
f 1517/1130/1503 1565/1129/1551 1515/1128/1501
f 1515/1128/1501 1565/1129/1551 1566/1127/1552
f 1515/1128/1501 1566/1127/1552 1519/1126/1505
f 1519/1126/1505 1566/1127/1552 1567/1125/1553
f 1567/1125/1553 1521/1124/1507 1519/1126/1505
f 1568/1123/1554 1521/1124/1507 1567/1125/1553
f 1521/1124/1507 1568/1123/1554 1523/1122/1509
f 1523/1122/1509 1568/1123/1554 1569/1121/1555
f 1569/1121/1555 1525/1120/1511 1523/1122/1509
f 1570/805/1556 1525/1120/1511 1569/1121/1555
f 1570/805/1556 1571/1119/1557 1525/1120/1511
f 1572/803/1558 1571/1119/1557 1570/805/1556
f 1572/803/1558 1573/1118/1559 1571/1119/1557
f 1574/801/1560 1573/1118/1559 1572/803/1558
f 1574/801/1560 1528/800/1514 1573/1118/1559
f 1575/559/1561 651/560/651 641/561/641
f 1576/558/1562 651/560/651 1575/559/1561
f 1577/557/1563 1576/558/1562 1575/559/1561
f 1578/556/1564 1576/558/1562 1577/557/1563
f 1578/556/1564 1577/557/1563 1579/555/1565
f 1578/556/1564 1579/555/1565 568/553/568
f 568/553/568 1579/555/1565 570/554/570
f 1580/926/1566 1581/927/1567 1582/920/1568
f 1583/925/1569 1580/926/1566 1582/920/1568
f 1584/918/1570 1583/925/1569 1582/920/1568
f 1584/918/1570 1582/920/1568 1585/917/1571
f 1586/919/1572 1584/918/1570 1585/917/1571
f 1011/812/1006 996/797/991 1585/917/1571
f 1585/917/1571 996/797/991 1586/919/1572
f 996/797/991 995/796/990 1586/919/1572
f 995/796/990 1584/918/1570 1586/919/1572
f 1584/918/1570 995/796/990 994/795/989
f 994/795/989 1583/925/1569 1584/918/1570
f 994/795/989 1587/924/1573 1583/925/1569
f 1587/924/1573 1580/926/1566 1583/925/1569
f 1587/924/1573 1588/935/1574 1580/926/1566
f 1589/923/1575 1588/935/1574 1587/924/1573
f 994/795/989 1589/923/1575 1587/924/1573
f 1590/922/1576 1589/923/1575 994/795/989
f 993/794/988 1590/922/1576 994/795/989
f 1591/921/1577 1590/922/1576 993/794/988
f 1591/921/1577 993/794/988 965/751/960
f 965/751/960 993/794/988 991/792/986
f 965/751/960 991/792/986 966/749/961
f 966/749/961 991/792/986 981/740/976
f 1589/923/1575 1590/922/1576 1591/921/1577
f 973/790/968 1591/921/1577 965/751/960
f 1589/923/1575 1591/921/1577 973/790/968
f 1592/934/1578 1589/923/1575 973/790/968
f 1588/935/1574 1589/923/1575 1592/934/1578
f 1593/933/1579 1588/935/1574 1592/934/1578
f 1594/937/1580 1588/935/1574 1593/933/1579
f 1595/939/1581 1594/937/1580 1593/933/1579
f 1596/940/1582 1594/937/1580 1595/939/1581
f 1596/940/1582 1588/935/1574 1594/937/1580
f 1597/936/1583 1588/935/1574 1596/940/1582
f 1588/935/1574 1597/936/1583 1580/926/1566
f 1580/926/1566 1597/936/1583 1598/928/1584
f 1598/928/1584 1581/927/1567 1580/926/1566
f 1034/835/1029 1581/927/1567 1598/928/1584
f 1032/833/1027 1581/927/1567 1034/835/1029
f 1582/920/1568 1581/927/1567 1032/833/1027
f 1582/920/1568 1032/833/1027 1011/812/1006
f 1585/917/1571 1582/920/1568 1011/812/1006
f 907/755/902 1215/930/1210 908/756/903
f 908/756/903 1215/930/1210 1599/755/1585
f 1215/930/1210 1214/929/1209 1599/755/1585
f 1599/755/1585 1214/929/1209 1600/931/1586
f 1214/929/1209 1217/932/1212 1600/931/1586
f 1600/931/1586 1217/932/1212 1593/933/1579
f 1217/932/1212 1226/938/1221 1593/933/1579
f 1593/933/1579 1226/938/1221 1595/939/1581
f 1226/938/1221 1233/945/1228 1595/939/1581
f 1595/939/1581 1233/945/1228 1238/944/1233
f 1238/944/1233 1596/940/1582 1595/939/1581
f 1601/943/1587 1596/940/1582 1238/944/1233
f 1601/943/1587 1597/936/1583 1596/940/1582
f 1240/942/1235 1597/936/1583 1601/943/1587
f 1242/941/1237 1597/936/1583 1240/942/1235
f 1082/883/1077 1597/936/1583 1242/941/1237
f 1598/928/1584 1597/936/1583 1082/883/1077
f 1081/882/1076 1598/928/1584 1082/883/1077
f 1238/944/1233 1240/942/1235 1601/943/1587
f 973/790/968 1593/933/1579 1592/934/1578
f 1600/931/1586 1593/933/1579 973/790/968
f 964/753/959 1600/931/1586 973/790/968
f 1599/755/1585 1600/931/1586 964/753/959
f 922/754/917 1599/755/1585 964/753/959
f 908/756/903 1599/755/1585 922/754/917
f 1065/866/1060 1084/885/1079 1066/867/1061
f 1038/839/1033 1084/885/1079 1065/866/1060
f 1038/839/1033 1036/837/1031 1084/885/1079
f 1036/837/1031 1081/882/1076 1084/885/1079
f 1036/837/1031 1034/835/1029 1081/882/1076
f 1034/835/1029 1598/928/1584 1081/882/1076
f 571/1132/571 1602/1133/1588 572/1134/572
f 1603/1135/1589 1602/1133/1588 571/1132/571
f 571/1132/571 1604/1136/1590 1603/1135/1589
f 571/1132/571 569/1137/569 1604/1136/1590
f 569/1137/569 570/554/570 1604/1136/1590
f 570/554/570 1579/555/1565 1604/1136/1590
f 1579/555/1565 1577/557/1563 1604/1136/1590
f 1604/1136/1590 1577/557/1563 1603/1135/1589
f 1577/557/1563 1575/559/1561 1603/1135/1589
f 1603/1135/1589 1575/559/1561 1602/1133/1588
f 1575/559/1561 641/561/641 1602/1133/1588
f 1602/1133/1588 641/561/641 639/1138/639
f 1602/1133/1588 639/1138/639 572/1134/572
f 572/1134/572 639/1138/639 573/1139/573
f 1605/1100/1591 1606/1097/1592 1607/1101/1593
f 1608/1103/1594 1605/1100/1591 1607/1101/1593
f 1609/1107/1595 1610/1108/1596 1611/1106/1597
f 1609/1107/1595 1611/1106/1597 1612/1105/1598
f 1611/1106/1597 1605/1100/1591 1612/1105/1598
f 1612/1105/1598 1605/1100/1591 1613/1104/1599
f 1613/1104/1599 1605/1100/1591 1608/1103/1594
f 1614/1102/1600 1613/1104/1599 1608/1103/1594
f 1607/1101/1593 1614/1102/1600 1608/1103/1594
f 1615/1094/1601 1614/1102/1600 1607/1101/1593
f 1607/1101/1593 1606/1097/1592 1615/1094/1601
f 1606/1097/1592 1616/1096/1602 1615/1094/1601
f 1606/1097/1592 1605/1100/1591 1616/1096/1602
f 1616/1096/1602 1605/1100/1591 1617/1099/1603
f 1617/1099/1603 1605/1100/1591 1618/1098/1604
f 1619/1095/1605 1617/1099/1603 1618/1098/1604
f 1616/1096/1602 1617/1099/1603 1619/1095/1605
f 1615/1094/1601 1616/1096/1602 1619/1095/1605
f 1613/1104/1599 1609/1107/1595 1612/1105/1598
f 1610/1108/1596 1620/1109/1606 1611/1106/1597
f 1611/1106/1597 1620/1109/1606 1605/1100/1591
f 1620/1109/1606 1621/1110/1607 1605/1100/1591
f 1605/1100/1591 1621/1110/1607 1622/1111/1608
f 1621/1110/1607 1623/1116/1609 1622/1111/1608
f 1622/1111/1608 1623/1116/1609 1624/1112/1610
f 1624/1112/1610 1605/1100/1591 1622/1111/1608
f 1624/1112/1610 1625/1113/1611 1605/1100/1591
f 1625/1113/1611 1626/1114/1612 1605/1100/1591
f 1605/1100/1591 1626/1114/1612 1627/1115/1613
f 1618/1098/1604 1605/1100/1591 1627/1115/1613
f 1621/1110/1607 1628/1117/1614 1623/1116/1609
f 1610/1108/1596 1628/1117/1614 1621/1110/1607
f 1620/1109/1606 1610/1108/1596 1621/1110/1607
f 525/414/525 511/369/511 509/372/509
f 525/414/525 509/372/509 510/380/510
f 525/414/525 510/380/510 1629/1140/1615
f 526/415/526 525/414/525 1629/1140/1615
f 1629/1140/1615 527/416/527 526/415/526
f 1630/1141/1616 527/416/527 1629/1140/1615
f 527/416/527 1630/1141/1616 1631/1142/1617
f 1631/1142/1617 1630/1141/1616 1632/1143/1618
f 1274/384/1269 486/378/486 488/333/488
f 484/379/484 486/378/486 1274/384/1269
f 1633/381/1619 484/379/484 1274/384/1269
f 510/380/510 484/379/484 1633/381/1619
f 510/380/510 1633/381/1619 560/382/560
f 1629/1140/1615 510/380/510 560/382/560
f 561/1144/561 1629/1140/1615 560/382/560
f 1630/1141/1616 1629/1140/1615 561/1144/561
f 562/1145/562 1630/1141/1616 561/1144/561
f 563/1146/563 1630/1141/1616 562/1145/562
f 1630/1141/1616 563/1146/563 1632/1143/1618
f 563/1146/563 564/1147/564 1632/1143/1618
f 1632/1143/1618 564/1147/564 1634/1148/1620
f 564/1147/564 116/1149/116 1634/1148/1620
f 116/1149/116 38/1150/38 1634/1148/1620
f 1634/1148/1620 38/1150/38 536/419/536
f 38/1150/38 43/1151/43 536/419/536
f 536/419/536 43/1151/43 54/417/54
f 546/383/546 1274/384/1269 514/385/514
f 546/383/546 1633/381/1619 1274/384/1269
f 560/382/560 1633/381/1619 546/383/546
f 1635/1152/1621 524/413/524 527/416/527
f 1631/1142/1617 1635/1152/1621 527/416/527
f 1636/1153/1622 1635/1152/1621 1631/1142/1617
f 1632/1143/1618 1636/1153/1622 1631/1142/1617
f 1637/1154/1623 1636/1153/1622 1632/1143/1618
f 1634/1148/1620 1637/1154/1623 1632/1143/1618
f 1638/1155/1624 1637/1154/1623 1634/1148/1620
f 536/419/536 1638/1155/1624 1634/1148/1620
f 535/418/535 1638/1155/1624 536/419/536
f 535/418/535 1637/1154/1623 1638/1155/1624
f 1639/1156/1625 1637/1154/1623 535/418/535
f 1637/1154/1623 1639/1156/1625 1636/1153/1622
f 1636/1153/1622 1639/1156/1625 1635/1152/1621
f 1635/1152/1621 1639/1156/1625 538/421/538
f 540/423/540 1635/1152/1621 538/421/538
f 524/413/524 1635/1152/1621 540/423/540
f 523/368/523 524/413/524 540/423/540
f 538/421/538 1639/1156/1625 535/418/535
f 1426/1157/1416 1425/1158/1415 657/506/657
f 657/506/657 1425/1158/1415 1640/1023/1626
f 1640/1023/1626 1425/1158/1415 1432/1159/1421
f 1641/1024/792 1640/1023/1626 1432/1159/1421
f 1641/1024/792 1432/1159/1421 1431/1160/1420
f 1431/1160/1420 1642/1026/1627 1641/1024/792
f 1430/1161/771 1642/1026/1627 1431/1160/1420
f 1643/1028/1628 1642/1026/1627 1430/1161/771
f 1429/1162/1419 1643/1028/1628 1430/1161/771
f 1644/1030/1629 1643/1028/1628 1429/1162/1419
f 1418/1163/1408 1644/1030/1629 1429/1162/1419
f 1645/1032/1630 1644/1030/1629 1418/1163/1408
f 617/1164/617 1645/1032/1630 1418/1163/1408
f 616/1034/616 1645/1032/1630 617/1164/617
f 658/507/658 672/523/672 671/522/671
f 672/523/672 658/507/658 1646/1021/1631
f 1646/1021/1631 658/507/658 657/506/657
f 1646/1021/1631 657/506/657 1647/1022/1632
f 1647/1022/1632 657/506/657 1640/1023/1626
f 1647/1022/1632 1640/1023/1626 1641/1024/792
f 1641/1024/792 1648/1025/1633 1647/1022/1632
f 1642/1026/1627 1648/1025/1633 1641/1024/792
f 1649/1027/1353 1648/1025/1633 1642/1026/1627
f 1649/1027/1353 1642/1026/1627 1643/1028/1628
f 1650/1029/1634 1649/1027/1353 1643/1028/1628
f 1644/1030/1629 1650/1029/1634 1643/1028/1628
f 1651/1031/1635 1650/1029/1634 1644/1030/1629
f 1645/1032/1630 1651/1031/1635 1644/1030/1629
f 1652/1033/1636 1651/1031/1635 1645/1032/1630
f 616/1034/616 1652/1033/1636 1645/1032/1630
f 619/1035/619 1652/1033/1636 616/1034/616
f 1402/1044/1395 619/1035/619 1400/1045/1393
f 1402/1044/1395 1652/1033/1636 619/1035/619
f 1402/1044/1395 1404/1043/1396 1652/1033/1636
f 1652/1033/1636 1404/1043/1396 1651/1031/1635
f 1406/1042/1397 1651/1031/1635 1404/1043/1396
f 1406/1042/1397 1650/1029/1634 1651/1031/1635
f 1406/1042/1397 1408/1041/1398 1650/1029/1634
f 1408/1041/1398 1649/1027/1353 1650/1029/1634
f 1408/1041/1398 1410/1040/1400 1649/1027/1353
f 1410/1040/1400 1648/1025/1633 1649/1027/1353
f 1410/1040/1400 1412/1039/1402 1648/1025/1633
f 1648/1025/1633 1412/1039/1402 1647/1022/1632
f 1647/1022/1632 1412/1039/1402 1414/1038/1404
f 1414/1038/1404 1646/1021/1631 1647/1022/1632
f 1646/1021/1631 1414/1038/1404 1398/1037/1391
f 1398/1037/1391 672/523/672 1646/1021/1631
f 216/1036/216 672/523/672 1398/1037/1391
f 216/1036/216 217/524/217 672/523/672
f 1653/1155/1637 1654/418/1638 1655/419/1639
f 1656/1148/1640 1653/1155/1637 1655/419/1639
f 1657/1154/1641 1653/1155/1637 1656/1148/1640
f 1658/1143/1642 1657/1154/1641 1656/1148/1640
f 1658/1143/1642 1659/1153/1643 1657/1154/1641
f 1660/1142/1644 1659/1153/1643 1658/1143/1642
f 1659/1153/1643 1660/1142/1644 1661/1152/1645
f 1661/1152/1645 1660/1142/1644 1662/416/1646
f 1657/1154/1641 1654/418/1638 1653/1155/1637
f 1657/1154/1641 1663/1156/1647 1654/418/1638
f 1659/1153/1643 1663/1156/1647 1657/1154/1641
f 1663/1156/1647 1659/1153/1643 1661/1152/1645
f 1664/421/1648 1663/1156/1647 1661/1152/1645
f 1663/1156/1647 1664/421/1648 1654/418/1638
f 1665/1141/1649 479/1144/479 1666/1140/1650
f 478/1145/478 479/1144/479 1665/1141/1649
f 468/1146/468 478/1145/478 1665/1141/1649
f 1658/1143/1642 468/1146/468 1665/1141/1649
f 469/1147/469 468/1146/468 1658/1143/1642
f 1656/1148/1640 469/1147/469 1658/1143/1642
f 1667/1149/1651 469/1147/469 1656/1148/1640
f 1668/1150/1652 1667/1149/1651 1656/1148/1640
f 1655/419/1639 1668/1150/1652 1656/1148/1640
f 1669/1151/1653 1668/1150/1652 1655/419/1639
f 1670/417/1654 1669/1151/1653 1655/419/1639
f 1655/419/1639 1654/418/1638 1670/417/1654
f 1654/418/1638 1671/420/1655 1670/417/1654
f 1654/418/1638 1664/421/1648 1671/420/1655
f 1664/421/1648 1672/422/1656 1671/420/1655
f 1672/422/1656 1664/421/1648 1673/423/1657
f 1664/421/1648 1661/1152/1645 1673/423/1657
f 1673/423/1657 1661/1152/1645 1674/413/1658
f 1661/1152/1645 1662/416/1646 1674/413/1658
f 1674/413/1658 1662/416/1646 1675/415/1659
f 1674/413/1658 1675/415/1659 1676/414/1660
f 1671/420/1655 1672/422/1656 1677/424/1661
f 1671/420/1655 1677/424/1661 1678/425/1662
f 1670/417/1654 1671/420/1655 1678/425/1662
f 1678/425/1662 1677/424/1661 1679/426/1663
f 1678/425/1662 1679/426/1663 1680/428/1664
f 1680/428/1664 1679/426/1663 1681/427/1665
f 1667/429/1651 1681/427/1665 469/399/469
f 1681/427/1665 467/397/467 469/399/469
f 1679/426/1663 467/397/467 1681/427/1665
f 1679/426/1663 471/401/471 467/397/467
f 1677/424/1661 471/401/471 1679/426/1663
f 1677/424/1661 466/396/466 471/401/471
f 1672/422/1656 466/396/466 1677/424/1661
f 466/396/466 1672/422/1656 463/393/463
f 463/393/463 1672/422/1656 1673/423/1657
f 463/393/463 1673/423/1657 440/368/440
f 440/368/440 1673/423/1657 1674/413/1658
f 440/368/440 1674/413/1658 441/369/441
f 441/369/441 1674/413/1658 1676/414/1660
f 1676/414/1660 444/372/444 441/369/441
f 452/380/452 444/372/444 1676/414/1660
f 1666/1140/1650 452/380/452 1676/414/1660
f 454/382/454 452/380/452 1666/1140/1650
f 479/1144/479 454/382/454 1666/1140/1650
f 1665/1141/1649 1660/1142/1644 1658/1143/1642
f 1662/416/1646 1660/1142/1644 1665/1141/1649
f 1666/1140/1650 1662/416/1646 1665/1141/1649
f 1675/415/1659 1662/416/1646 1666/1140/1650
f 1676/414/1660 1675/415/1659 1666/1140/1650
f 651/1165/651 576/626/576 1682/627/1666
f 651/1165/651 1682/627/1666 650/1166/650
f 650/1166/650 1682/627/1666 1683/628/1667
f 650/1166/650 1683/628/1667 652/1167/652
f 652/1167/652 1683/628/1667 1684/629/1668
f 652/1167/652 1684/629/1668 653/1168/653
f 653/1168/653 1684/629/1668 1685/630/1669
f 653/1168/653 1685/630/1669 654/1169/654
f 654/1169/654 1685/630/1669 1686/631/1670
f 654/1169/654 1686/631/1670 655/1170/655
f 655/1170/655 1686/631/1670 1687/632/1671
f 1687/632/1671 656/1171/656 655/1170/655
f 1426/625/1416 656/1171/656 1687/632/1671
f 657/1172/657 656/1171/656 1426/625/1416
f 1688/1173/1672 1689/1174/1673 1690/1175/1674
f 1691/1176/1675 1689/1174/1673 1688/1173/1672
f 1691/1176/1675 1692/1177/1676 1689/1174/1673
f 1693/1178/1677 1692/1177/1676 1691/1176/1675
f 1694/1179/1678 1693/1178/1677 1691/1176/1675
f 1695/1180/1679 1694/1179/1678 1691/1176/1675
f 1695/1180/1679 1691/1176/1675 1696/1181/1680
f 1697/1182/1681 1695/1180/1679 1696/1181/1680
f 1696/1181/1680 1691/1176/1675 1688/1173/1672
f 1698/1183/1682 1695/1180/1679 1697/1182/1681
f 1698/1183/1682 1699/1184/1683 1695/1180/1679
f 1699/1184/1683 1694/1179/1678 1695/1180/1679
f 1699/1184/1683 1700/1185/1684 1694/1179/1678
f 1700/1185/1684 1693/1178/1677 1694/1179/1678
f 1700/1185/1684 1701/1186/1685 1693/1178/1677
f 1693/1178/1677 1701/1186/1685 1702/1187/1686
f 1693/1178/1677 1702/1187/1686 1692/1177/1676
f 1692/1177/1676 1702/1187/1686 1703/1188/1687
f 1692/1177/1676 1703/1188/1687 1689/1174/1673
f 1689/1174/1673 1703/1188/1687 1704/1189/1688
f 1689/1174/1673 1704/1189/1688 1690/1175/1674
f 1690/1175/1674 1704/1189/1688 1705/1190/1689
f 1706/7/1690 1707/16/1691 1708/17/1692
f 1709/8/1693 1707/16/1691 1706/7/1690
f 1707/16/1691 1709/8/1693 1710/15/1694
f 1709/8/1693 1711/9/1695 1710/15/1694
f 1710/15/1694 1711/9/1695 1712/15/1696
f 1712/15/1696 1711/9/1695 1713/14/1697
f 1713/14/1697 1711/9/1695 1714/10/1698
f 1715/13/1699 1713/14/1697 1714/10/1698
f 1714/10/1698 1716/12/1700 1715/13/1699
f 1717/4/1701 1716/12/1700 1714/10/1698
f 1717/4/1701 1718/11/1702 1716/12/1700
f 1719/5/1703 1718/11/1702 1717/4/1701
f 1711/9/1695 1720/1191/1704 1714/10/1698
f 1720/1191/1704 1711/9/1695 1709/8/1693
f 1720/1191/1704 1709/8/1693 1717/4/1701
f 1717/4/1701 1709/8/1693 1706/7/1690
f 1717/4/1701 1706/7/1690 1721/6/1705
f 1721/6/1705 1719/5/1703 1717/4/1701
f 1714/10/1698 1720/1191/1704 1717/4/1701
f 1576/1192/1562 576/441/576 651/1193/651
f 575/440/575 576/441/576 1576/1192/1562
f 1578/1194/1564 575/440/575 1576/1192/1562
f 567/432/567 575/440/575 1578/1194/1564
f 568/433/568 567/432/567 1578/1194/1564
f 1722/1195/1706 1723/1196/1707 1724/1197/1708
f 1724/1197/1708 1723/1196/1707 1725/1198/1709
f 1724/1197/1708 1725/1198/1709 1726/1199/1710
f 1727/1200/1711 1724/1197/1708 1726/1199/1710
f 1726/1199/1710 1728/1201/1712 1727/1200/1711
f 1727/1200/1711 1728/1201/1712 1729/1202/1713
f 1729/1202/1713 1728/1201/1712 1730/1203/1714
f 1729/1202/1713 1730/1203/1714 1731/1204/1715
f 1730/1203/1714 1732/1205/1716 1731/1204/1715
f 1733/1206/1717 1732/1205/1716 1730/1203/1714
f 1733/1206/1717 1734/1207/1718 1732/1205/1716
f 1735/1208/1719 1734/1207/1718 1733/1206/1717
f 1736/1209/1720 1735/1208/1719 1733/1206/1717
f 1736/1209/1720 1733/1206/1717 1730/1203/1714
f 1725/1198/1709 1728/1201/1712 1726/1199/1710
f 1728/1201/1712 1725/1198/1709 1737/1210/1721
f 1738/1211/1722 1739/1212/1723 1734/1207/1718
f 1735/1208/1719 1738/1211/1722 1734/1207/1718
f 1740/1213/1724 1738/1211/1722 1735/1208/1719
f 1741/1214/1725 1740/1213/1724 1735/1208/1719
f 1741/1214/1725 1735/1208/1719 1736/1209/1720
f 1742/1215/1726 1741/1214/1725 1736/1209/1720
f 1736/1209/1720 1743/1216/1727 1742/1215/1726
f 1742/1215/1726 1743/1216/1727 1744/1217/1728
f 1743/1216/1727 1745/1218/1729 1744/1217/1728
f 1744/1217/1728 1746/1219/1730 1742/1215/1726
f 1746/1219/1730 1747/1220/1731 1742/1215/1726
f 1747/1220/1731 1741/1214/1725 1742/1215/1726
f 1747/1220/1731 1740/1213/1724 1741/1214/1725
f 1745/1218/1729 1748/1221/1732 1749/1222/1733
f 1748/1221/1732 1750/1223/1734 1749/1222/1733
f 1748/1221/1732 1722/1195/1706 1750/1223/1734
f 1723/1196/1707 1722/1195/1706 1748/1221/1732
f 1725/1198/1709 1723/1196/1707 1748/1221/1732
f 1737/1210/1721 1725/1198/1709 1748/1221/1732
f 1737/1210/1721 1748/1221/1732 1745/1218/1729
f 1743/1216/1727 1737/1210/1721 1745/1218/1729
f 1736/1209/1720 1737/1210/1721 1743/1216/1727
f 1736/1209/1720 1728/1201/1712 1737/1210/1721
f 1730/1203/1714 1728/1201/1712 1736/1209/1720
f 1744/1217/1728 1745/1218/1729 1749/1216/1733
f 1751/1208/1735 1732/1205/1716 1734/1207/1718
f 1752/1206/1736 1732/1205/1716 1751/1208/1735
f 1753/1214/1737 1752/1206/1736 1751/1208/1735
f 1754/1209/1738 1752/1206/1736 1753/1214/1737
f 1755/1224/1739 1754/1209/1738 1753/1214/1737
f 1749/1216/1733 1754/1209/1738 1755/1224/1739
f 1756/1215/1740 1749/1216/1733 1755/1224/1739
f 1756/1215/1740 1744/1217/1728 1749/1216/1733
f 1757/1220/1741 1744/1217/1728 1756/1215/1740
f 1757/1220/1741 1746/1219/1730 1744/1217/1728
f 1746/1219/1730 1757/1220/1741 1758/1225/1742
f 1758/1225/1742 1705/1226/1689 1746/1219/1730
f 1705/1226/1689 1747/1220/1731 1746/1219/1730
f 1704/1225/1688 1747/1220/1731 1705/1226/1689
f 1740/1213/1724 1747/1220/1731 1704/1225/1688
f 1703/1227/1687 1740/1213/1724 1704/1225/1688
f 1738/1211/1722 1740/1213/1724 1703/1227/1687
f 1702/1228/1686 1738/1211/1722 1703/1227/1687
f 1755/1224/1739 1757/1220/1741 1756/1215/1740
f 1759/1213/1743 1757/1220/1741 1755/1224/1739
f 1753/1214/1737 1759/1213/1743 1755/1224/1739
f 1760/1211/1744 1759/1213/1743 1753/1214/1737
f 1751/1208/1735 1760/1211/1744 1753/1214/1737
f 1739/1212/1723 1760/1211/1744 1751/1208/1735
f 1734/1207/1718 1739/1212/1723 1751/1208/1735
f 1739/1212/1723 1738/1211/1722 1702/1228/1686
f 1701/1229/1685 1739/1212/1723 1702/1228/1686
f 1760/1211/1744 1739/1212/1723 1701/1229/1685
f 1761/1228/1745 1760/1211/1744 1701/1229/1685
f 1759/1213/1743 1760/1211/1744 1761/1228/1745
f 1762/1227/1746 1759/1213/1743 1761/1228/1745
f 1757/1220/1741 1759/1213/1743 1762/1227/1746
f 1758/1225/1742 1757/1220/1741 1762/1227/1746
f 692/455/691 1362/452/1357 694/456/693
f 1763/451/1747 1362/452/1357 692/455/691
f 691/457/621 1763/451/1747 692/455/691
f 1764/453/1748 1763/451/1747 691/457/621
f 691/457/621 690/458/690 1764/453/1748
f 690/458/690 1765/454/1749 1764/453/1748
f 690/458/690 707/450/706 1765/454/1749
f 1766/448/1750 707/450/706 706/449/705
f 707/450/706 1766/448/1750 1765/454/1749
f 1763/451/1747 1346/444/1341 1362/452/1357
f 1767/443/1751 1346/444/1341 1763/451/1747
f 1764/453/1748 1767/443/1751 1763/451/1747
f 1768/446/1752 1767/443/1751 1764/453/1748
f 1765/454/1749 1768/446/1752 1764/453/1748
f 1766/448/1750 1768/446/1752 1765/454/1749
f 1766/448/1750 709/447/708 1768/446/1752
f 709/447/708 1766/448/1750 706/449/705
f 1767/443/1751 713/442/712 1346/444/1341
f 711/445/710 713/442/712 1767/443/1751
f 1768/446/1752 711/445/710 1767/443/1751
f 709/447/708 711/445/710 1768/446/1752
f 1769/54/1753 1770/56/1754 1771/60/1755
f 1769/54/1753 1771/60/1755 1772/66/1756
f 1773/53/1757 1769/54/1753 1772/66/1756
f 1772/66/1756 1774/3/1758 1773/53/1757
f 1722/2/1706 1774/3/1758 1772/66/1756
f 1722/2/1706 1772/66/1756 1750/67/1734
f 1750/67/1734 1772/66/1756 1775/63/1759
f 1750/67/1734 1775/63/1759 1776/65/1760
f 1772/66/1756 1771/60/1755 1775/63/1759
f 1727/52/1711 1774/3/1758 1724/1/1708
f 1776/65/1760 1754/69/1738 1749/68/1733
f 1777/58/1761 1770/56/1754 1778/57/1762
f 1778/57/1762 1770/56/1754 1779/55/1763
f 1770/56/1754 1769/54/1753 1779/55/1763
f 1779/55/1763 1769/54/1753 1780/29/1764
f 1780/29/1764 1769/54/1753 1773/53/1757
f 1781/41/1765 1780/29/1764 1773/53/1757
f 1773/53/1757 1774/3/1758 1781/41/1765
f 1774/3/1758 1782/46/1766 1781/41/1765
f 1782/46/1766 1774/3/1758 1727/52/1711
f 1783/35/1767 1782/46/1766 1727/52/1711
f 1727/52/1711 1729/34/1713 1783/35/1767
f 1729/34/1713 1784/33/1768 1783/35/1767
f 1729/34/1713 1731/32/1715 1784/33/1768
f 1784/33/1768 1731/32/1715 1668/31/1652
f 1783/35/1767 1784/33/1768 1668/31/1652
f 1783/35/1767 1668/31/1652 1669/36/1653
f 1783/35/1767 1669/36/1653 1785/37/1769
f 1669/36/1653 1786/38/1770 1785/37/1769
f 1787/39/1771 1783/35/1767 1785/37/1769
f 1782/46/1766 1783/35/1767 1787/39/1771
f 1781/41/1765 1782/46/1766 1787/39/1771
f 1786/38/1770 1669/36/1653 1670/47/1654
f 1785/37/1769 1786/38/1770 1787/39/1771
f 1786/38/1770 1788/40/1772 1787/39/1771
f 1787/39/1771 1788/40/1772 1781/41/1765
f 1788/40/1772 1780/29/1764 1781/41/1765
f 1789/42/1773 1780/29/1764 1788/40/1772
f 1790/28/1774 1780/29/1764 1789/42/1773
f 1791/43/1775 1790/28/1774 1789/42/1773
f 1792/27/1776 1790/28/1774 1791/43/1775
f 1793/44/1777 1792/27/1776 1791/43/1775
f 1715/30/1699 1792/27/1776 1793/44/1777
f 1713/45/1697 1715/30/1699 1793/44/1777
f 1713/45/1697 1793/44/1777 1794/48/1778
f 1794/48/1778 1793/44/1777 1795/49/1779
f 1793/44/1777 1791/43/1775 1795/49/1779
f 1795/49/1779 1791/43/1775 1796/50/1780
f 1791/43/1775 1789/42/1773 1796/50/1780
f 1796/50/1780 1789/42/1773 1797/51/1781
f 1789/42/1773 1788/40/1772 1797/51/1781
f 1797/51/1781 1788/40/1772 1786/38/1770
f 1715/30/1699 1798/26/1782 1792/27/1776
f 1790/28/1774 1799/23/1783 1780/29/1764
f 1800/21/1784 1799/23/1783 1790/28/1774
f 1792/27/1776 1800/21/1784 1790/28/1774
f 1801/18/1785 1800/21/1784 1792/27/1776
f 1798/26/1782 1801/18/1785 1792/27/1776
f 1802/24/1786 1801/18/1785 1798/26/1782
f 1802/24/1786 1803/20/1787 1801/18/1785
f 1804/25/1788 1803/20/1787 1802/24/1786
f 1805/19/1789 1801/18/1785 1803/20/1787
f 1800/21/1784 1801/18/1785 1805/19/1789
f 1806/22/1790 1800/21/1784 1805/19/1789
f 1799/23/1783 1800/21/1784 1806/22/1790
f 1807/85/1791 1808/83/1792 1809/80/1793
f 1810/82/1794 1807/85/1791 1809/80/1793
f 1807/85/1791 1810/82/1794 1811/86/1795
f 1812/87/1796 1813/78/1797 1814/79/1798
f 1813/78/1797 1812/87/1796 1815/77/1799
f 1815/77/1799 1812/87/1796 1811/86/1795
f 1811/86/1795 1810/82/1794 1815/77/1799
f 1810/82/1794 1816/75/1800 1815/77/1799
f 1816/75/1800 1810/82/1794 1817/73/1801
f 1817/73/1801 1810/82/1794 1809/80/1793
f 1817/73/1801 1809/80/1793 1779/70/1763
f 1779/70/1763 1809/80/1793 1778/81/1762
f 1809/80/1793 1808/83/1792 1778/81/1762
f 1778/81/1762 1808/83/1792 1777/84/1761
f 1814/79/1798 1818/62/1802 1819/61/1803
f 1813/78/1797 1818/62/1802 1814/79/1798
f 1818/62/1802 1813/78/1797 1820/64/1804
f 1820/64/1804 1813/78/1797 1815/77/1799
f 1821/76/1805 1820/64/1804 1815/77/1799
f 1815/77/1799 1816/75/1800 1821/76/1805
f 1816/75/1800 1822/74/1806 1821/76/1805
f 1822/74/1806 1816/75/1800 1817/73/1801
f 1822/74/1806 1817/73/1801 1823/71/1807
f 1823/71/1807 1817/73/1801 1779/70/1763
f 1823/71/1807 1779/70/1763 1780/72/1764
f 1824/96/1808 1825/95/1809 1826/94/1810
f 1826/94/1810 1825/95/1809 1827/93/1811
f 1826/94/1810 1827/93/1811 1828/92/1812
f 1828/92/1812 1827/93/1811 1829/91/1813
f 1829/91/1813 1806/90/1790 1828/92/1812
f 1829/91/1813 1830/89/1814 1806/90/1790
f 1830/89/1814 1822/74/1806 1806/90/1790
f 1822/74/1806 1830/89/1814 1831/88/1815
f 1821/76/1805 1822/74/1806 1831/88/1815
f 1831/88/1815 1776/65/1760 1821/76/1805
f 1776/65/1760 1820/64/1804 1821/76/1805
f 1776/65/1760 1775/63/1759 1820/64/1804
f 1775/63/1759 1818/62/1802 1820/64/1804
f 1771/60/1755 1818/62/1802 1775/63/1759
f 1818/62/1802 1771/60/1755 1819/61/1803
f 1819/61/1803 1771/60/1755 1832/59/1816
f 1771/60/1755 1770/56/1754 1832/59/1816
f 1832/59/1816 1770/56/1754 1777/58/1761
f 1833/101/1817 1824/96/1808 1826/94/1810
f 1833/101/1817 1826/94/1810 1834/102/1818
f 1834/102/1818 1826/94/1810 1828/92/1812
f 1828/92/1812 1835/103/1819 1834/102/1818
f 1806/90/1790 1835/103/1819 1828/92/1812
f 1805/104/1789 1835/103/1819 1806/90/1790
f 1836/116/1820 1837/119/1821 1835/103/1819
f 1835/103/1819 1837/119/1821 1834/102/1818
f 1834/102/1818 1837/119/1821 1838/107/1822
f 1838/107/1822 1833/101/1817 1834/102/1818
f 1837/119/1821 1839/110/1823 1838/107/1822
f 1840/112/1824 1839/110/1823 1837/119/1821
f 1840/112/1824 1837/119/1821 1836/116/1820
f 1836/116/1820 1835/103/1819 1805/104/1789
f 1803/118/1787 1836/116/1820 1805/104/1789
f 1804/117/1788 1836/116/1820 1803/118/1787
f 1804/117/1788 1708/115/1692 1836/116/1820
f 1708/115/1692 1840/112/1824 1836/116/1820
f 1707/114/1691 1840/112/1824 1708/115/1692
f 1707/114/1691 1710/113/1694 1840/112/1824
f 1710/113/1694 1841/111/1825 1840/112/1824
f 1841/111/1825 1839/110/1823 1840/112/1824
f 1839/110/1823 1841/111/1825 1795/109/1779
f 1838/107/1822 1839/110/1823 1795/109/1779
f 1796/108/1780 1838/107/1822 1795/109/1779
f 1796/108/1780 1797/105/1781 1838/107/1822
f 1797/105/1781 1833/101/1817 1838/107/1822
f 1833/101/1817 1797/105/1781 1786/100/1770
f 1786/100/1770 1824/96/1808 1833/101/1817
f 1670/99/1654 1824/96/1808 1786/100/1770
f 1670/99/1654 1825/95/1809 1824/96/1808
f 1712/121/1696 1841/111/1825 1710/113/1694
f 1712/121/1696 1794/120/1778 1841/111/1825
f 1795/109/1779 1841/111/1825 1794/120/1778
f 1713/122/1697 1794/120/1778 1712/121/1696
f 1825/95/1809 1842/97/1826 1827/93/1811
f 1678/98/1662 1842/97/1826 1825/95/1809
f 1678/98/1662 1825/95/1809 1670/99/1654
f 1831/88/1815 1830/89/1814 1843/125/1827
f 1843/125/1827 1776/65/1760 1831/88/1815
f 1843/125/1827 1844/127/1828 1776/65/1760
f 1844/127/1828 1754/69/1738 1776/65/1760
f 1754/69/1738 1844/127/1828 1752/128/1736
f 1752/128/1736 1844/127/1828 1845/126/1829
f 1752/128/1736 1845/126/1829 1846/129/1830
f 1846/129/1830 1845/126/1829 1681/130/1665
f 1845/126/1829 1847/123/1831 1681/130/1665
f 1681/130/1665 1847/123/1831 1680/131/1664
f 1847/123/1831 1678/98/1662 1680/131/1664
f 1848/124/1832 1678/98/1662 1847/123/1831
f 1678/98/1662 1848/124/1832 1842/97/1826
f 1842/97/1826 1848/124/1832 1827/93/1811
f 1827/93/1811 1848/124/1832 1829/91/1813
f 1848/124/1832 1830/89/1814 1829/91/1813
f 1830/89/1814 1848/124/1832 1843/125/1827
f 1843/125/1827 1848/124/1832 1847/123/1831
f 1845/126/1829 1843/125/1827 1847/123/1831
f 1844/127/1828 1843/125/1827 1845/126/1829
f 1732/132/1716 1752/128/1736 1846/129/1830
f 1849/1176/1833 1850/1173/1834 1851/1174/1835
f 1852/1177/1836 1849/1176/1833 1851/1174/1835
f 1853/1178/1837 1849/1176/1833 1852/1177/1836
f 1853/1178/1837 1854/1179/1838 1849/1176/1833
f 1854/1179/1838 1855/1180/1839 1849/1176/1833
f 1855/1180/1839 1856/1181/1840 1849/1176/1833
f 1855/1180/1839 1857/1182/1841 1856/1181/1840
f 1849/1176/1833 1856/1181/1840 1850/1173/1834
f 1851/1174/1835 1850/1173/1834 1858/1175/1842
f 1851/1174/1835 1858/1175/1842 1859/1189/1843
f 1860/1188/1844 1851/1174/1835 1859/1189/1843
f 1852/1177/1836 1851/1174/1835 1860/1188/1844
f 1860/1188/1844 1861/1187/1845 1852/1177/1836
f 1861/1187/1845 1853/1178/1837 1852/1177/1836
f 1861/1187/1845 1862/1186/1846 1853/1178/1837
f 1862/1186/1846 1863/1185/1847 1853/1178/1837
f 1863/1185/1847 1854/1179/1838 1853/1178/1837
f 1863/1185/1847 1864/1184/1848 1854/1179/1838
f 1864/1184/1848 1855/1180/1839 1854/1179/1838
f 1864/1184/1848 1865/1183/1849 1855/1180/1839
f 1865/1183/1849 1857/1182/1841 1855/1180/1839
f 1859/1189/1843 1858/1175/1842 1866/1190/1850
f 1867/471/1851 1868/1093/1852 1869/472/1853
f 1867/471/1851 1870/1092/1854 1868/1093/1852
f 1867/471/1851 1871/469/1855 1870/1092/1854
f 1871/469/1855 1872/1091/1856 1870/1092/1854
f 1873/467/1857 1872/1091/1856 1871/469/1855
f 1872/1091/1856 1873/467/1857 715/1090/714
f 715/1090/714 1873/467/1857 1397/466/1390
f 1862/1186/1846 1874/1187/1858 1863/1185/1847
f 1874/1187/1858 1875/1178/1859 1863/1185/1847
f 1875/1178/1859 1864/1184/1848 1863/1185/1847
f 1875/1178/1859 1876/1179/1860 1864/1184/1848
f 1876/1179/1860 1865/1183/1849 1864/1184/1848
f 1865/1183/1849 1876/1179/1860 1877/1180/1861
f 1857/1182/1841 1865/1183/1849 1877/1180/1861
f 1857/1182/1841 1877/1180/1861 1856/1181/1840
f 1856/1181/1840 1877/1180/1861 1850/1173/1834
f 1877/1180/1861 1878/1230/1862 1850/1173/1834
f 1850/1173/1834 1878/1230/1862 1858/1175/1842
f 1878/1230/1862 1879/1174/1863 1858/1175/1842
f 1858/1175/1842 1879/1174/1863 1866/1190/1850
f 1880/1189/1864 1866/1190/1850 1879/1174/1863
f 1879/1174/1863 1881/1177/1865 1880/1189/1864
f 1880/1189/1864 1881/1177/1865 1882/1188/1866
f 1882/1188/1866 1881/1177/1865 1875/1178/1859
f 1874/1187/1858 1882/1188/1866 1875/1178/1859
f 1881/1177/1865 1876/1179/1860 1875/1178/1859
f 1878/1230/1862 1881/1177/1865 1879/1174/1863
f 1876/1179/1860 1881/1177/1865 1878/1230/1862
f 1877/1180/1861 1876/1179/1860 1878/1230/1862
f 764/625/759 1381/1171/1376 1382/1172/1377
f 771/632/766 1381/1171/1376 764/625/759
f 1381/1171/1376 771/632/766 1380/1170/1375
f 1380/1170/1375 771/632/766 770/631/765
f 1380/1170/1375 770/631/765 1379/1169/1374
f 1379/1169/1374 770/631/765 769/630/764
f 1379/1169/1374 769/630/764 1378/1168/1373
f 1378/1168/1373 769/630/764 768/629/763
f 1378/1168/1373 768/629/763 1377/1167/1372
f 1377/1167/1372 768/629/763 767/628/762
f 1377/1167/1372 767/628/762 1376/1166/1371
f 1376/1166/1371 767/628/762 766/627/761
f 1376/1166/1371 766/627/761 704/1165/703
f 704/1165/703 766/627/761 765/626/760
f 52/14/52 37/13/37 1883/10/1867
f 37/13/37 1884/12/1868 1883/10/1867
f 1884/12/1868 1885/4/1869 1883/10/1867
f 1884/12/1868 1886/11/1870 1885/4/1869
f 1886/11/1870 1887/5/1871 1885/4/1869
f 1885/4/1869 1887/5/1871 1888/6/1872
f 1889/7/1873 1885/4/1869 1888/6/1872
f 102/17/102 101/16/101 1889/7/1873
f 101/16/101 1890/8/1874 1889/7/1873
f 1890/8/1874 1885/4/1869 1889/7/1873
f 1885/4/1869 1890/8/1874 1891/1191/1875
f 1883/10/1867 1885/4/1869 1891/1191/1875
f 1892/9/1876 1883/10/1867 1891/1191/1875
f 52/14/52 1883/10/1867 1892/9/1876
f 105/15/105 52/14/52 1892/9/1876
f 1892/9/1876 100/15/100 105/15/105
f 1890/8/1874 100/15/100 1892/9/1876
f 101/16/101 100/15/100 1890/8/1874
f 1891/1191/1875 1890/8/1874 1892/9/1876
f 1887/5/1871 1893/4/1877 1888/6/1872
f 1888/6/1872 1893/4/1877 1889/7/1873
f 1893/4/1877 1894/8/1878 1889/7/1873
f 1889/7/1873 1894/8/1878 102/17/102
f 32/16/32 102/17/102 1894/8/1878
f 1894/8/1878 1895/9/1879 32/16/32
f 32/16/32 1895/9/1879 31/15/31
f 1895/9/1879 1896/10/1880 31/15/31
f 31/15/31 1896/10/1880 33/14/33
f 33/14/33 1896/10/1880 1884/12/1868
f 37/13/37 33/14/33 1884/12/1868
f 1896/10/1880 1886/11/1870 1884/12/1868
f 1886/11/1870 1896/10/1880 1893/4/1877
f 1896/10/1880 1895/9/1879 1893/4/1877
f 1893/4/1877 1895/9/1879 1894/8/1878
f 1887/5/1871 1886/11/1870 1893/4/1877
f 765/441/760 748/439/743 1897/440/1881
f 748/439/743 750/438/745 1898/431/1882
f 748/439/743 1898/431/1882 1897/440/1881
f 1897/440/1881 1898/431/1882 1899/432/1883
f 1898/431/1882 1900/430/1884 1899/432/1883
f 1899/432/1883 1900/430/1884 697/433/696
f 1900/430/1884 1901/434/1885 697/433/696
f 697/433/696 1901/434/1885 698/435/697
f 1900/430/1884 1902/436/1886 1901/434/1885
f 1903/437/1887 1902/436/1886 1900/430/1884
f 1898/431/1882 1903/437/1887 1900/430/1884
f 750/438/745 1903/437/1887 1898/431/1882
f 700/1194/699 1899/432/1883 697/433/696
f 1897/440/1881 1899/432/1883 700/1194/699
f 702/1192/701 1897/440/1881 700/1194/699
f 765/441/760 1897/440/1881 702/1192/701
f 704/1193/703 765/441/760 702/1192/701
f 1904/1208/1888 1905/1206/1889 1906/1207/1890
f 1907/1211/1891 1904/1208/1888 1906/1207/1890
f 1908/1213/1892 1904/1208/1888 1907/1211/1891
f 1907/1211/1891 1906/1207/1890 1909/1212/1893
f 1906/1207/1890 1905/1206/1889 115/1205/115
f 1861/1228/1845 1909/1212/1893 1862/1229/1846
f 1861/1228/1845 1907/1211/1891 1909/1212/1893
f 1860/1227/1844 1907/1211/1891 1861/1228/1845
f 1860/1227/1844 1908/1213/1892 1907/1211/1891
f 1859/1225/1843 1908/1213/1892 1860/1227/1844
f 115/1205/115 1910/1203/1894 39/1204/39
f 1905/1206/1889 1910/1203/1894 115/1205/115
f 1905/1206/1889 1911/1209/1895 1910/1203/1894
f 1904/1208/1888 1911/1209/1895 1905/1206/1889
f 1912/1214/1896 1911/1209/1895 1904/1208/1888
f 1908/1213/1892 1912/1214/1896 1904/1208/1888
f 1913/1220/1897 1912/1214/1896 1908/1213/1892
f 1859/1225/1843 1913/1220/1897 1908/1213/1892
f 1866/1226/1850 1913/1220/1897 1859/1225/1843
f 1866/1226/1850 1914/1219/1898 1913/1220/1897
f 1866/1226/1850 1880/1225/1864 1914/1219/1898
f 1880/1225/1864 1915/1220/1899 1914/1219/1898
f 1882/1227/1866 1915/1220/1899 1880/1225/1864
f 1916/1213/1900 1915/1220/1899 1882/1227/1866
f 1874/1228/1858 1916/1213/1900 1882/1227/1866
f 1916/1213/1900 1874/1228/1858 1917/1211/1901
f 1917/1211/1901 1874/1228/1858 1862/1229/1846
f 1862/1229/1846 1909/1212/1893 1917/1211/1901
f 1909/1212/1893 1906/1207/1890 1918/1208/1902
f 1909/1212/1893 1918/1208/1902 1917/1211/1901
f 1917/1211/1901 1918/1208/1902 1919/1214/1903
f 1919/1214/1903 1916/1213/1900 1917/1211/1901
f 1920/1224/1904 1916/1213/1900 1919/1214/1903
f 1920/1224/1904 1915/1220/1899 1916/1213/1900
f 1921/1215/1905 1915/1220/1899 1920/1224/1904
f 72/1216/72 1920/1224/1904 73/1209/73
f 73/1209/73 1920/1224/1904 1919/1214/1903
f 1919/1214/1903 111/1206/111 73/1209/73
f 1918/1208/1902 111/1206/111 1919/1214/1903
f 1918/1208/1902 115/1205/115 111/1206/111
f 1906/1207/1890 115/1205/115 1918/1208/1902
f 1922/1218/1906 1923/1217/1907 72/1216/72
f 1923/1217/1907 1924/1216/1908 1925/1215/1909
f 1924/1216/1908 1923/1217/1907 1922/1218/1906
f 1926/1221/1910 1922/1218/1906 72/1222/72
f 71/1223/71 1926/1221/1910 72/1222/72
f 2/1195/2 1926/1221/1910 71/1223/71
f 1927/1196/1911 1926/1221/1910 2/1195/2
f 1927/1196/1911 1928/1198/1912 1926/1221/1910
f 1928/1198/1912 1929/1210/1913 1926/1221/1910
f 1929/1210/1913 1922/1218/1906 1926/1221/1910
f 1929/1210/1913 1924/1216/1908 1922/1218/1906
f 1911/1209/1895 1924/1216/1908 1929/1210/1913
f 1925/1215/1909 1924/1216/1908 1911/1209/1895
f 1925/1215/1909 1911/1209/1895 1912/1214/1896
f 1913/1220/1897 1925/1215/1909 1912/1214/1896
f 1914/1219/1898 1925/1215/1909 1913/1220/1897
f 1914/1219/1898 1923/1217/1907 1925/1215/1909
f 1914/1219/1898 1915/1220/1899 1923/1217/1907
f 1915/1220/1899 1921/1215/1905 1923/1217/1907
f 1923/1217/1907 1921/1215/1905 72/1216/72
f 72/1216/72 1921/1215/1905 1920/1224/1904
f 1910/1203/1894 41/1202/41 39/1204/39
f 41/1202/41 1910/1203/1894 1930/1201/1914
f 1910/1203/1894 1911/1209/1895 1930/1201/1914
f 1930/1201/1914 1911/1209/1895 1929/1210/1913
f 1930/1201/1914 1929/1210/1913 1928/1198/1912
f 1931/1199/1915 1930/1201/1914 1928/1198/1912
f 59/1200/59 1930/1201/1914 1931/1199/1915
f 1/1197/1 59/1200/59 1931/1199/1915
f 1/1197/1 1931/1199/1915 1928/1198/1912
f 1/1197/1 1928/1198/1912 1927/1196/1911
f 2/1195/2 1/1197/1 1927/1196/1911
f 59/1200/59 41/1202/41 1930/1201/1914
f 1932/9/1916 1933/4/1917 1934/8/1918
f 1935/10/1919 1933/4/1917 1932/9/1916
f 1718/11/1702 1933/4/1917 1935/10/1919
f 1718/11/1702 1935/10/1919 1716/12/1700
f 1719/5/1703 1933/4/1917 1718/11/1702
f 1933/4/1917 1719/5/1703 1721/6/1705
f 1706/7/1690 1933/4/1917 1721/6/1705
f 1933/4/1917 1706/7/1690 1934/8/1918
f 1934/8/1918 1706/7/1690 1708/17/1692
f 1708/17/1692 1804/16/1788 1934/8/1918
f 1934/8/1918 1804/16/1788 1932/9/1916
f 1932/9/1916 1804/16/1788 1802/15/1786
f 1802/15/1786 1935/10/1919 1932/9/1916
f 1798/14/1782 1935/10/1919 1802/15/1786
f 1716/12/1700 1935/10/1919 1798/14/1782
f 1798/14/1782 1715/13/1699 1716/12/1700
f 714/1054/713 740/1048/735 1936/1053/1920
f 740/1048/735 743/1047/738 1937/1046/1921
f 740/1048/735 1937/1046/1921 1936/1053/1920
f 1936/1053/1920 1937/1046/1921 1938/1055/1922
f 1937/1046/1921 1939/1050/1923 1938/1055/1922
f 1938/1055/1922 1939/1050/1923 1868/1056/1852
f 1939/1050/1923 1940/1052/1924 1868/1056/1852
f 1868/1056/1852 1940/1052/1924 1869/1057/1853
f 1939/1050/1923 1941/1051/1925 1940/1052/1924
f 1942/1049/1926 1941/1051/1925 1939/1050/1923
f 1937/1046/1921 1942/1049/1926 1939/1050/1923
f 743/1047/738 1942/1049/1926 1937/1046/1921
f 1870/1231/1854 1938/1055/1922 1868/1056/1852
f 1936/1053/1920 1938/1055/1922 1870/1231/1854
f 1872/1232/1856 1936/1053/1920 1870/1231/1854
f 714/1054/713 1936/1053/1920 1872/1232/1856
f 715/1233/714 714/1054/713 1872/1232/1856
f 1943/4/1927 1944/7/1928 1945/6/1929
f 1945/6/1929 1946/5/1930 1943/4/1927
f 1944/7/1928 1807/16/1791 1811/17/1795
f 1947/8/1931 1807/16/1791 1944/7/1928
f 1943/4/1927 1947/8/1931 1944/7/1928
f 1948/9/1932 1947/8/1931 1943/4/1927
f 1949/10/1933 1948/9/1932 1943/4/1927
f 1777/14/1761 1948/9/1932 1949/10/1933
f 1832/13/1816 1777/14/1761 1949/10/1933
f 1949/10/1933 1950/12/1934 1832/13/1816
f 1943/4/1927 1950/12/1934 1949/10/1933
f 1943/4/1927 1951/11/1935 1950/12/1934
f 1946/5/1930 1951/11/1935 1943/4/1927
f 1947/8/1931 1808/15/1792 1807/16/1791
f 1948/9/1932 1808/15/1792 1947/8/1931
f 1808/15/1792 1948/9/1932 1777/14/1761
f 1819/14/1803 1832/13/1816 1950/12/1934
f 1950/12/1934 1952/10/1936 1819/14/1803
f 1951/11/1935 1952/10/1936 1950/12/1934
f 1951/11/1935 1953/4/1937 1952/10/1936
f 1952/10/1936 1953/4/1937 1954/9/1938
f 1954/9/1938 1953/4/1937 1955/8/1939
f 1955/8/1939 1812/16/1796 1954/9/1938
f 1811/17/1795 1812/16/1796 1955/8/1939
f 1955/8/1939 1944/7/1928 1811/17/1795
f 1953/4/1937 1944/7/1928 1955/8/1939
f 1944/7/1928 1953/4/1937 1945/6/1929
f 1953/4/1937 1946/5/1930 1945/6/1929
f 1954/9/1938 1812/16/1796 1814/15/1798
f 1814/15/1798 1952/10/1936 1954/9/1938
f 1819/14/1803 1952/10/1936 1814/15/1798
f 1946/5/1930 1953/4/1937 1951/11/1935
f 1940/474/1924 1956/470/1940 1869/475/1853
f 1940/474/1924 1941/473/1925 1956/470/1940
f 1957/468/592 1956/470/1940 1941/473/1925
f 1941/473/1925 1958/465/1941 1957/468/592
f 1942/462/1926 1958/465/1941 1941/473/1925
f 1396/463/1389 1942/462/1926 743/464/738
f 1958/465/1941 1942/462/1926 1396/463/1389
f 1397/466/1390 1958/465/1941 1396/463/1389
f 1873/467/1857 1958/465/1941 1397/466/1390
f 1958/465/1941 1873/467/1857 1957/468/592
f 1957/468/592 1873/467/1857 1871/469/1855
f 1871/469/1855 1956/470/1940 1957/468/592
f 1956/470/1940 1871/469/1855 1867/471/1851
f 1869/472/1853 1956/470/1940 1867/471/1851
f 1687/632/1671 1428/622/1418 1426/625/1416
f 1686/631/1670 1428/622/1418 1687/632/1671
f 1686/631/1670 1959/620/1942 1428/622/1418
f 1685/630/1669 1959/620/1942 1686/631/1670
f 1685/630/1669 1960/618/1943 1959/620/1942
f 1684/629/1668 1960/618/1943 1685/630/1669
f 1684/629/1668 1961/616/1944 1960/618/1943
f 1683/628/1667 1961/616/1944 1684/629/1668
f 1683/628/1667 1962/614/1945 1961/616/1944
f 1682/627/1666 1962/614/1945 1683/628/1667
f 1682/627/1666 1963/612/1946 1962/614/1945
f 576/626/576 1963/612/1946 1682/627/1666
f 574/609/574 1963/612/1946 576/626/576
f 1427/624/1417 1428/622/1418 643/623/643
f 643/623/643 1428/622/1418 642/621/642
f 1428/622/1418 1959/620/1942 642/621/642
f 642/621/642 1959/620/1942 630/619/630
f 1959/620/1942 1960/618/1943 630/619/630
f 630/619/630 1960/618/1943 631/617/631
f 1960/618/1943 1961/616/1944 631/617/631
f 631/617/631 1961/616/1944 633/615/633
f 1961/616/1944 1962/614/1945 633/615/633
f 633/615/633 1962/614/1945 635/613/635
f 1962/614/1945 1963/612/1946 635/613/635
f 635/613/635 1963/612/1946 637/610/637
f 1963/612/1946 574/609/574 637/610/637
f 637/610/637 574/609/574 573/611/573
f 1964/1234/1947 1965/1235/1948 1966/1236/1949
f 1967/1178/1950 1700/1185/1684 1699/1184/1683
f 1968/1179/1951 1967/1178/1950 1699/1184/1683
f 1969/1177/1952 1967/1178/1950 1968/1179/1951
f 1969/1177/1952 1968/1179/1951 1970/1230/1953
f 1971/1174/1954 1969/1177/1952 1970/1230/1953
f 1970/1230/1953 1968/1179/1951 1972/1180/1955
f 1968/1179/1951 1699/1184/1683 1698/1183/1682
f 1968/1179/1951 1698/1183/1682 1972/1180/1955
f 1972/1180/1955 1698/1183/1682 1697/1182/1681
f 1697/1182/1681 1696/1181/1680 1972/1180/1955
f 1972/1180/1955 1696/1181/1680 1688/1173/1672
f 1972/1180/1955 1688/1173/1672 1970/1230/1953
f 1970/1230/1953 1688/1173/1672 1690/1175/1674
f 1970/1230/1953 1690/1175/1674 1971/1174/1954
f 1971/1174/1954 1690/1175/1674 1705/1190/1689
f 1705/1190/1689 1758/1189/1742 1971/1174/1954
f 1758/1189/1742 1969/1177/1952 1971/1174/1954
f 1762/1188/1746 1969/1177/1952 1758/1189/1742
f 1969/1177/1952 1762/1188/1746 1967/1178/1950
f 1967/1178/1950 1762/1188/1746 1761/1187/1745
f 1967/1178/1950 1761/1187/1745 1700/1185/1684
f 1700/1185/1684 1761/1187/1745 1701/1186/1685
f 1965/1235/1948 1973/1237/1956 1966/1236/1949
f 1396/1034/1389 743/1164/738 1394/1032/1387
f 1394/1032/1387 743/1164/738 741/1163/736
f 1394/1032/1387 741/1163/736 1392/1030/1385
f 1392/1030/1385 741/1163/736 742/1162/737
f 1392/1030/1385 742/1162/737 1390/1028/1383
f 1390/1028/1383 742/1162/737 747/1161/742
f 1390/1028/1383 747/1161/742 1388/1026/666
f 1388/1026/666 747/1161/742 746/1160/741
f 746/1160/741 1386/1024/668 1388/1026/666
f 745/1159/740 1386/1024/668 746/1160/741
f 1385/1023/1380 1386/1024/668 745/1159/740
f 744/1158/739 1385/1023/1380 745/1159/740
f 1382/506/1377 1385/1023/1380 744/1158/739
f 744/1158/739 764/1157/759 1382/506/1377
f 1004/805/999 1005/806/1000 1559/1121/1545
f 1005/806/1000 1010/811/1005 1559/1121/1545
f 1559/1121/1545 1010/811/1005 1560/1123/1546
f 1010/811/1005 1022/823/1017 1560/1123/1546
f 1560/1123/1546 1022/823/1017 1561/1125/1547
f 1561/1125/1547 1022/823/1017 1974/915/1957
f 1561/1125/1547 1974/915/1957 1562/1127/1548
f 1562/1127/1548 1974/915/1957 1975/914/1958
f 1562/1127/1548 1975/914/1958 1563/1129/1549
f 1563/1129/1549 1975/914/1958 1564/1131/1550
f 1077/878/1072 1020/821/1015 1073/874/1068
f 1023/824/1018 1020/821/1015 1077/878/1072
f 1078/879/1073 1023/824/1018 1077/878/1072
f 1078/879/1073 1022/823/1017 1023/824/1018
f 1100/901/1095 1022/823/1017 1078/879/1073
f 1022/823/1017 1100/901/1095 1974/915/1957
f 1974/915/1957 1100/901/1095 1101/902/1096
f 1974/915/1957 1101/902/1096 1975/914/1958
f 1975/914/1958 1101/902/1096 1114/913/1109
f 1975/914/1958 1114/913/1109 1564/1131/1550
f 1564/1131/1550 1114/913/1109 1116/914/1111
f 1116/914/1111 1565/1129/1551 1564/1131/1550
f 1565/1129/1551 1116/914/1111 1566/1127/1552
f 1566/1127/1552 1116/914/1111 1117/915/1112
f 1566/1127/1552 1117/915/1112 1567/1125/1553
f 1567/1125/1553 1117/915/1112 1119/823/1114
f 1119/823/1114 1568/1123/1554 1567/1125/1553
f 1139/811/1134 1568/1123/1554 1119/823/1114
f 1568/1123/1554 1139/811/1134 1569/1121/1555
f 1569/1121/1555 1139/811/1134 1125/806/1120
f 1125/806/1120 1570/805/1556 1569/1121/1555
f 1184/804/1179 1570/805/1556 1125/806/1120
f 1184/804/1179 1572/803/1558 1570/805/1556
f 1976/802/1959 1572/803/1558 1184/804/1179
f 1976/802/1959 1574/801/1560 1572/803/1558
f 1977/799/1960 1574/801/1560 1976/802/1959
f 1977/799/1960 1528/800/1514 1574/801/1560
f 1977/799/1960 827/743/822 1528/800/1514
f 1978/798/1961 827/743/822 1977/799/1960
f 1978/798/1961 890/737/885 827/743/822
f 1979/791/1962 890/737/885 1978/798/1961
f 890/737/885 1979/791/1962 891/738/886
f 891/738/886 1979/791/1962 1200/797/1195
f 1212/796/1207 891/738/886 1200/797/1195
f 1200/797/1195 1187/919/1182 1212/796/1207
f 1187/919/1182 1186/918/1181 1212/796/1207
f 1200/797/1195 1979/791/1962 1978/798/1961
f 1189/812/1184 1200/797/1195 1978/798/1961
f 1189/812/1184 1978/798/1961 1980/813/1963
f 1980/813/1963 1978/798/1961 1977/799/1960
f 1977/799/1960 1981/814/1964 1980/813/1963
f 1977/799/1960 1982/815/1965 1981/814/1964
f 1982/815/1965 1977/799/1960 1983/816/1966
f 1983/816/1966 1977/799/1960 1976/802/1959
f 1983/816/1966 1976/802/1959 1183/817/1178
f 1183/817/1178 1976/802/1959 1184/804/1179
f 1199/827/1194 1983/816/1966 1183/817/1178
f 1984/828/1967 1983/816/1966 1199/827/1194
f 1984/828/1967 1982/815/1965 1983/816/1966
f 1985/829/1968 1982/815/1965 1984/828/1967
f 1981/814/1964 1982/815/1965 1985/829/1968
f 1981/814/1964 1985/829/1968 1986/830/1969
f 1980/813/1963 1981/814/1964 1986/830/1969
f 1987/831/1970 1980/813/1963 1986/830/1969
f 1987/831/1970 1189/812/1184 1980/813/1963
f 1191/832/1186 1189/812/1184 1987/831/1970
f 1623/840/1609 1191/832/1186 1987/831/1970
f 1628/854/1614 1191/832/1186 1623/840/1609
f 1191/832/1186 1628/854/1614 1192/834/1187
f 1192/834/1187 1628/854/1614 1194/836/1189
f 1628/854/1614 1610/853/1596 1194/836/1189
f 1194/836/1189 1610/853/1596 1195/838/1190
f 1610/853/1596 1609/852/1595 1195/838/1190
f 1195/838/1190 1609/852/1595 1196/850/1191
f 1609/852/1595 1613/851/1599 1196/850/1191
f 1196/850/1191 1613/851/1599 1614/848/1600
f 1614/848/1600 1197/849/1192 1196/850/1191
f 1614/848/1600 1198/826/1193 1197/849/1192
f 1615/847/1601 1198/826/1193 1614/848/1600
f 1615/847/1601 1199/827/1194 1198/826/1193
f 1619/846/1605 1199/827/1194 1615/847/1601
f 1619/846/1605 1984/828/1967 1199/827/1194
f 1618/845/1604 1984/828/1967 1619/846/1605
f 1618/845/1604 1985/829/1968 1984/828/1967
f 1627/844/1613 1985/829/1968 1618/845/1604
f 1986/830/1969 1985/829/1968 1627/844/1613
f 1627/844/1613 1626/843/1612 1986/830/1969
f 1626/843/1612 1625/842/1611 1986/830/1969
f 1986/830/1969 1625/842/1611 1987/831/1970
f 1625/842/1611 1624/841/1610 1987/831/1970
f 1987/831/1970 1624/841/1610 1623/840/1609
f 1156/825/1151 1157/863/1152 1166/819/1161
f 1988/820/1971 1156/825/1151 1166/819/1161
f 1166/819/1161 1127/808/1122 1988/820/1971
f 1127/808/1122 1126/809/1121 1988/820/1971
f 1126/809/1121 1129/821/1124 1988/820/1971
f 1988/820/1971 1129/821/1124 1156/825/1151
f 1989/725/1972 974/724/969 989/728/984
f 865/718/860 974/724/969 1989/725/1972
f 1990/726/1973 865/718/860 1989/725/1972
f 867/719/862 865/718/860 1990/726/1973
f 1991/1238/1974 867/719/862 1990/726/1973
f 1992/1239/1975 867/719/862 1991/1238/1974
f 1993/1240/1976 1992/1239/1975 1991/1238/1974
f 1994/1241/1977 1992/1239/1975 1993/1240/1976
f 1995/1242/1978 1994/1241/1977 1993/1240/1976
f 1994/1241/1977 1995/1242/1978 1996/1243/1979
f 1996/1243/1979 1995/1242/1978 1997/1241/1980
f 1997/1241/1980 1998/1244/1981 1996/1243/1979
f 1999/1239/1982 1998/1244/1981 1997/1241/1980
f 1998/1244/1981 1999/1239/1982 872/1245/867
f 872/1245/867 1999/1239/1982 873/719/868
f 1999/1239/1982 2000/1238/1983 873/719/868
f 2000/1238/1983 879/726/874 873/719/868
f 879/726/874 2000/1238/1983 880/727/875
f 871/1246/866 1998/1244/1981 872/1245/867
f 1996/1243/1979 1998/1244/1981 871/1246/866
f 1996/1243/1979 871/1246/866 2001/1244/1984
f 2001/1244/1984 1994/1241/1977 1996/1243/1979
f 1992/1239/1975 1994/1241/1977 2001/1244/1984
f 869/1245/864 1992/1239/1975 2001/1244/1984
f 867/719/862 1992/1239/1975 869/1245/864
f 2001/1244/1984 871/1246/866 869/1245/864
f 2000/1238/1983 2002/1247/1985 880/727/875
f 2003/1240/1986 2002/1247/1985 2000/1238/1983
f 2003/1240/1986 2000/1238/1983 1999/1239/1982
f 1997/1241/1980 2003/1240/1986 1999/1239/1982
f 1995/1242/1978 2003/1240/1986 1997/1241/1980
f 2003/1240/1986 1995/1242/1978 2004/1248/1987
f 2004/1248/1987 1995/1242/1978 1993/1240/1976
f 2005/676/1988 989/728/984 988/674/983
f 2006/727/1989 989/728/984 2005/676/1988
f 2007/678/1990 2006/727/1989 2005/676/1988
f 2008/1247/1991 2006/727/1989 2007/678/1990
f 2009/680/1992 2008/1247/1991 2007/678/1990
f 1993/1240/1976 2008/1247/1991 2009/680/1992
f 2010/682/1993 1993/1240/1976 2009/680/1992
f 2004/1248/1987 1993/1240/1976 2010/682/1993
f 2011/1249/1994 2004/1248/1987 2010/682/1993
f 815/682/810 2004/1248/1987 2011/1249/1994
f 815/682/810 2003/1240/1986 2004/1248/1987
f 813/680/808 2003/1240/1986 815/682/810
f 813/680/808 2002/1247/1985 2003/1240/1986
f 811/678/806 2002/1247/1985 813/680/808
f 2002/1247/1985 811/678/806 880/727/875
f 880/727/875 811/678/806 809/676/804
f 880/727/875 809/676/804 881/728/876
f 881/728/876 809/676/804 807/674/802
f 1991/1238/1974 2008/1247/1991 1993/1240/1976
f 2006/727/1989 2008/1247/1991 1991/1238/1974
f 1990/726/1973 2006/727/1989 1991/1238/1974
f 1989/725/1972 2006/727/1989 1990/726/1973
f 989/728/984 2006/727/1989 1989/725/1972
f 1966/1236/1949 1973/1237/1956 1964/1250/1947
f 1544/1232/1530 1401/1054/1394 1400/1233/1393
f 1453/1053/1439 1401/1054/1394 1544/1232/1530
f 1545/1231/1531 1453/1053/1439 1544/1232/1530
f 1454/1055/1440 1453/1053/1439 1545/1231/1531
f 1455/1056/1441 1454/1055/1440 1545/1231/1531
f 2012/1234/1995 2013/1235/1996 2014/1236/1997
f 1363/1138/1358 1903/1134/1887 750/1139/745
f 2015/1133/1998 1903/1134/1887 1363/1138/1358
f 705/561/704 2015/1133/1998 1363/1138/1358
f 703/559/702 2015/1133/1998 705/561/704
f 2015/1133/1998 703/559/702 2016/1135/1999
f 2016/1135/1999 703/559/702 701/557/700
f 701/557/700 2017/1136/2000 2016/1135/1999
f 2017/1136/2000 701/557/700 699/555/698
f 698/554/697 2017/1136/2000 699/555/698
f 1901/1137/1885 2017/1136/2000 698/554/697
f 1901/1137/1885 1902/1132/1886 2017/1136/2000
f 2016/1135/1999 2017/1136/2000 1902/1132/1886
f 1902/1132/1886 2015/1133/1998 2016/1135/1999
f 1903/1134/1887 2015/1133/1998 1902/1132/1886
f 2013/1235/1996 2018/1237/2001 2014/1236/1997
f 1799/106/1783 1823/71/1807 1780/72/1764
f 1822/74/1806 1823/71/1807 1799/106/1783
f 1806/90/1790 1822/74/1806 1799/106/1783
f 2014/1236/1997 2018/1237/2001 2012/1250/1995
f 71/67/71 72/68/72 69/65/69
f 2019/1234/2002 2020/1235/2003 2021/1236/2004
f 1724/1/1708 1774/3/1758 1722/2/1706
f 2020/1235/2003 2022/1237/2005 2021/1236/2004
f 1749/68/1733 1750/67/1734 1776/65/1760
f 2021/1236/2004 2022/1237/2005 2019/1250/2002
f 1846/129/1830 1731/32/1715 1732/132/1716
f 1668/31/1652 1731/32/1715 1846/129/1830
f 1668/31/1652 1846/129/1830 1667/133/1651
f 1667/133/1651 1846/129/1830 1681/130/1665
f 2023/1234/2006 2024/1235/2007 2025/1236/2008
f 2026/1251/2009 2027/1252/2010 2028/1253/2011
f 2024/1235/2007 2029/1237/2012 2025/1236/2008
f 2028/1253/2011 2027/1252/2010 2030/1254/2013
f 2025/1236/2008 2029/1237/2012 2023/1250/2006
f 2030/1255/2013 2026/1251/2009 2028/1253/2011
f 2031/1234/2014 2032/1235/2015 2033/1236/2016
f 2034/1255/2017 2035/1251/2018 2036/1253/2019
f 2032/1235/2015 2037/1237/2020 2033/1236/2016
f 2035/1251/2018 2038/1252/2021 2036/1253/2019
f 2033/1236/2016 2037/1237/2020 2031/1250/2014
f 2036/1253/2019 2038/1252/2021 2034/1254/2017
f 2039/1234/2022 2040/1235/2023 2041/1236/2024
f 2042/1255/2025 2043/1251/2026 2044/1253/2027
f 2040/1235/2023 2045/1237/2028 2041/1236/2024
f 2043/1251/2026 2046/1252/2029 2044/1253/2027
f 2041/1236/2024 2045/1237/2028 2039/1250/2022
f 2044/1253/2027 2046/1252/2029 2042/1254/2025
f 2047/1234/2030 2048/1235/2031 2049/1236/2032
f 2050/1255/2033 2051/1251/2034 2052/1253/2035
f 2048/1235/2031 2053/1237/2036 2049/1236/2032
f 2051/1251/2034 2054/1252/2037 2052/1253/2035
f 2049/1236/2032 2053/1237/2036 2047/1250/2030
f 2052/1253/2035 2054/1252/2037 2050/1254/2033
f 2055/1234/2038 2056/1235/2039 2057/1236/2040
f 2058/1255/2041 2059/1251/2042 2060/1253/2043
f 2056/1235/2039 2061/1237/2044 2057/1236/2040
f 2059/1251/2042 2062/1252/2045 2060/1253/2043
f 2057/1236/2040 2061/1237/2044 2055/1250/2038
f 2060/1253/2043 2062/1252/2045 2058/1254/2041
f 2063/1234/2046 2064/1235/2047 2065/1236/2048
f 2066/1255/2049 2067/1251/2050 2068/1253/2051
f 2064/1235/2047 2069/1237/2052 2065/1236/2048
f 2067/1251/2050 2070/1252/2053 2068/1253/2051
f 2065/1236/2048 2069/1237/2052 2063/1250/2046
f 2068/1253/2051 2070/1252/2053 2066/1254/2049
f 2071/1234/2054 2072/1235/2055 2073/1236/2056
f 2074/1255/2057 2075/1251/2058 2076/1253/2059
f 2072/1235/2055 2077/1237/2060 2073/1236/2056
f 2075/1251/2058 2078/1252/2061 2076/1253/2059
f 2073/1236/2056 2077/1237/2060 2071/1250/2054
f 2076/1253/2059 2078/1252/2061 2074/1254/2057
f 2079/1234/2062 2080/1235/2063 2081/1236/2064
f 2082/1255/2065 2083/1251/2066 2084/1253/2067
f 2080/1235/2063 2085/1237/2068 2081/1236/2064
f 2083/1251/2066 2086/1252/2069 2084/1253/2067
f 2081/1236/2064 2085/1237/2068 2079/1250/2062
f 2084/1253/2067 2086/1252/2069 2082/1254/2065
f 2087/1234/2070 2088/1235/2071 2089/1236/2064
f 2090/1255/2072 2091/1251/2073 2092/1253/2074
f 2088/1235/2071 2093/1237/2075 2089/1236/2064
f 2091/1251/2073 2094/1252/2076 2092/1253/2074
f 2089/1236/2064 2093/1237/2075 2087/1250/2070
f 2092/1253/2074 2094/1252/2076 2090/1254/2072
f 2095/1234/2077 2096/1235/2078 2097/1236/2079
f 2098/1255/2080 2099/1251/2081 2100/1253/2082
f 2096/1235/2078 2101/1237/2083 2097/1236/2079
f 2099/1251/2081 2102/1252/2084 2100/1253/2082
f 2097/1236/2079 2101/1237/2083 2095/1250/2077
f 2100/1253/2082 2102/1252/2084 2098/1254/2080
f 2103/1234/2085 2104/1235/2086 2105/1236/2087
f 2106/1255/2088 2107/1251/2089 2108/1253/2090
f 2104/1235/2086 2109/1237/2091 2105/1236/2087
f 2107/1251/2089 2110/1252/2092 2108/1253/2090
f 2105/1236/2087 2109/1237/2091 2103/1250/2085
f 2108/1253/2090 2110/1252/2092 2106/1254/2088
f 2111/1234/2093 2112/1235/2094 2113/1236/2095
f 2114/1255/2096 2115/1251/2097 2116/1253/2098
f 2112/1235/2094 2117/1237/2099 2113/1236/2095
f 2115/1251/2097 2118/1252/2100 2116/1253/2098
f 2113/1236/2095 2117/1237/2099 2111/1250/2093
f 2116/1253/2098 2118/1252/2100 2114/1254/2096
f 2119/1234/2101 2120/1235/2102 2121/1236/2103
f 2122/1255/2104 2123/1251/2105 2124/1253/2106
f 2120/1235/2102 2125/1237/2107 2121/1236/2103
f 2123/1251/2105 2126/1252/2108 2124/1253/2106
f 2121/1236/2103 2125/1237/2107 2119/1250/2101
f 2124/1253/2106 2126/1252/2108 2122/1254/2104
f 2127/1234/2101 2128/1235/2109 2129/1236/2110
f 2130/1255/2111 2131/1251/2112 2132/1253/2113
f 2128/1235/2109 2133/1237/2114 2129/1236/2110
f 2131/1251/2112 2134/1252/2115 2132/1253/2113
f 2129/1236/2110 2133/1237/2114 2127/1250/2101
f 2132/1253/2113 2134/1252/2115 2130/1254/2111
f 2135/1234/2116 2136/1235/2117 2137/1236/2118
f 2138/1255/2119 2139/1251/2120 2140/1253/2121
f 2136/1235/2117 2141/1237/2122 2137/1236/2118
f 2139/1251/2120 2142/1252/2123 2140/1253/2121
f 2137/1236/2118 2141/1237/2122 2135/1250/2116
f 2140/1253/2121 2142/1252/2123 2138/1254/2119
f 2143/1234/2124 2144/1235/2125 2145/1236/2126
f 2146/1255/2127 2147/1251/2128 2148/1253/2129
f 2144/1235/2125 2149/1237/2130 2145/1236/2126
f 2147/1251/2128 2150/1252/2131 2148/1253/2129
f 2145/1236/2126 2149/1237/2130 2143/1250/2124
f 2148/1253/2129 2150/1252/2131 2146/1254/2127
f 2151/1234/2132 2152/1235/2133 2153/1236/2134
f 2154/1255/2135 2155/1251/2136 2156/1253/2137
f 2152/1235/2133 2157/1237/2138 2153/1236/2134
f 2155/1251/2136 2158/1252/2139 2156/1253/2137
f 2153/1236/2134 2157/1237/2138 2151/1250/2132
f 2156/1253/2137 2158/1252/2139 2154/1254/2135
f 2159/1234/2140 2160/1235/2141 2161/1236/2142
f 2162/1255/2143 2163/1251/2144 2164/1253/2145
f 2160/1235/2141 2165/1237/2146 2161/1236/2142
f 2163/1251/2144 2166/1252/2147 2164/1253/2145
f 2161/1236/2142 2165/1237/2146 2159/1250/2140
f 2164/1253/2145 2166/1252/2147 2162/1254/2143
f 2167/1234/2148 2168/1235/2149 2169/1236/2032
f 2170/1255/2150 2171/1251/2151 2172/1253/2152
f 2168/1235/2149 2173/1237/2153 2169/1236/2032
f 2171/1251/2151 2174/1252/2154 2172/1253/2152
f 2169/1236/2032 2173/1237/2153 2167/1250/2148
f 2172/1253/2152 2174/1252/2154 2170/1254/2150
f 2175/1234/2155 2176/1235/2156 2177/1236/2157
f 2178/1255/2158 2179/1251/2159 2180/1253/2160
f 2176/1235/2156 2181/1237/2161 2177/1236/2157
f 2179/1251/2159 2182/1252/2162 2180/1253/2160
f 2177/1236/2157 2181/1237/2161 2175/1250/2155
f 2180/1253/2160 2182/1252/2162 2178/1254/2158
f 2183/1234/2163 2184/1235/2164 2185/1236/2165
f 2186/1255/2166 2187/1251/2167 2188/1253/2168
f 2184/1235/2164 2189/1237/2169 2185/1236/2165
f 2187/1251/2167 2190/1252/2170 2188/1253/2168
f 2185/1236/2165 2189/1237/2169 2183/1250/2163
f 2188/1253/2168 2190/1252/2170 2186/1254/2166
f 2191/1234/2171 2192/1235/2172 2193/1236/2173
f 2194/1255/2174 2195/1251/2175 2196/1253/2176
f 2192/1235/2172 2197/1237/2177 2193/1236/2173
f 2195/1251/2175 2198/1252/2178 2196/1253/2176
f 2193/1236/2173 2197/1237/2177 2191/1250/2171
f 2196/1253/2176 2198/1252/2178 2194/1254/2174
f 2199/1234/2179 2200/1235/2180 2201/1236/1949
f 2202/1255/2181 2203/1251/2182 2204/1253/2183
f 2200/1235/2180 2205/1237/2184 2201/1236/1949
f 2203/1251/2182 2206/1252/2185 2204/1253/2183
f 2201/1236/1949 2205/1237/2184 2199/1250/2179
f 2204/1253/2183 2206/1252/2185 2202/1254/2181
f 802/1256/797 1528/1257/1514 827/1258/822
f 1574/1259/1560 1528/1257/1514 802/1256/797
f 999/1260/994 984/1261/979 841/1262/836
f 1000/1263/995 984/1261/979 999/1260/994
f 2207/668/2186 985/670/980 984/669/979
f 986/671/981 985/670/980 2207/668/2186
f 987/672/982 986/671/981 2207/668/2186
f 2208/673/2187 987/672/982 2207/668/2186
f 988/674/983 987/672/982 2208/673/2187
f 2209/675/2188 988/674/983 2208/673/2187
f 2005/676/1988 988/674/983 2209/675/2188
f 2210/677/2189 2005/676/1988 2209/675/2188
f 2007/678/1990 2005/676/1988 2210/677/2189
f 2211/679/2190 2007/678/1990 2210/677/2189
f 2009/680/1992 2007/678/1990 2211/679/2190
f 2212/681/2191 2009/680/1992 2211/679/2190
f 2010/682/1993 2009/680/1992 2212/681/2191
f 2213/683/2192 2010/682/1993 2212/681/2191
f 2214/1255/2193 2215/1251/2194 2216/1253/2195
f 1574/1259/1560 802/1256/797 803/1264/798
f 2215/1251/2194 2217/1252/2196 2216/1253/2195
f 815/1265/810 2011/1266/1994 816/1267/811
f 2216/1253/2195 2217/1252/2196 2214/1254/2193
f 984/1261/979 1000/1263/995 985/1268/980
f 2218/1255/2197 2219/1251/2198 2220/1253/2199
f 2011/1266/1994 2010/1265/1993 2213/1267/2192
f 2219/1251/2198 2221/1252/2200 2220/1253/2199
f 2222/1234/2201 2223/1235/2202 2224/1236/2203
f 2220/1253/2199 2221/1252/2200 2218/1254/2197
f 2223/1235/2202 2225/1237/2204 2224/1236/2203
f 2226/1255/2205 2227/1251/2206 2228/1253/2207
f 2224/1236/2203 2225/1237/2204 2222/1250/2201
f 2227/1251/2206 2229/1252/2208 2228/1253/2207
f 2230/1234/2209 2231/1235/2210 2232/1236/2211
f 2228/1253/2207 2229/1252/2208 2226/1254/2205
f 2231/1235/2210 2233/1237/2212 2232/1236/2211
f 2234/1255/2213 2235/1251/2214 2236/1253/2215
f 2232/1236/2211 2233/1237/2212 2230/1250/2209
f 2235/1251/2214 2237/1252/2216 2236/1253/2215
f 822/1269/817 1479/1270/1465 1470/1271/1456
f 1477/1272/1463 1479/1270/1465 822/1269/817
f 1506/1270/1492 817/1269/812 1466/1271/1452
f 1505/1272/1491 817/1269/812 1506/1270/1492
f 2236/1253/2215 2237/1252/2216 2234/1254/2213
f 905/753/900 1216/931/1211 907/755/902
f 1219/790/1214 1216/931/1211 905/753/900
f 903/751/898 1219/790/1214 905/753/900
f 1203/921/1198 1219/790/1214 903/751/898
f 1203/921/1198 1205/923/1200 1219/790/1214
